date,Food,Beer,Smoke,Games,Books,Hshld,Clths,Hlth,Chems,Txtls,Cnstr,Steel,FabPr,ElcEq,Autos,Carry,Mines,Coal,Oil,Util,Telcm,Servs,BusEq,Paper,Trans,Whlsl,Rtail,Meals,Fin,Other
1926-07-31,0.0053,-0.0519,0.0129,0.029300000000000003,0.1097,-0.0049,0.0808,0.018500000000000003,0.0816,0.005,0.0209,0.0406,0.054400000000000004,0.0318,0.1642,0.011000000000000001,0.0564,0.0148,-0.013500000000000002,0.0704,0.0083,0.0932,0.0202,0.077,0.0192,-0.2379,0.0008,0.018799999999999997,-0.0002,0.052000000000000005
1926-08-31,0.0262,0.2703,0.0652,0.0055000000000000005,0.1001,-0.0358,-0.025,0.0417,0.0547,0.0783,0.0471,0.0218,0.0207,0.021,0.0425,0.015700000000000002,0.0055000000000000005,0.009399999999999999,0.0364,-0.017,0.0217,0.0202,0.0443,-0.023700000000000002,0.048499999999999995,0.053899999999999997,-0.0076,-0.0013,0.0426,0.0676
1926-09-30,0.0116,0.04019999999999999,0.0126,0.0664,-0.0097,0.0072,-0.005,0.0069,0.0542,0.023,-0.0053,0.0016,0.0036,-0.005699999999999999,0.050199999999999995,0.027200000000000002,0.0176,0.003,-0.0359,0.020499999999999997,0.0242,0.0227,0.0018,-0.0554,0.0008,-0.0787,0.0025,-0.005600000000000001,-0.0163,-0.0358
1926-10-31,-0.0305,-0.0331,0.010700000000000001,-0.047599999999999996,0.0947,-0.0466,0.0012,-0.005699999999999999,-0.0475,0.009899999999999999,-0.0454,-0.0385,0.0095,-0.057300000000000004,-0.08109999999999999,-0.0556,-0.032,0.022400000000000003,-0.0104,-0.0327,-0.0011,-0.019799999999999998,-0.0109,-0.0508,-0.0263,-0.15380000000000002,-0.0219,-0.041100000000000005,-0.0552,-0.08470000000000001
1926-11-30,0.0636,0.0729,0.045599999999999995,0.0166,-0.0587,-0.0053,0.0187,0.054299999999999994,0.0518,0.0319,0.022000000000000002,0.0421,0.0335,0.0508,-0.006500000000000001,0.0787,0.08460000000000001,-0.0048,0.0005,0.044000000000000004,0.0163,0.0377,0.0364,0.0385,0.0161,0.0467,0.0654,0.0433,0.0254,0.0416
1926-12-31,-0.0051,-0.0409,0.0255,0.0219,0.0052,0.0256,0.004699999999999999,0.0009,0.0554,0.0588,0.0354,0.0339,0.050199999999999995,-0.024900000000000002,0.105,0.024700000000000003,0.018500000000000003,0.0143,0.0294,-0.0018,0.0199,0.062,0.0724,-0.0463,0.0368,0.0965,0.005699999999999999,0.0151,0.0216,-0.024399999999999998
1927-01-31,-0.0084,0.0059,-0.0033,0.0187,0.0967,0.0407,-0.0092,0.0507,0.0023,-0.0146,-0.018799999999999997,-0.0038,0.011899999999999999,-0.0102,-0.008199999999999999,-0.0060999999999999995,0.0417,-0.030699999999999998,0.0167,-0.0179,0.018799999999999997,0.021,-0.014499999999999999,-0.024900000000000002,0.014199999999999999,-0.1793,-0.0269,0.0166,-0.020499999999999997,-0.041299999999999996
1927-02-28,0.044199999999999996,0.1283,0.0149,0.0163,0.0141,0.045599999999999995,0.0278,0.0171,0.0969,0.0764,0.0417,0.036699999999999997,0.0787,0.043,0.0962,0.046,0.052000000000000005,0.0564,0.011200000000000002,0.0454,0.0397,0.08900000000000001,0.048499999999999995,0.0545,0.052000000000000005,0.0349,0.0349,0.0673,0.0271,0.0027
1927-03-31,0.021,-0.1356,0.0559,0.009899999999999999,-0.0028000000000000004,-0.0008,0.0091,0.0101,0.0616,-0.053899999999999997,0.0348,0.0148,-0.0223,0.0040999999999999995,0.015600000000000001,-0.0176,0.045599999999999995,0.0538,-0.0703,0.0037,0.0562,-0.078,0.0432,-0.0966,0.0096,-0.2047,-0.003,-0.0345,0.009000000000000001,0.022799999999999997
1927-04-30,0.0273,0.0286,0.0444,-0.0377,-0.0096,0.0143,0.059500000000000004,0.0274,0.0294,0.004699999999999999,-0.0096,-0.0034000000000000002,0.0182,0.0629,0.028999999999999998,-0.0075,0.0292,0.011000000000000001,-0.0579,0.0171,-0.0207,0.0347,0.031,0.049,0.0077,-0.1075,0.0438,0.0706,0.0246,0.0471
1927-05-31,0.0613,0.1162,0.1213,0.0017000000000000001,0.0313,0.105,0.0338,0.041299999999999996,0.0385,0.1411,0.0745,0.0322,0.0875,0.0823,0.0556,0.1103,0.0025,0.0311,0.0496,0.09230000000000001,0.0335,0.1822,0.051,0.053899999999999997,0.0707,-0.0401,0.0225,0.046900000000000004,0.1003,0.0163
1927-06-30,-0.0223,0.1005,-0.0269,-0.078,0.1267,-0.030299999999999997,0.011899999999999999,0.0054,-0.0174,0.0147,-0.0461,-0.0352,-0.0229,0.035,-0.0339,-0.0392,-0.0196,-0.0335,-0.0313,-0.0358,-0.0216,-0.0662,0.0273,0.0542,-0.0204,-0.0418,-0.006999999999999999,0.0132,-0.0007000000000000001,-0.0382
1927-07-31,0.0504,0.0452,0.043899999999999995,0.011399999999999999,0.0178,0.054900000000000004,0.0621,0.0984,0.1772,0.0482,0.0635,0.1035,0.09609999999999999,0.1469,0.1373,0.1198,0.0874,0.0219,0.0292,0.055,0.0373,0.0215,0.0688,0.1202,0.0602,0.11109999999999999,0.1013,0.046799999999999994,0.0649,0.0681
1927-08-31,0.0233,-0.0398,0.0383,0.0622,0.0546,0.005,0.011899999999999999,0.0027,0.021,0.0049,-0.011699999999999999,0.0436,0.0089,0.0706,0.0737,0.0398,0.011699999999999999,0.024300000000000002,-0.0026,0.0326,0.0043,0.0806,0.0159,0.037599999999999995,-0.0165,-0.0258,0.07690000000000001,0.0055000000000000005,0.0183,0.0592
1927-09-30,0.060599999999999994,0.0701,0.0464,0.042300000000000004,0.1007,0.0253,0.0467,0.056600000000000004,0.059699999999999996,0.0215,0.0455,0.0296,0.053,0.0012,0.06269999999999999,0.0373,0.0675,0.0147,0.0348,0.08289999999999999,0.0655,0.021400000000000002,0.0417,0.0337,0.0431,0.055999999999999994,0.076,0.0596,0.0594,0.0043
1927-10-31,-0.0246,-0.008100000000000001,-0.0012,0.0026,0.0263,-0.0183,0.1093,0.051399999999999994,-0.0747,-0.026699999999999998,-0.0454,-0.0784,-0.0521,-0.0824,-0.0455,-0.06709999999999999,-0.0317,-0.0556,-0.0174,-0.0435,-0.0209,0.0495,-0.0466,0.0014000000000000002,-0.0463,-0.21780000000000002,-0.0504,-0.0175,0.0401,-0.047599999999999996
1927-11-30,0.0717,0.10289999999999999,0.06480000000000001,0.0359,0.16620000000000001,0.0271,-0.0045000000000000005,0.0368,0.0904,0.057699999999999994,0.0553,0.1246,0.11539999999999999,0.113,0.0675,0.0814,0.0824,0.077,0.038900000000000004,0.0633,0.028300000000000002,0.0229,0.0942,0.1693,0.0391,-0.013000000000000001,0.12140000000000001,0.03,0.0794,0.12539999999999998
1927-12-31,0.0355,0.1272,0.0106,0.0287,0.030899999999999997,0.1035,0.0024,-0.004699999999999999,-0.0023,0.0268,0.0005,0.0587,0.029300000000000003,0.012,0.07690000000000001,0.0278,0.1329,-0.0333,0.0006,0.022400000000000003,0.013300000000000001,-0.0783,0.0132,0.0104,0.0008,0.11449999999999999,-0.0066,-0.0158,0.1117,0.010700000000000001
1928-01-31,0.0253,0.0064,-0.0268,-0.0037,0.0516,0.036699999999999997,0.0664,0.027000000000000003,-0.0108,-0.0106,0.0184,-0.0242,-0.0124,-0.0101,-0.0315,0.04190000000000001,-0.014499999999999999,-0.0381,-0.0171,0.0588,0.0029,0.0319,0.0118,0.0151,-0.0123,-0.0095,-0.0085,-0.0158,0.0149,-0.0338
1928-02-29,-0.0296,-0.052199999999999996,-0.054400000000000004,-0.0091,-0.0175,-0.0003,-0.0245,-0.0344,0.0073,-0.0499,0.0158,-0.0274,-0.0274,-0.0146,0.0095,-0.046,-0.0758,-0.013300000000000001,-0.0008,-0.0077,-0.003,-0.030699999999999998,0.020099999999999996,0.0086,-0.0134,-0.08289999999999999,-0.0104,-0.026000000000000002,-0.028900000000000002,-0.0269
1928-03-31,0.0512,0.1447,0.0235,0.0886,0.0527,0.1003,0.0401,0.09939999999999999,0.1323,0.0776,0.0661,0.06280000000000001,0.0638,0.2621,0.2787,0.0653,0.07440000000000001,0.052199999999999996,0.0565,0.0665,0.0197,-0.024399999999999998,0.0322,0.1108,0.0564,0.0812,0.0866,0.0349,0.09570000000000001,0.0885
1928-04-30,0.0269,0.0487,-0.058899999999999994,0.054000000000000006,0.21230000000000002,0.0359,0.0992,0.0235,-0.0026,-0.048499999999999995,0.028999999999999998,0.0143,0.0348,0.024399999999999998,0.0109,0.023,-0.0058,0.0194,0.16399999999999998,0.1096,0.0313,0.0239,0.0161,-0.0025,0.0446,-0.058499999999999996,0.0,0.004699999999999999,0.0935,0.10949999999999999
1928-05-31,0.016,0.0548,-0.0007000000000000001,0.0187,0.17679999999999998,-0.0252,-0.009300000000000001,0.09300000000000001,0.0298,-0.052300000000000006,-0.0043,0.0552,0.0478,0.0176,0.0591,-0.016399999999999998,0.0116,0.0049,-0.0579,0.015,0.06570000000000001,0.0079,0.0388,0.0613,-0.0043,0.0795,0.0345,0.1413,0.0169,-0.0078000000000000005
1928-06-30,-0.0395,-0.0421,-0.042199999999999994,-0.050300000000000004,-0.1076,-0.0667,-0.0718,-0.031200000000000002,-0.029900000000000003,-0.1059,-0.0385,-0.0584,-0.0317,-0.0567,-0.041299999999999996,-0.0594,-0.0356,-0.0608,-0.0392,-0.0344,-0.0521,-0.0525,-0.0305,-0.0574,-0.0398,-0.0741,-0.034,-0.0279,-0.1074,-0.1195
1928-07-31,0.010700000000000001,0.0072,0.0335,0.0155,0.011399999999999999,0.0062,0.0053,0.024,0.0183,-0.0371,0.019299999999999998,0.0274,0.0040999999999999995,-0.0101,0.0132,-0.0155,-0.0126,-0.0103,0.0118,-0.0123,-0.0128,-0.050300000000000004,0.053399999999999996,0.0434,-0.0033,0.004,0.057300000000000004,-0.006,0.0033,-0.008
1928-08-31,0.0786,0.124,0.0381,0.09480000000000001,0.06480000000000001,0.0962,0.0019,0.1472,0.0889,0.0137,0.043899999999999995,0.0964,0.076,0.12300000000000001,0.0915,0.0594,0.0819,0.0184,0.0245,0.06480000000000001,0.0455,0.1516,0.0302,0.1273,0.0403,0.0406,0.13720000000000002,0.12380000000000001,0.0516,0.1284
1928-09-30,0.0176,0.0026,-0.0039000000000000003,0.1103,-0.023700000000000002,0.1048,-0.011399999999999999,-0.011399999999999999,0.038,0.0417,0.053099999999999994,0.0559,0.0382,0.0028000000000000004,0.0823,-0.0043,0.030600000000000002,-0.010700000000000001,0.0575,0.0379,0.0014000000000000002,-0.0018,0.0182,-0.016200000000000003,0.0032,0.0105,0.0016,-0.0002,0.0263,-0.0406
1928-10-31,-0.0048,0.0405,0.0345,-0.0121,0.056100000000000004,0.0815,-0.0356,0.0005,0.052300000000000006,0.06,0.0591,0.06509999999999999,0.0213,0.021099999999999997,-0.0004,-0.013000000000000001,0.034,-0.017,0.0226,-0.0191,0.0297,0.051699999999999996,0.0113,-0.0547,-0.0131,0.1856,0.061,-0.022000000000000002,0.015,-0.0521
1928-11-30,0.06559999999999999,0.057,0.0681,0.10400000000000001,0.0101,0.16579999999999998,0.0254,0.050499999999999996,0.12390000000000001,0.0915,0.0935,0.1491,0.158,0.235,0.0472,0.1013,0.15109999999999998,0.0632,0.179,0.22010000000000002,0.0668,0.1777,0.0823,0.051100000000000007,0.09300000000000001,0.1195,0.15539999999999998,0.0955,0.1018,0.037599999999999995
1928-12-31,0.006500000000000001,-0.0384,-0.0141,-0.0063,-0.004699999999999999,-0.0358,-0.0033,-0.0046,0.023399999999999997,-0.0588,0.0113,0.0392,0.0334,0.07139999999999999,-0.0002,0.0137,0.0199,-0.0059,-0.045599999999999995,0.0154,-0.0036,-0.0762,0.075,0.0179,0.0024,-0.0385,-0.0123,-0.0308,0.006500000000000001,-0.126
1929-01-31,0.0346,0.0958,0.0331,0.1026,0.0151,0.0663,-0.018799999999999997,0.0341,0.2289,-0.0128,0.0793,0.078,0.12179999999999999,0.12789999999999999,0.0097,0.0088,0.0848,0.0174,-0.0809,0.133,0.1338,-0.0022,0.028399999999999998,0.0558,0.0471,-0.0495,-0.0397,-0.0012,0.0852,0.0121
1929-02-28,-0.0169,-0.0406,-0.0434,0.0115,-0.0149,-0.0692,-0.0407,0.0004,-0.0019,0.0236,-0.0339,0.0883,0.0121,-0.0184,0.0045000000000000005,0.0092,0.08439999999999999,0.0074,-0.0022,-0.0199,-0.0115,0.1112,0.0144,0.0626,-0.0144,-0.0319,-0.025,0.0016,0.0092,-0.0625
1929-03-31,-0.0472,-0.028999999999999998,-0.0425,-0.09849999999999999,-0.0707,-0.07690000000000001,-0.0565,-0.015,-0.0338,-0.073,-0.061399999999999996,-0.0009,-0.04190000000000001,0.0567,-0.0134,0.006999999999999999,0.04019999999999999,-0.0653,0.1219,-0.0318,0.0432,-0.010700000000000001,0.019299999999999998,0.0152,-0.0288,-0.09570000000000001,-0.051399999999999994,-0.0355,-0.0115,-0.0741
1929-04-30,0.0361,0.1374,-0.023700000000000002,0.0066,0.0173,0.005600000000000001,0.0414,0.0148,0.0377,0.0275,0.0373,0.0115,0.042300000000000004,0.0106,-0.0123,-0.0028000000000000004,-0.057800000000000004,-0.022000000000000002,0.0089,0.050199999999999995,0.0339,0.0354,0.042800000000000005,0.0791,0.013300000000000001,0.0354,0.0356,0.10369999999999999,0.0326,-0.1073
1929-05-31,-0.0509,-0.11,-0.0024,-0.0897,0.0031,-0.1038,-0.0661,-0.0789,-0.0702,-0.1388,-0.0692,-0.1242,-0.0969,0.0083,-0.15259999999999999,-0.077,-0.1099,-0.0499,-0.0562,0.046799999999999994,-0.0877,-0.0512,-0.013500000000000002,-0.08199999999999999,0.0248,-0.0654,-0.08869999999999999,-0.0292,-0.0588,-0.1322
1929-06-30,0.0803,0.1252,-0.0014000000000000002,0.0698,0.10679999999999999,0.14730000000000001,0.056100000000000004,0.0453,0.1997,0.024900000000000002,0.0495,0.10710000000000001,0.15259999999999999,0.19269999999999998,0.06860000000000001,0.1076,0.0241,0.0219,0.0108,0.2348,0.138,0.18960000000000002,0.1001,0.1259,0.0601,-0.0297,0.0925,0.19140000000000001,0.0633,0.0508
1929-07-31,0.0487,0.0159,0.020499999999999997,-0.0218,0.0088,0.0652,-0.039900000000000005,0.026000000000000002,0.051100000000000007,-0.0366,0.0554,0.0347,0.0554,0.10099999999999999,-0.0394,0.049,-0.023700000000000002,0.19940000000000002,-0.0086,0.0917,0.1368,-0.0073,0.0572,0.0681,0.08289999999999999,-0.030299999999999997,0.0106,0.0183,0.0839,0.0449
1929-08-31,0.0418,0.09789999999999999,0.0819,0.062400000000000004,0.0149,0.0353,0.0096,0.0313,0.1182,0.0024,0.028399999999999998,0.1182,0.1032,0.1338,0.0207,0.0202,0.0892,0.0526,0.1175,0.0901,0.10980000000000001,-0.0371,0.0898,0.0947,0.0833,-0.0579,0.0819,0.0472,0.0542,-0.029900000000000003
1929-09-30,-0.022799999999999997,-0.0226,-0.0751,-0.0163,-0.0167,0.0678,-0.0416,-0.0704,-0.068,-0.032799999999999996,-0.029900000000000003,-0.0897,-0.057699999999999994,-0.1148,-0.0901,-0.09140000000000001,-0.0482,-0.0206,-0.031,0.0092,-0.0138,0.3876,0.098,-0.045899999999999996,-0.07719999999999999,-0.0066,-0.056299999999999996,-0.032400000000000005,-0.052000000000000005,-0.0018
1929-10-31,-0.1452,-0.2642,0.0231,-0.1968,-0.1259,-0.3406,-0.1158,-0.1804,-0.2469,-0.2254,-0.1699,-0.1557,-0.2256,-0.30219999999999997,-0.2816,-0.2184,-0.1304,-0.0805,-0.10289999999999999,-0.29719999999999996,-0.1539,-0.1361,-0.1902,-0.1516,-0.0812,-0.2329,-0.2416,-0.196,-0.2933,-0.32630000000000003
1929-11-30,-0.0973,-0.1185,-0.0616,-0.1555,-0.0341,-0.1284,-0.0747,-0.0785,-0.1604,-0.145,-0.10640000000000001,-0.1382,-0.1386,-0.18350000000000002,-0.17679999999999998,-0.1011,-0.15,-0.0315,-0.0658,-0.1537,-0.0947,-0.0998,-0.21969999999999998,-0.1386,-0.07780000000000001,-0.0667,-0.1247,-0.10279999999999999,-0.1417,-0.1524
1929-12-31,-0.0021,0.0204,0.0269,-0.0758,0.0143,0.010700000000000001,0.0369,0.0109,0.0635,-0.0634,-0.0132,-0.0044,0.0327,0.1283,0.039900000000000005,0.0315,-0.0182,-0.056299999999999996,-0.0088,0.0816,0.0106,-0.2218,0.042,-0.0031,0.0001,-0.0236,-0.06480000000000001,0.037599999999999995,0.0005,-0.0866
1930-01-31,0.0513,-0.0876,0.0862,0.2402,0.0216,0.1033,0.035699999999999996,0.0255,0.0818,0.1047,0.0719,0.056900000000000006,0.08439999999999999,0.10949999999999999,0.0639,0.024,0.0608,0.0037,-0.008199999999999999,0.0851,0.012,-0.2955,0.0943,0.0757,0.0388,0.0472,0.0444,0.1174,0.0974,0.31670000000000004
1930-02-28,0.0,0.0115,0.0556,0.17329999999999998,0.07139999999999999,-0.08900000000000001,-0.0031,0.0229,0.0246,0.057300000000000004,0.006,0.0009,0.0473,0.0783,0.036000000000000004,0.0632,-0.0095,0.045,-0.0506,0.08650000000000001,0.0706,0.589,0.0746,0.0834,0.0207,-0.0462,-0.0536,0.0016,0.0617,-0.0187
1930-03-31,0.0102,-0.08259999999999999,0.043,0.15960000000000002,0.0242,-0.0016,0.075,0.0637,0.10300000000000001,-0.026699999999999998,0.0358,0.0554,0.052199999999999996,0.0916,0.12689999999999999,0.058499999999999996,0.0177,0.01,0.19210000000000002,0.09849999999999999,0.0888,-0.0672,0.045,0.061500000000000006,0.0394,-0.049100000000000005,-0.0274,0.049100000000000005,0.0883,0.0626
1930-04-30,0.0326,-0.1137,-0.028900000000000002,0.0433,0.0089,-0.0158,-0.0101,-0.0127,-0.053099999999999994,-0.0992,-0.0541,-0.1329,0.0623,0.0297,-0.0864,-0.0654,-0.1364,-0.08460000000000001,0.0731,0.0331,-0.0452,0.0699,-0.0177,-0.025099999999999997,-0.0712,0.0467,0.0258,0.024399999999999998,-0.0392,-0.032400000000000005
1930-05-31,0.018799999999999997,-0.0045000000000000005,0.0181,-0.0353,-0.0101,-0.0745,-0.0417,-0.0152,-0.023399999999999997,-0.057699999999999994,-0.013300000000000001,0.0016,-0.0593,-0.049,0.051100000000000007,-0.057300000000000004,0.054000000000000006,-0.020099999999999996,-0.0382,-0.0128,0.004,-0.2069,-0.024399999999999998,-0.0021,-0.0044,-0.0832,0.0007000000000000001,-0.018600000000000002,-0.0562,-0.0814
1930-06-30,-0.11599999999999999,-0.2919,-0.08839999999999999,-0.24350000000000002,-0.1182,-0.24609999999999999,-0.1253,-0.1193,-0.1777,-0.1827,-0.18760000000000002,-0.1245,-0.1684,-0.2007,-0.22719999999999999,-0.1779,-0.08,-0.1164,-0.157,-0.193,-0.0832,-0.0409,-0.1848,-0.1696,-0.0993,-0.24100000000000002,-0.161,-0.1725,-0.21710000000000002,-0.1805
1930-07-31,0.0323,0.0158,0.029300000000000003,0.028300000000000002,0.0364,0.0584,0.0323,0.0652,0.0545,0.0538,0.0775,0.0342,0.030299999999999997,0.039900000000000005,0.1183,0.0481,0.0366,-0.0146,0.0552,0.0408,0.0127,0.018799999999999997,0.0438,0.0751,0.0323,-0.013000000000000001,0.0278,0.0279,0.0436,0.0849
1930-08-31,0.0163,0.0924,0.046900000000000004,0.0371,-0.0218,0.0063,-0.0288,0.07769999999999999,0.0435,-0.014499999999999999,-0.026600000000000002,-0.0246,0.0098,0.0163,-0.0223,0.0034000000000000002,-0.13140000000000002,0.024,-0.034,0.011899999999999999,0.0174,0.0576,0.0444,-0.0144,0.0031,-0.0771,0.0545,0.0178,0.0128,-0.0085
1930-09-30,-0.1012,-0.12279999999999999,-0.0882,-0.1832,-0.0169,-0.1056,-0.0352,-0.0875,-0.1417,-0.1307,-0.1586,-0.1383,-0.16620000000000001,-0.20120000000000002,-0.1649,-0.1772,-0.09269999999999999,-0.058899999999999994,-0.16,-0.11939999999999999,-0.053,-0.0666,-0.1148,-0.1283,-0.08439999999999999,-0.09720000000000001,-0.10830000000000001,-0.1406,-0.1833,-0.1814
1930-10-31,-0.048799999999999996,-0.013000000000000001,-0.04769999999999999,-0.0885,-0.0885,-0.0464,-0.05,-0.0437,-0.1233,-0.0371,-0.1446,-0.0803,-0.1076,-0.1864,-0.11230000000000001,-0.11710000000000001,-0.106,-0.1158,-0.0825,-0.08289999999999999,-0.0412,0.0027,-0.1301,-0.030899999999999997,-0.0675,-0.06,-0.0861,-0.1038,-0.1549,-0.1471
1930-11-30,0.0103,0.0354,-0.0091,-0.0644,-0.0298,-0.018500000000000003,0.015,-0.0311,0.0009,-0.0451,-0.0277,-0.0104,-0.0062,-0.0361,0.0587,0.0337,0.0453,-0.0962,-0.0342,-0.0876,-0.0327,-0.0666,-0.021,0.0023,-0.054299999999999994,0.0275,0.0301,-0.0246,-0.0842,0.0215
1930-12-31,-0.048499999999999995,-0.1158,-0.0313,-0.15289999999999998,-0.0501,-0.061500000000000006,-0.0751,-0.0692,-0.0472,-0.0601,-0.12480000000000001,-0.08929999999999999,-0.0955,-0.12050000000000001,-0.0158,-0.1422,-0.084,-0.0886,-0.12710000000000002,-0.0368,-0.0379,0.01,-0.0681,-0.0581,-0.0797,-0.04019999999999999,-0.1387,-0.0818,-0.1252,-0.1324
1931-01-31,0.0554,0.0681,0.0636,0.16190000000000002,0.0178,0.0877,-0.0021,0.0824,-0.006999999999999999,0.1338,0.0605,0.030899999999999997,0.0565,0.050499999999999996,0.0706,0.11289999999999999,0.0699,0.1425,0.054000000000000006,0.056100000000000004,0.0479,0.0584,0.0584,0.028900000000000002,0.11710000000000001,0.0487,0.0723,0.0702,0.1839,0.1764
1931-02-28,0.0705,0.1675,0.0694,0.0843,0.021,0.0622,0.0282,0.0783,0.1358,0.15439999999999998,0.1433,0.1456,0.11810000000000001,0.2506,0.1734,0.11560000000000001,0.1416,-0.005600000000000001,0.0634,0.1531,0.059500000000000004,0.020499999999999997,0.1451,0.1286,0.0226,-0.020499999999999997,0.1534,0.1112,0.17309999999999998,0.1624
1931-03-31,-0.0256,-0.2668,0.0018,-0.0575,-0.0161,-0.0374,0.0138,0.0179,-0.0727,-0.031,-0.0635,-0.0788,-0.0827,-0.08,-0.04190000000000001,-0.0808,-0.0676,-0.12890000000000001,-0.1464,-0.0286,-0.0361,0.0109,-0.07139999999999999,-0.0042,-0.1048,-0.0319,-0.0333,-0.0552,-0.0858,0.1711
1931-04-30,-0.0849,-0.20879999999999999,0.026699999999999998,-0.2733,-0.0983,-0.0426,-0.0827,-0.0362,-0.1285,-0.12140000000000001,-0.1375,-0.1697,-0.15789999999999998,-0.1465,-0.0774,-0.1656,-0.1285,-0.1001,-0.1399,-0.0904,-0.0425,-0.013300000000000001,-0.0799,-0.0825,-0.0732,-0.043899999999999995,-0.0449,-0.127,-0.1577,-0.1864
1931-05-31,-0.12240000000000001,-0.0966,-0.1121,-0.2378,-0.10679999999999999,-0.10949999999999999,-0.0052,-0.1036,-0.1201,-0.0756,-0.1575,-0.2091,-0.1912,-0.11470000000000001,-0.1613,-0.1659,-0.0858,-0.1865,-0.11789999999999999,-0.1117,-0.0894,-0.5064,-0.1721,-0.1512,-0.1724,-0.152,-0.0287,-0.0623,-0.18489999999999998,-0.07629999999999999
1931-06-30,0.1061,0.10210000000000001,0.1264,0.2275,0.0173,0.0767,0.1211,0.09720000000000001,0.19519999999999998,0.08410000000000001,0.1491,0.1954,0.12390000000000001,0.1861,0.1515,0.21530000000000002,0.0704,0.2228,0.1718,0.1093,0.1032,0.0151,0.19260000000000002,0.154,0.1624,0.0292,0.08039999999999999,0.049800000000000004,0.2377,0.13970000000000002
1931-07-31,-0.04019999999999999,-0.09960000000000001,-0.0349,-0.08789999999999999,-0.030299999999999997,-0.0173,-0.0331,0.026099999999999998,-0.0634,-0.0562,-0.1001,-0.1518,-0.1217,-0.10339999999999999,-0.0239,-0.0913,-0.08130000000000001,-0.1636,-0.029900000000000003,-0.0541,-0.0487,-0.015300000000000001,-0.1058,-0.1272,-0.1051,-0.08109999999999999,-0.0121,-0.08199999999999999,-0.08839999999999999,0.0172
1931-08-31,0.0155,0.1382,-0.0354,0.0708,-0.0623,-0.0104,-0.025,0.0039000000000000003,0.0147,0.0031,-0.029500000000000002,0.0055000000000000005,-0.0175,0.038,-0.0278,-0.0305,0.025699999999999997,-0.028900000000000002,0.1002,0.0,0.008199999999999999,0.0019,0.0344,0.0101,-0.0687,0.0137,0.0316,0.011000000000000001,0.0038,-0.0033
1931-09-30,-0.28859999999999997,-0.25170000000000003,-0.21780000000000002,-0.42579999999999996,-0.2225,-0.3497,-0.0833,-0.2959,-0.3089,-0.2161,-0.3194,-0.2717,-0.33409999999999995,-0.3456,-0.3493,-0.3104,-0.3177,-0.31370000000000003,-0.305,-0.29600000000000004,-0.217,-0.1675,-0.3204,-0.2377,-0.20929999999999999,-0.2627,-0.3057,-0.2731,-0.4025,-0.2635
1931-10-31,0.1079,0.2526,0.0608,0.1898,-0.1796,0.1636,-0.024700000000000003,0.1127,0.0533,0.0277,0.0447,0.018799999999999997,0.0907,0.11869999999999999,0.12279999999999999,0.1319,0.1704,0.028999999999999998,0.1549,0.1048,0.0434,0.0241,0.099,0.1164,-0.0281,0.0742,0.1436,0.11109999999999999,0.1202,0.0381
1931-11-30,-0.0308,-0.1066,-0.0617,-0.3043,-0.10279999999999999,-0.0774,-0.0131,-0.028300000000000002,-0.051,-0.1014,-0.08789999999999999,-0.0949,-0.0732,-0.15869999999999998,-0.039,-0.1297,-0.1369,-0.17629999999999998,-0.0843,-0.0481,-0.06860000000000001,-0.0316,-0.08869999999999999,-0.0999,-0.2152,-0.1778,-0.0935,-0.1457,-0.1118,-0.034300000000000004
1931-12-31,-0.1072,-0.0783,-0.0634,-0.30269999999999997,-0.2107,-0.09179999999999999,-0.1422,-0.040999999999999995,-0.063,-0.0661,-0.1775,-0.257,-0.1761,-0.1422,-0.08259999999999999,-0.1675,-0.0753,-0.2285,-0.1884,-0.1325,-0.08,-0.214,-0.1175,-0.1216,-0.1501,-0.3054,-0.1532,-0.1343,-0.2116,-0.1359
1932-01-31,-0.015700000000000002,-0.059699999999999996,0.0817,0.1699,-0.053399999999999996,0.013500000000000002,0.048,-0.026600000000000002,-0.058600000000000006,0.0101,-0.0055000000000000005,0.0316,0.016399999999999998,-0.1422,-0.0787,0.1232,0.056900000000000006,0.0581,-0.0518,-0.0253,-0.0404,-0.008,-0.0356,-0.0066,0.08070000000000001,-0.0034000000000000002,0.011399999999999999,-0.038599999999999995,0.0375,0.053399999999999996
1932-02-29,0.07490000000000001,0.17800000000000002,0.0394,0.0623,-0.0126,0.029300000000000003,0.0111,0.02,0.0888,0.031200000000000002,0.1025,0.048799999999999996,-0.0138,0.0859,0.0195,0.0163,-0.030299999999999997,-0.0355,0.09119999999999999,0.0708,0.11630000000000001,0.0209,0.0052,0.1173,-0.042,0.0747,0.0397,0.07429999999999999,0.1361,0.0349
1932-03-31,-0.0722,-0.11289999999999999,-0.0492,-0.22460000000000002,-0.1173,-0.1673,-0.023700000000000002,-0.065,-0.1168,-0.0398,-0.1416,-0.1649,-0.12619999999999998,-0.1728,-0.22149999999999997,-0.2147,-0.058499999999999996,-0.1684,-0.0067,-0.10400000000000001,-0.1013,-0.0144,-0.0708,-0.0833,-0.1796,-0.1972,-0.0862,-0.0731,-0.15410000000000001,-0.1435
1932-04-30,-0.1325,-0.09820000000000001,-0.09910000000000001,-0.2396,-0.1417,-0.0867,-0.0554,-0.1977,-0.3337,-0.12210000000000001,-0.1594,-0.1946,-0.2028,-0.2297,-0.2857,-0.15289999999999998,-0.1487,-0.1797,-0.1417,-0.1565,-0.12390000000000001,-0.0495,-0.2707,-0.293,-0.24789999999999998,-0.1121,-0.15259999999999999,-0.19760000000000003,-0.1891,-0.17190000000000003
1932-05-31,-0.2253,-0.253,-0.2175,-0.4422,-0.2643,-0.2102,-0.0341,-0.3477,-0.102,-0.23149999999999998,-0.1837,-0.22699999999999998,-0.21309999999999998,-0.33740000000000003,-0.1864,-0.25,-0.1116,-0.2147,-0.0492,-0.2729,-0.1081,-0.0219,-0.1553,-0.15710000000000002,-0.34740000000000004,-0.2597,-0.2955,-0.2611,-0.3044,-0.1481
1932-06-30,-0.0039000000000000003,0.19260000000000002,0.057999999999999996,0.1105,-0.23399999999999999,-0.15689999999999998,-0.050199999999999995,0.10869999999999999,-0.0507,-0.044000000000000004,0.030899999999999997,0.0204,-0.0579,0.1012,-0.07440000000000001,0.0965,-0.10210000000000001,-0.034300000000000004,0.061500000000000006,0.0146,-0.0971,-0.2018,0.0048,-0.0362,-0.022099999999999998,-0.0696,-0.0039000000000000003,-0.0021,0.0611,-0.0196
1932-07-31,0.3071,0.196,0.2468,0.6615000000000001,0.45799999999999996,0.3486,-0.21,0.2921,0.2914,0.3031,0.3467,0.6213000000000001,0.43689999999999996,0.5549000000000001,0.446,0.4549,0.4612,0.5622,0.33520000000000005,0.2942,0.16699999999999998,0.24559999999999998,0.1935,0.21489999999999998,0.6133,0.1636,0.2737,0.254,0.5205,0.3054
1932-08-31,0.24230000000000002,0.40149999999999997,0.1766,0.6668000000000001,0.4045,0.2643,0.2722,0.3614,0.3638,0.6201,0.3759,0.591,0.5213,0.5001,0.4857,0.4482,0.29600000000000004,1.2543,0.1729,0.4355,0.2817,-0.0078000000000000005,0.3323,0.4351,0.6536,0.7108,0.331,0.245,0.5947,0.3789
1932-09-30,-0.0141,-0.0305,0.0011,-0.1024,0.009899999999999999,0.0024,0.0128,-0.1193,0.0575,-0.1275,0.023399999999999997,-0.10039999999999999,-0.0414,-0.0601,0.057699999999999994,0.1027,-0.056799999999999996,-0.059000000000000004,-0.1059,-0.04650000000000001,0.0031,-0.0181,-0.042699999999999995,-0.030899999999999997,-0.0258,0.1499,0.03,0.0134,-0.0698,-0.0987
1932-10-31,-0.0944,-0.1267,-0.1398,-0.2597,-0.2253,-0.1094,-0.08710000000000001,-0.1856,-0.16149999999999998,-0.12990000000000002,-0.15689999999999998,-0.1582,-0.2238,-0.21309999999999998,-0.2462,-0.2127,-0.0713,-0.21239999999999998,-0.03,-0.10830000000000001,-0.08130000000000001,-0.0279,-0.11779999999999999,-0.0393,-0.1962,-0.2016,-0.12539999999999998,-0.1421,-0.17170000000000002,-0.0823
1932-11-30,-0.0665,-0.0526,-0.0851,-0.1051,-0.039,-0.0533,-0.042199999999999994,0.0533,-0.0171,-0.09630000000000001,-0.06,-0.225,-0.0664,-0.09380000000000001,-0.030699999999999998,-0.0691,0.0232,-0.1943,-0.0403,-0.0362,-0.0113,0.0024,-0.050199999999999995,-0.0282,-0.0959,-0.1038,-0.0554,-0.066,-0.0339,-0.09939999999999999
1932-12-31,0.07200000000000001,0.06509999999999999,0.008199999999999999,-0.1267,-0.1173,0.0158,-0.016200000000000003,0.0678,0.1307,-0.0688,0.0098,-0.08310000000000001,0.0275,0.0735,0.0526,0.061399999999999996,-0.0155,-0.0725,0.0034000000000000002,0.0915,0.0368,-0.015,0.0756,0.0926,0.0587,-0.1007,0.0512,0.0366,0.0886,-0.036699999999999997
1933-01-31,0.0066,-0.1551,0.11410000000000001,-0.2421,0.0068000000000000005,-0.0735,0.1058,-0.011399999999999999,0.0416,-0.030600000000000002,-0.0108,0.0264,0.0669,0.0033,0.0083,0.1051,-0.0018,0.0949,-0.0327,-0.044000000000000004,0.0031,0.09119999999999999,0.042800000000000005,0.105,0.1434,-0.063,-0.0265,0.0909,0.0151,-0.013999999999999999
1933-02-28,-0.0968,-0.1159,-0.0855,-0.1945,-0.2079,-0.2121,-0.045,-0.1096,-0.1646,-0.0646,-0.1674,-0.1704,-0.23370000000000002,-0.22440000000000002,-0.2506,-0.1773,-0.0818,-0.2341,-0.13019999999999998,-0.1991,-0.07769999999999999,-0.10679999999999999,-0.1413,-0.128,-0.16390000000000002,-0.078,-0.1819,-0.18239999999999998,-0.20149999999999998,-0.06269999999999999
1933-03-31,0.1213,0.2552,0.0786,-0.14800000000000002,0.158,0.1159,0.08869999999999999,-0.0321,0.0504,0.0255,0.1257,0.1462,0.23920000000000002,0.0717,0.09609999999999999,0.1315,0.0876,0.0967,0.0363,-0.1305,-0.062,0.0103,0.0788,0.0682,0.0696,0.0007000000000000001,0.08869999999999999,0.0069,-0.0692,0.0108
1933-04-30,0.33390000000000003,0.2902,0.33049999999999996,0.7190000000000001,0.5226,0.584,0.414,0.3714,0.46649999999999997,0.5297,0.39770000000000005,0.8390000000000001,0.4868,0.5958,0.8190000000000001,0.48229999999999995,0.2638,0.3574,0.3947,0.2569,0.1322,0.0126,0.3386,0.43420000000000003,0.27899999999999997,0.46259999999999996,0.43520000000000003,0.0989,0.4282,0.45289999999999997
1933-05-31,0.1121,0.8761,0.0924,0.4988,0.2457,0.1795,0.26030000000000003,0.2366,0.2883,0.3945,0.43799999999999994,0.2334,0.3053,0.1894,0.2526,0.2552,0.3274,0.3169,0.1707,0.193,0.17370000000000002,0.11460000000000001,0.2229,0.14400000000000002,0.3259,0.5749,0.1666,0.2489,0.2623,0.4576
1933-06-30,0.1329,0.3517,0.0481,0.1916,0.27440000000000003,0.0635,0.024399999999999998,0.1039,0.1175,0.20440000000000003,0.2127,0.1093,0.1462,0.1011,0.1973,0.1972,0.1263,0.2503,0.1177,0.1559,0.105,0.041299999999999996,0.1272,0.0525,0.1383,0.499,0.15689999999999998,0.1159,0.1856,0.16260000000000002
1933-07-31,-0.0817,-0.1497,-0.021,-0.0738,-0.2254,-0.0919,-0.0433,-0.1911,-0.09179999999999999,-0.1568,-0.1493,-0.1017,-0.20079999999999998,-0.11359999999999999,-0.068,-0.1636,-0.08789999999999999,-0.2433,-0.1161,-0.1349,-0.0436,-0.0179,-0.10310000000000001,-0.0556,-0.0449,-0.13,-0.134,-0.1616,-0.1247,-0.0287
1933-08-31,0.0894,0.332,0.10189999999999999,0.29309999999999997,0.2217,0.1127,0.0583,-0.0042,0.2104,0.1092,0.1459,0.1158,0.1974,0.13470000000000001,0.2006,0.23929999999999998,0.17149999999999999,0.1681,0.19149999999999998,-0.0124,0.0453,-0.0175,0.11380000000000001,0.1069,0.1565,0.1252,0.07,0.0803,0.09230000000000001,0.21989999999999998
1933-09-30,-0.08789999999999999,-0.057999999999999996,-0.0373,-0.0802,-0.2663,-0.1217,-0.1207,-0.0134,-0.0774,-0.10220000000000001,-0.1462,-0.0911,-0.1574,-0.193,-0.1522,-0.145,0.055999999999999994,-0.2024,-0.0217,-0.19760000000000003,-0.037000000000000005,-0.0302,-0.1142,-0.04190000000000001,-0.20120000000000002,-0.2177,-0.0849,-0.1201,-0.1707,-0.1133
1933-10-31,-0.0817,-0.0363,-0.11599999999999999,-0.1274,-0.0633,-0.0646,-0.0368,-0.0603,-0.046900000000000004,-0.09849999999999999,-0.0667,-0.1291,-0.0537,-0.10890000000000001,-0.1026,-0.1352,-0.045700000000000005,-0.1787,-0.0453,-0.07519999999999999,-0.0718,-0.0872,-0.0689,-0.026699999999999998,-0.1264,-0.0718,-0.07629999999999999,-0.16760000000000003,-0.129,-0.07690000000000001
1933-11-30,0.059800000000000006,-0.0719,0.0447,0.047599999999999996,-0.0026,0.0753,0.0966,0.09449999999999999,0.1561,0.0298,0.1048,0.1193,0.1338,0.12210000000000001,0.2572,0.12480000000000001,0.0005,0.08039999999999999,0.14859999999999998,-0.024399999999999998,0.056299999999999996,-0.0025,0.1467,0.1066,0.064,0.0739,0.1476,0.06309999999999999,0.065,0.0866
1933-12-31,-0.0327,-0.0149,-0.049100000000000005,-0.04190000000000001,0.0286,-0.0433,-0.0178,-0.11779999999999999,0.0675,0.061900000000000004,0.0356,0.0529,0.0225,0.0038,0.096,0.0809,-0.011699999999999999,-0.0347,-0.0116,0.0106,-0.038,-0.0227,0.0371,0.0318,0.06849999999999999,-0.15990000000000001,0.048600000000000004,0.0031,0.0351,0.0774
1934-01-31,0.10289999999999999,0.1535,0.0653,0.1659,0.267,0.1047,0.16140000000000002,0.1679,0.04650000000000001,0.2321,0.1659,0.1293,0.1864,0.17329999999999998,0.1309,0.2468,0.022799999999999997,0.2605,0.0839,0.2054,0.059699999999999996,0.0823,0.1329,0.042300000000000004,0.20800000000000002,0.3831,0.1691,0.3055,0.24100000000000002,0.1322
1934-02-28,-0.06559999999999999,-0.1245,-0.032,0.09539999999999998,0.0103,0.0040999999999999995,-0.0346,-0.036000000000000004,-0.0271,0.013300000000000001,-0.066,-0.0196,-0.041100000000000005,-0.0819,-0.025099999999999997,-0.0911,0.0286,-0.0003,-0.0346,-0.0175,0.0212,-0.0083,-0.0199,0.0218,-0.0315,0.0537,0.03,0.0559,-0.018000000000000002,0.0553
1934-03-31,0.0233,0.028399999999999998,-0.0058,0.0462,0.057699999999999994,-0.061,-0.0195,-0.0064,-0.009399999999999999,0.008199999999999999,-0.015,-0.0116,-0.0042,0.0647,-0.0034999999999999996,0.005699999999999999,0.0467,-0.0661,-0.0121,-0.0181,0.0126,0.0308,-0.0393,-0.0141,0.0005,0.0232,0.022799999999999997,0.0774,0.006,-0.0161
1934-04-30,0.0322,-0.0115,0.040999999999999995,-0.035699999999999996,0.10400000000000001,-0.0012,-0.0155,0.08,-0.0322,-0.024,-0.013000000000000001,-0.0451,-0.0405,-0.0441,-0.06559999999999999,-0.0236,-0.029300000000000003,-0.0179,-0.0199,-0.037599999999999995,-0.0125,0.0138,0.026600000000000002,0.030299999999999997,-0.0139,0.0225,-0.011699999999999999,-0.061500000000000006,-0.0103,-0.011399999999999999
1934-05-31,-0.042300000000000004,-0.17579999999999998,0.014199999999999999,-0.0273,-0.07690000000000001,-0.060700000000000004,-0.0519,-0.0034000000000000002,-0.0705,-0.1209,-0.1063,-0.127,-0.132,-0.0812,-0.13140000000000002,-0.126,0.0115,-0.0906,-0.0452,-0.0779,-0.043,-0.026000000000000002,-0.0323,-0.0766,-0.08990000000000001,-0.09369999999999999,-0.0783,-0.1364,-0.0834,-0.0793
1934-06-30,0.037000000000000005,-0.0282,0.0516,-0.1351,0.0004,0.0629,0.0233,0.0203,0.0441,0.0203,0.0513,0.063,0.025,0.0141,-0.0288,-0.0354,0.0364,0.035,0.0115,0.0432,0.0127,0.0097,0.057300000000000004,0.0433,0.0331,-0.0304,0.0258,-0.0279,0.0507,0.058600000000000006
1934-07-31,-0.0553,-0.24350000000000002,-0.0087,-0.2492,-0.2018,-0.0886,-0.08539999999999999,-0.019,-0.051399999999999994,-0.1783,-0.1674,-0.16260000000000002,-0.18289999999999998,-0.1421,-0.1434,-0.1728,-0.1058,-0.23120000000000002,-0.09449999999999999,-0.1726,-0.0435,-0.022099999999999998,-0.0739,-0.032400000000000005,-0.1954,-0.1594,-0.0809,-0.1661,-0.1487,-0.0638
1934-08-31,0.0444,0.14279999999999998,0.0363,0.21719999999999998,0.039900000000000005,0.0755,0.0179,-0.030699999999999998,0.062,0.057999999999999996,0.107,0.0882,0.1065,0.0717,0.11199999999999999,0.0264,0.09910000000000001,0.08529999999999999,0.060700000000000004,0.0203,0.0256,-0.3857,0.0558,0.05,0.030899999999999997,0.0975,0.046,0.0821,0.056600000000000004,0.0721
1934-09-30,-0.0159,-0.0176,0.0265,0.0984,-0.0213,-0.0323,0.0177,0.008199999999999999,0.008100000000000001,0.0431,-0.0223,-0.0429,0.026600000000000002,-0.008199999999999999,0.0058,-0.0229,-0.036000000000000004,0.04019999999999999,-0.0245,0.0161,0.0179,0.0369,0.006,0.0154,0.0045000000000000005,0.004699999999999999,0.0269,-0.0252,-0.0227,-0.0039000000000000003
1934-10-31,-0.0101,0.0321,0.0286,-0.050199999999999995,-0.0172,0.0621,0.0263,-0.0070999999999999995,0.0036,-0.043899999999999995,0.029300000000000003,-0.0601,0.0182,-0.0472,-0.024900000000000002,0.021099999999999997,-0.0652,-0.0045000000000000005,-0.04769999999999999,-0.076,-0.0144,0.6362,0.0587,0.0147,-0.033,0.0793,0.0163,-0.0331,0.019,0.0337
1934-11-30,0.0717,0.2009,0.09050000000000001,0.136,0.1689,0.1216,0.065,0.0406,0.087,0.1568,0.149,0.1309,0.2173,0.1558,0.177,0.2101,-0.009899999999999999,0.053399999999999996,0.0706,-0.0029,-0.0173,0.0233,0.1025,0.0802,0.0575,0.1167,0.0968,0.1051,0.0868,0.1524
1934-12-31,0.0005,0.021,-0.028999999999999998,-0.008199999999999999,0.0152,0.006500000000000001,0.034300000000000004,0.0060999999999999995,-0.0033,-0.044800000000000006,0.008,0.0416,0.0837,0.0545,0.0356,0.011399999999999999,0.0231,0.011699999999999999,0.0067,-0.0864,-0.006,-0.36979999999999996,0.0068000000000000005,0.0446,-0.0029,0.0347,-0.0121,0.042699999999999995,0.0144,-0.0045000000000000005
1935-01-31,-0.0038,-0.08289999999999999,-0.0218,-0.0748,-0.0373,0.0165,-0.0095,-0.0086,-0.013999999999999999,-0.0204,-0.031200000000000002,-0.0576,-0.0083,0.026600000000000002,-0.0897,-0.0275,-0.054900000000000004,-0.076,-0.0431,-0.0317,-0.0046,-0.115,-0.016200000000000003,0.0127,-0.0761,-0.10679999999999999,-0.053099999999999994,-0.0504,-0.050300000000000004,-0.058899999999999994
1935-02-28,0.0291,0.0172,0.0079,-0.0473,-0.0311,0.0583,-0.0101,0.043,-0.0004,-0.0535,-0.0398,-0.0678,0.0055000000000000005,-0.022400000000000003,-0.0365,-0.08539999999999999,-0.0116,-0.0942,-0.0326,-0.1219,0.0104,0.07490000000000001,0.047400000000000005,0.0582,-0.0679,-0.023399999999999997,-0.0059,-0.0291,-0.0179,-0.023399999999999997
1935-03-31,-0.0433,-0.0096,-0.0592,-0.045899999999999996,-0.0225,-0.0693,-0.0276,-0.031400000000000004,-0.0304,-0.0971,-0.0689,-0.0414,-0.0761,-0.0616,-0.0629,-0.0851,0.0387,-0.1124,-0.036699999999999997,0.12359999999999999,-0.0072,-0.0213,-0.006,-0.0232,-0.09269999999999999,-0.0806,-0.0431,-0.0436,-0.0172,-0.052000000000000005
1935-04-30,0.044800000000000006,-0.0371,0.0902,0.0987,0.1039,0.059000000000000004,0.046,0.0318,0.0873,0.061500000000000006,0.1084,0.1429,0.0993,0.0909,0.0542,-0.0024,0.0913,0.08220000000000001,0.1562,0.1115,0.0913,0.0161,0.1213,0.039900000000000005,0.09699999999999999,0.028999999999999998,0.0712,-0.037599999999999995,0.063,0.08070000000000001
1935-05-31,0.0025,-0.016200000000000003,0.0218,0.1259,0.0263,-0.0098,0.0207,-0.0408,0.030699999999999998,0.0146,0.0338,-0.0032,0.0286,0.037000000000000005,0.027200000000000002,0.0197,0.0391,-0.0723,0.0368,0.1377,0.08380000000000001,0.07719999999999999,0.009399999999999999,0.026600000000000002,0.0252,-0.0171,0.0262,0.0106,0.0576,0.0368
1935-06-30,0.0658,0.1082,0.044000000000000004,0.0933,0.0342,0.0305,0.0208,0.0408,0.062400000000000004,0.0736,0.0799,0.0277,0.1201,0.091,0.10039999999999999,0.076,-0.0016,0.0466,0.014499999999999999,0.0913,0.053200000000000004,0.009000000000000001,0.0709,0.1054,0.0759,0.0096,0.0635,0.0452,0.0736,0.0455
1935-07-31,-0.0034000000000000002,0.021,0.0759,0.0373,0.0279,0.079,0.042699999999999995,0.032,0.049699999999999994,0.0969,0.1259,0.1857,0.15560000000000002,0.141,0.1865,0.1564,0.0006,0.0673,0.0005,0.09230000000000001,0.0574,1.2337,0.0182,0.0576,0.08960000000000001,0.0060999999999999995,0.0761,0.0287,0.0806,0.044199999999999996
1935-08-31,-0.034300000000000004,0.0971,-0.001,0.1316,-0.026000000000000002,0.0158,-0.009899999999999999,0.0025,0.0512,0.012,0.0125,0.0653,0.0229,0.0464,0.0877,-0.0215,0.056100000000000004,0.0227,-0.0196,0.0723,0.0407,-0.4755,0.0046,-0.0298,0.0103,0.1321,0.0294,0.055,0.056600000000000004,0.0075
1935-09-30,0.01,0.0799,0.015300000000000001,0.1023,0.0118,0.0025,0.0015,0.011000000000000001,0.0702,0.1555,0.0262,0.0412,0.058600000000000006,0.08410000000000001,0.1093,-0.056100000000000004,-0.0004,-0.001,-0.0339,-0.0204,0.042699999999999995,0.0101,0.0643,0.0258,0.0105,0.0329,-0.0067,0.0271,-0.0182,0.0415
1935-10-31,0.059800000000000006,0.1607,0.0158,0.0369,0.135,0.0052,0.0322,0.059800000000000006,0.039900000000000005,0.0713,0.1379,0.057699999999999994,0.0823,0.0806,0.1367,0.0746,-0.009000000000000001,-0.0441,0.1382,0.1416,0.0311,0.7354,0.1033,0.0431,-0.0087,0.0533,0.0111,0.0582,0.08,0.0693
1935-11-30,0.0203,-0.0242,-0.0052,0.1429,0.12119999999999999,-0.0305,0.0227,0.0174,0.0241,0.014499999999999999,0.0538,0.0735,0.0536,0.0843,0.035699999999999996,0.1331,0.099,0.1148,0.0268,0.0083,0.09720000000000001,0.0947,0.0052,0.0076,0.147,0.11800000000000001,0.0258,0.16519999999999999,0.127,0.0969
1935-12-31,0.0405,-0.013999999999999999,-0.0034000000000000002,0.02,0.0118,0.0472,0.023799999999999998,0.0235,0.0113,0.036699999999999997,0.0922,0.045899999999999996,0.0378,0.044800000000000006,0.0626,0.1231,0.0719,-0.013300000000000001,0.14300000000000002,0.056299999999999996,-0.0014000000000000002,0.0023,0.0139,-0.042699999999999995,0.0305,0.0042,-0.0109,0.0169,0.054400000000000004,0.0167
1936-01-31,0.0335,-0.0662,0.0334,0.1335,0.0475,0.0215,0.0405,0.0346,0.0546,0.09179999999999999,0.0736,0.0676,0.08289999999999999,0.0741,0.040999999999999995,0.09230000000000001,0.1025,0.0823,0.1418,0.12539999999999998,0.0417,0.1134,0.044199999999999996,-0.0572,0.1562,0.0776,-0.0331,0.18530000000000002,0.0658,-0.0018
1936-02-29,0.0252,0.0913,-0.0329,0.0223,-0.028300000000000002,-0.0115,0.0435,0.0346,0.029500000000000002,0.0076,0.0557,0.1045,0.0661,-0.0088,0.0397,0.0738,0.0297,0.09,0.0113,-0.066,0.06570000000000001,0.0426,0.0316,-0.0036,0.046900000000000004,-0.0256,0.0091,0.0625,-0.0083,-0.0369
1936-03-31,-0.0126,-0.0072,-0.0409,-0.053899999999999997,0.059000000000000004,0.03,-0.013600000000000001,0.0351,0.0285,0.016,-0.0069,0.0184,0.0779,-0.0055000000000000005,0.1027,-0.0074,-0.0409,-0.0599,0.0176,0.006500000000000001,-0.034300000000000004,-0.0691,0.010700000000000001,0.0089,-0.031200000000000002,-0.0095,0.011200000000000002,0.0397,-0.022799999999999997,0.012199999999999999
1936-04-30,-0.045700000000000005,-0.1011,-0.0255,-0.1188,-0.1151,-0.10439999999999999,-0.0593,-0.092,-0.0652,-0.1114,-0.11359999999999999,-0.10890000000000001,-0.1074,-0.094,-0.0987,-0.1244,-0.0546,-0.14279999999999998,-0.1017,-0.08349999999999999,-0.056299999999999996,-0.0036,-0.0692,-0.0187,-0.075,-0.1185,-0.050300000000000004,-0.1137,-0.0761,-0.06509999999999999
1936-05-31,0.0617,-0.019799999999999998,0.0472,-0.014499999999999999,-0.0024,-0.0194,0.016,0.048,0.0642,0.0302,0.0471,0.0662,0.08109999999999999,0.0678,0.041100000000000005,0.12140000000000001,0.0375,0.0277,-0.0062,0.0953,0.0646,0.0576,0.0189,0.031,0.0661,0.0843,0.067,0.0579,0.13019999999999998,0.011000000000000001
1936-06-30,0.029900000000000003,-0.045599999999999995,0.026699999999999998,0.0381,-0.044500000000000005,0.059000000000000004,-0.005,0.0128,0.037000000000000005,0.0049,0.0021,-0.011200000000000002,0.0159,0.0086,0.0681,-0.0149,-0.0296,-0.0203,0.0178,0.0362,0.024300000000000002,-0.0327,0.0229,0.0043,0.0207,0.0302,0.053899999999999997,0.0148,0.0373,-0.0481
1936-07-31,0.024,0.0689,0.0305,0.1331,0.0418,0.021400000000000002,0.012199999999999999,0.0466,0.0906,0.0802,0.098,0.10550000000000001,0.0147,0.145,0.0504,0.1101,0.056900000000000006,0.08310000000000001,0.047,0.1159,0.024399999999999998,-0.2644,0.0669,-0.014199999999999999,0.12380000000000001,0.0942,0.0626,0.0968,0.07150000000000001,-0.0095
1936-08-31,0.0102,0.0883,0.0,0.0802,0.063,0.0206,-0.0189,-0.0148,-0.013999999999999999,0.0084,0.0161,0.063,0.0106,0.0425,-0.004,0.0348,0.025,0.050300000000000004,-0.0075,-0.0102,0.0176,0.0381,-0.0194,-0.027999999999999997,0.0206,0.0395,0.0248,0.023,0.0021,0.0101
1936-09-30,-0.014499999999999999,0.0163,-0.0078000000000000005,0.0379,0.008100000000000001,0.0287,0.0045000000000000005,0.0077,0.0189,0.0611,-0.0048,0.0132,0.0405,-0.0242,0.032400000000000005,0.061799999999999994,-0.025699999999999997,0.0451,0.01,-0.020499999999999997,0.0031,0.0382,0.0167,0.019799999999999998,0.0079,0.0353,0.0256,0.08560000000000001,0.0231,0.0256
1936-10-31,0.0435,0.0279,0.0126,0.0809,0.0415,0.1235,0.0253,0.0378,0.055999999999999994,0.08289999999999999,0.06849999999999999,0.1261,0.0815,0.066,0.052199999999999996,-0.0063,0.22719999999999999,-0.0036,0.124,0.057300000000000004,0.0509,0.0194,0.0369,0.0371,0.0663,0.0703,0.1143,0.049,0.054900000000000004,0.024
1936-11-30,0.045599999999999995,0.0795,0.032400000000000005,0.1253,0.0085,0.028399999999999998,0.0405,0.0337,0.048,0.11710000000000001,0.0886,0.0466,0.057300000000000004,0.0557,-0.0098,0.0757,0.0298,0.0416,0.014499999999999999,-0.028399999999999998,0.0387,0.0622,0.0535,0.0322,-0.037599999999999995,0.17420000000000002,0.1094,0.0986,0.059699999999999996,0.0707
1936-12-31,-0.0069,-0.0596,-0.0287,0.043,-0.0076,0.0393,0.016200000000000003,-0.0206,-0.0222,-0.008,0.0169,0.0451,0.0513,0.0325,-0.0739,0.069,0.0159,0.0,0.092,-0.0163,-0.0042,0.0172,0.0111,-0.0063,-0.0212,-0.0181,-0.0832,-0.048600000000000004,-0.027200000000000002,0.049699999999999994
1937-01-31,0.024900000000000002,0.0147,0.0265,0.0336,0.0184,0.1252,0.0044,0.0347,0.0169,0.050199999999999995,0.0797,0.0621,0.0431,0.1223,0.073,0.0495,0.0005,0.023,0.0241,0.026099999999999998,-0.0085,0.0089,-0.0054,-0.0085,0.0125,0.049100000000000005,-0.0002,0.0086,0.0048,0.049
1937-02-28,0.0225,0.0667,-0.0189,0.0106,-0.022099999999999998,-0.0207,0.0172,-0.0373,-0.0070999999999999995,-0.011200000000000002,-0.028900000000000002,0.1079,-0.0032,-0.0232,-0.0018,0.0014000000000000002,0.1185,0.0027,0.013600000000000001,-0.0421,-0.030600000000000002,0.1069,0.015300000000000001,-0.0199,0.059500000000000004,-0.0401,0.0305,0.046799999999999994,-0.0039000000000000003,0.054900000000000004
1937-03-31,0.0223,0.0412,-0.0676,0.009899999999999999,-0.0823,-0.0038,-0.0223,-0.050300000000000004,-0.0225,-0.0455,-0.0018,0.0581,-0.0048,-0.0487,-0.030600000000000002,-0.044000000000000004,0.0613,0.0646,0.0349,-0.0632,-0.021,-0.0341,-0.0345,0.0334,0.051699999999999996,0.038,-0.0275,-0.044500000000000005,-0.0364,-0.024700000000000003
1937-04-30,-0.0729,-0.0907,-0.0414,-0.0501,-0.1081,-0.0158,-0.0332,-0.0332,-0.0464,-0.08449999999999999,-0.09759999999999999,-0.1532,-0.0356,-0.0767,-0.08,-0.1105,-0.1552,-0.1039,-0.0525,-0.0748,-0.0525,-0.1014,-0.0748,-0.0725,-0.0482,-0.1012,-0.071,-0.1247,-0.0688,-0.0789
1937-05-31,-0.0026,-0.0026,0.0002,-0.0067,-0.1099,-0.035,-0.0051,0.0168,0.023700000000000002,-0.0318,0.0128,0.0073,0.011399999999999999,-0.0098,-0.0218,-0.0144,-0.0138,-0.019799999999999998,-0.002,-0.053,0.015300000000000001,0.0034000000000000002,0.0564,0.008100000000000001,-0.0385,-0.0098,-0.0475,0.0229,-0.032799999999999996,0.0147
1937-06-30,-0.030899999999999997,-0.0705,-0.0179,-0.0796,-0.12619999999999998,-0.0432,-0.06309999999999999,-0.041299999999999996,-0.0304,-0.0621,-0.076,-0.0222,-0.034,-0.0055000000000000005,-0.1069,-0.0634,-0.0536,-0.098,-0.026099999999999998,-0.0527,0.014199999999999999,-0.0004,-0.038,-0.049400000000000006,-0.1159,0.003,-0.0146,-0.0738,-0.0501,-0.030699999999999998
1937-07-31,0.0344,0.0794,0.0716,0.1442,0.0774,0.0875,0.0659,0.0414,0.050300000000000004,0.1008,0.1193,0.1281,0.09759999999999999,0.096,0.1297,0.0669,0.09939999999999999,0.0265,0.0848,0.19329999999999997,0.0327,0.004,0.0942,0.0981,0.0438,0.0812,0.105,0.059000000000000004,0.1625,0.0304
1937-08-31,-0.024,-0.0239,-0.0219,-0.0231,-0.0541,-0.0553,-0.0358,0.011000000000000001,-0.0273,-0.0416,-0.048799999999999996,-0.057300000000000004,-0.04190000000000001,-0.0643,-0.0254,-0.0675,-0.0349,-0.0054,-0.0665,-0.102,-0.0254,0.0189,-0.0031,-0.025,-0.07,-0.0404,-0.042800000000000005,-0.0438,-0.1508,0.003
1937-09-30,-0.1065,-0.11359999999999999,-0.038599999999999995,-0.1583,-0.21530000000000002,-0.1351,-0.09970000000000001,-0.10800000000000001,-0.0949,-0.2051,-0.1984,-0.248,-0.1562,-0.15810000000000002,-0.1274,-0.24109999999999998,-0.1787,-0.1679,-0.131,-0.1176,-0.021,-0.0667,-0.09910000000000001,-0.1105,-0.1616,-0.2026,-0.14,-0.14679999999999999,-0.1464,-0.1782
1937-10-31,-0.0748,-0.099,-0.0441,-0.10640000000000001,-0.15259999999999999,-0.0701,-0.1112,-0.0355,-0.1193,-0.1366,-0.13970000000000002,-0.1722,-0.17079999999999998,-0.0701,-0.1322,-0.1128,0.0336,-0.13449999999999998,-0.069,-0.048,-0.0536,-0.0533,-0.0761,-0.062,-0.1419,-0.0675,-0.069,-0.06,-0.0836,-0.08070000000000001
1937-11-30,-0.0538,-0.0325,-0.04769999999999999,-0.1948,-0.1355,-0.0827,-0.1297,-0.0513,-0.09720000000000001,-0.1532,-0.050499999999999996,-0.0842,-0.1283,-0.0194,-0.1606,-0.058899999999999994,-0.016,-0.1038,-0.1157,0.0296,-0.0359,-0.0191,-0.1042,-0.1153,-0.07139999999999999,-0.0965,-0.1464,-0.0645,-0.0725,-0.0876
1937-12-31,-0.0232,-0.07400000000000001,-0.0073,-0.1231,-0.13,-0.0542,-0.0378,-0.0241,0.0088,-0.10300000000000001,-0.08410000000000001,-0.018500000000000003,-0.0431,-0.0333,-0.16329999999999997,0.0975,-0.012199999999999999,-0.1105,-0.0116,-0.1073,-0.0155,-0.011399999999999999,0.006500000000000001,-0.13369999999999999,-0.08560000000000001,-0.1702,-0.06480000000000001,-0.09380000000000001,-0.0732,-0.1335
1938-01-31,0.0393,-0.0144,0.0016,0.0508,0.11960000000000001,0.044199999999999996,0.0756,0.0351,-0.0167,0.0919,-0.0662,-0.0088,-0.030299999999999997,-0.035699999999999996,0.12029999999999999,-0.048600000000000004,0.0819,0.0086,0.004699999999999999,-0.0572,-0.024300000000000002,0.0051,0.0023,0.0832,-0.0207,0.057300000000000004,0.060899999999999996,0.006500000000000001,-0.0028000000000000004,-0.0019
1938-02-28,0.0438,0.0931,0.016,0.027200000000000002,0.0341,0.0384,0.0222,0.0862,0.0782,0.0596,0.1222,0.0757,0.1167,0.0435,0.0378,0.0941,-0.0265,0.0178,0.09539999999999998,0.0363,-0.0232,0.0032,0.0438,0.0929,0.0728,0.0689,0.096,0.0842,0.067,0.0542
1938-03-31,-0.1659,-0.2468,-0.12560000000000002,-0.3152,-0.2834,-0.21539999999999998,-0.1776,-0.1454,-0.22579999999999997,-0.26,-0.26899999999999996,-0.3032,-0.2631,-0.3099,-0.2746,-0.29,-0.2415,-0.33130000000000004,-0.2544,-0.1966,-0.17670000000000002,-0.0449,-0.2051,-0.1857,-0.3532,-0.2394,-0.2232,-0.2371,-0.2554,-0.24059999999999998
1938-04-30,0.1356,0.1208,0.1039,0.2306,0.22510000000000002,0.1827,0.1067,0.1182,0.0691,0.1223,0.22149999999999997,0.1623,0.1493,0.17170000000000002,0.1477,0.2651,0.16219999999999998,0.1832,0.163,0.1478,0.13470000000000001,0.0239,0.1592,0.12300000000000001,0.1191,0.1382,0.16399999999999998,0.1585,0.1672,0.1497
1938-05-31,-0.0029,-0.032400000000000005,0.016399999999999998,-0.07400000000000001,-0.0352,-0.0183,-0.0572,0.017,-0.0365,-0.0729,-0.094,-0.1075,-0.09359999999999999,-0.0349,-0.0695,-0.0658,-0.0318,-0.08560000000000001,-0.058899999999999994,0.0215,0.0083,0.3574,-0.02,-0.019,-0.0471,-0.0414,-0.0392,-0.024399999999999998,-0.051500000000000004,-0.0858
1938-06-30,0.1275,0.1801,0.11359999999999999,0.3111,0.32789999999999997,0.1413,0.1477,0.1009,0.3002,0.37479999999999997,0.4102,0.4133,0.34259999999999996,0.3105,0.3602,0.2507,0.19269999999999998,0.2891,0.2198,0.16949999999999998,0.1257,0.042699999999999995,0.1975,0.2115,0.272,0.2703,0.2415,0.16329999999999997,0.2663,0.3212
1938-07-31,0.0467,0.11699999999999999,0.07690000000000001,0.0404,0.1056,0.0951,0.1281,0.057999999999999996,0.0611,0.1663,0.0839,0.0652,0.051,0.04769999999999999,0.204,0.08869999999999999,0.0962,0.1048,0.0733,0.0067,0.0128,0.214,0.08259999999999999,0.0408,0.1164,0.086,0.08990000000000001,0.1321,0.08869999999999999,0.10880000000000001
1938-08-31,-0.0483,-0.049800000000000004,-0.0217,0.030699999999999998,-0.076,-0.0049,-0.0461,0.0036,0.0038,-0.0696,0.0146,-0.034,-0.0528,-0.0045000000000000005,0.057699999999999994,-0.062400000000000004,-0.0159,-0.054000000000000006,-0.0888,-0.0553,0.0028000000000000004,-0.0355,-0.0281,-0.042699999999999995,-0.0533,-0.0545,-0.023799999999999998,-0.0337,-0.0409,-0.0034999999999999996
1938-09-30,0.0008,-0.0092,0.0134,-0.0106,-0.023399999999999997,0.0070999999999999995,0.0232,0.0,0.0271,-0.0108,0.0137,0.0217,0.0083,0.022400000000000003,0.006500000000000001,-0.0172,-0.0189,-0.042699999999999995,0.0087,0.0125,0.0092,-0.0478,0.0022,0.0031,-0.0165,-0.0001,0.0011,-0.013500000000000002,0.0004,0.0245
1938-10-31,0.0521,0.16469999999999999,0.0377,0.13470000000000001,0.091,0.0974,0.0315,0.0562,0.0687,0.09480000000000001,0.0969,0.1405,0.0801,0.12179999999999999,0.0708,0.2491,0.0493,0.0815,-0.0149,0.2109,0.0356,0.0377,0.053099999999999994,0.08789999999999999,0.1419,0.0876,0.0821,0.068,0.09480000000000001,0.04
1938-11-30,-0.031200000000000002,0.0254,-0.0121,-0.0194,-0.0641,-0.0333,-0.0526,0.0143,-0.0031,-0.0587,-0.0441,-0.0087,-0.045,-0.0591,-0.015700000000000002,0.0429,-0.020499999999999997,-0.0297,-0.0014000000000000002,-0.0702,0.006500000000000001,-0.061,-0.0058,-0.0518,-0.019299999999999998,0.0475,-0.0053,0.0141,-0.0148,0.0506
1938-12-31,0.0347,-0.045700000000000005,0.028999999999999998,-0.006,-0.0106,0.012199999999999999,-0.0002,0.0086,0.0567,0.022099999999999998,0.0575,0.0466,0.0371,0.029900000000000003,0.022000000000000002,0.1436,0.0172,0.0062,0.049800000000000004,0.0395,0.0258,-0.051100000000000007,0.0338,0.051500000000000004,0.12140000000000001,0.039900000000000005,0.0091,-0.0095,-0.0075,0.1148
1939-01-31,-0.0175,-0.08929999999999999,-0.0183,-0.1233,-0.0616,-0.0121,0.0351,-0.0096,-0.06559999999999999,-0.055,-0.10869999999999999,-0.129,-0.0959,-0.0791,-0.084,-0.1131,-0.048799999999999996,-0.10490000000000001,-0.06269999999999999,0.0121,0.0181,-0.0756,-0.0655,-0.0794,-0.1125,-0.09609999999999999,-0.03,-0.0666,-0.060599999999999994,-0.11109999999999999
1939-02-28,0.0383,0.0866,-0.0034999999999999996,0.0358,0.009300000000000001,0.022400000000000003,0.0318,0.0373,0.010700000000000001,0.025,0.031200000000000002,0.0447,0.064,0.038599999999999995,0.0741,0.0414,-0.0182,0.0508,-0.0123,0.08789999999999999,0.0353,0.0404,0.003,0.0104,0.0802,0.012199999999999999,0.06269999999999999,0.055999999999999994,0.042300000000000004,0.0072
1939-03-31,-0.0546,-0.1444,-0.0415,-0.2125,-0.2024,-0.0634,-0.0711,-0.0436,-0.08109999999999999,-0.1487,-0.21359999999999998,-0.212,-0.1726,-0.1794,-0.1782,-0.2421,-0.095,-0.18280000000000002,-0.0827,-0.1366,-0.0231,-0.1548,-0.08349999999999999,-0.12279999999999999,-0.179,-0.1094,-0.09519999999999999,-0.1447,-0.1202,-0.1875
1939-04-30,0.0169,-0.0196,-0.0074,0.015300000000000001,0.049,0.0127,-0.005699999999999999,0.01,-0.0172,-0.0161,-0.0096,-0.0292,-0.01,-0.0053,0.0058,0.0336,0.0,-0.0106,-0.0106,0.030299999999999997,0.0275,0.0259,-0.0727,-0.0009,-0.0219,0.0038,-0.0015,0.01,-0.0336,-0.015300000000000001
1939-05-31,0.063,0.0632,0.0404,0.1399,0.0895,0.0634,0.0273,0.055,0.06280000000000001,0.0848,0.1125,0.0756,0.092,0.0719,0.0816,0.0907,0.022799999999999997,0.0625,0.0255,0.066,0.0556,0.027999999999999997,0.1075,0.051,0.09519999999999999,0.0645,0.1158,0.0381,0.08800000000000001,0.10490000000000001
1939-06-30,-0.0308,-0.049699999999999994,-0.0009,-0.11630000000000001,-0.079,-0.0102,0.0054,0.0108,-0.0269,-0.0449,-0.09300000000000001,-0.09880000000000001,-0.0877,-0.09,-0.06570000000000001,-0.1039,-0.0395,-0.1016,-0.0593,-0.0355,-0.0384,-0.09359999999999999,-0.0588,-0.0406,-0.0969,0.0169,-0.027000000000000003,-0.056600000000000004,-0.0537,-0.10279999999999999
1939-07-31,0.0706,0.0425,0.0379,0.16920000000000002,0.09699999999999999,0.0888,0.07730000000000001,0.0308,0.1042,0.1655,0.13699999999999998,0.18780000000000002,0.1125,0.1625,0.17149999999999999,0.1293,0.11,0.1045,0.028999999999999998,0.1272,0.06509999999999999,0.0108,0.09570000000000001,0.08960000000000001,0.1332,0.0757,0.08800000000000001,0.0175,0.1112,0.1891
1939-08-31,-0.0757,-0.092,-0.06559999999999999,-0.1582,-0.1411,-0.0582,-0.07200000000000001,-0.0546,-0.0246,-0.10769999999999999,-0.1204,-0.0863,-0.1048,-0.08380000000000001,-0.0701,-0.1182,-0.061200000000000004,-0.0601,-0.039,-0.0604,-0.04190000000000001,-0.019299999999999998,-0.0753,-0.037599999999999995,-0.1115,-0.0977,-0.0725,-0.11689999999999999,-0.0932,-0.07719999999999999
1939-09-30,0.06280000000000001,0.036699999999999997,-0.030299999999999997,-0.1437,0.2419,0.0484,0.2526,0.0706,0.1718,0.2568,0.12140000000000001,0.4404,0.3506,0.185,0.2441,0.4911,0.1362,0.9258,0.2505,0.036000000000000004,0.0236,0.0394,-0.009399999999999999,0.2531,0.41700000000000004,0.0431,0.015600000000000001,0.020099999999999996,0.12369999999999999,0.0087
1939-10-31,0.0263,0.0501,0.0581,0.1561,-0.019799999999999998,0.0373,-0.0352,0.0022,-0.030600000000000002,0.0106,0.0277,-0.0482,-0.0527,-0.03,-0.0191,0.0326,0.022400000000000003,-0.102,-0.038599999999999995,0.0212,0.0305,0.0602,0.044800000000000006,-0.0313,-0.0452,0.022799999999999997,0.0584,0.0467,-0.0013,0.0318
1939-11-30,-0.009899999999999999,-0.0365,0.0176,-0.0892,-0.1217,-0.0012,-0.0073,0.012199999999999999,-0.0275,-0.058899999999999994,-0.0506,-0.0966,-0.0762,-0.0323,-0.0334,-0.1054,-0.036000000000000004,-0.21359999999999998,-0.0602,-0.015,0.0097,-0.1458,-0.0123,-0.038900000000000004,-0.0706,-0.0215,-0.0232,-0.024300000000000002,-0.004699999999999999,-0.026600000000000002
1939-12-31,0.0297,-0.006,0.0484,0.035,0.0382,0.041100000000000005,-0.0264,0.0377,0.045700000000000005,0.0287,0.0189,0.0217,0.057800000000000004,0.046900000000000004,0.0395,0.0641,-0.0051,0.0014000000000000002,-0.0009,0.029500000000000002,0.028900000000000002,-0.056600000000000004,0.0116,0.0567,0.0322,-0.0851,0.0323,-0.0123,-0.0187,0.011699999999999999
1940-01-31,0.0147,0.0163,0.0232,0.0111,0.0195,0.033,0.012,-0.0179,-0.027200000000000002,0.0006,-0.0151,-0.0943,-0.0616,-0.049699999999999994,-0.042800000000000005,-0.0646,-0.0189,-0.04190000000000001,-0.0217,-0.0005,-0.0012,0.0704,-0.0235,-0.0049,-0.046,-0.0233,-0.0097,0.0147,0.0036,0.039900000000000005
1940-02-29,0.0038,0.028900000000000002,0.0181,-0.0045000000000000005,0.0113,0.015,0.0106,0.0149,0.0268,0.0012,-0.0227,0.053099999999999994,0.0092,-0.0007000000000000001,0.0223,0.0222,0.0023,0.0516,0.0092,-0.0125,0.0104,0.1617,-0.0178,0.0311,0.014499999999999999,0.040999999999999995,0.0248,0.030600000000000002,0.0034000000000000002,0.024
1940-03-31,0.023700000000000002,0.0444,0.0063,0.0102,0.024,0.003,-0.0159,0.0191,0.024300000000000002,0.0138,0.012199999999999999,0.0069,0.0329,0.0437,0.034300000000000004,0.0194,0.0174,0.021,0.0171,0.0175,0.0116,0.057999999999999996,-0.0006,-0.0062,0.0323,0.049800000000000004,0.0305,0.0675,0.0258,0.0241
1940-04-30,0.0178,-0.0083,0.0215,-0.0759,0.0084,0.0137,0.029300000000000003,-0.0031,0.0072,-0.020099999999999996,-0.0083,0.006999999999999999,0.0017000000000000001,-0.022400000000000003,-0.0078000000000000005,-0.0032,-0.0125,0.0181,0.0016,-0.0134,0.0033,-0.028999999999999998,0.0036,0.0695,-0.0003,-0.0202,-0.0013,0.008,-0.008,-0.0075
1940-05-31,-0.2191,-0.2817,-0.1782,-0.3208,-0.3038,-0.2263,-0.2057,-0.2127,-0.1934,-0.2793,-0.2932,-0.2262,-0.2396,-0.21289999999999998,-0.2625,-0.19699999999999998,-0.20420000000000002,-0.2825,-0.2463,-0.20010000000000003,-0.1413,-0.3482,-0.19579999999999997,-0.2584,-0.23800000000000002,-0.3074,-0.2443,-0.23739999999999997,-0.26489999999999997,-0.3248
1940-06-30,0.045599999999999995,0.0434,0.0596,0.0687,0.060599999999999994,0.11289999999999999,0.10640000000000001,0.0493,0.0383,0.0729,0.0665,0.04,0.0632,0.056600000000000004,0.0837,-0.0364,0.0064,0.154,0.055999999999999994,0.1747,0.0876,0.0204,-0.0317,0.06570000000000001,0.124,0.1226,0.0907,0.0455,0.057699999999999994,0.09480000000000001
1940-07-31,0.0060999999999999995,0.1024,-0.016399999999999998,0.009000000000000001,0.0676,0.0471,-0.0467,-0.0052,0.029300000000000003,0.0538,0.09390000000000001,0.042300000000000004,0.0571,0.0608,0.0583,0.047599999999999996,0.0031,0.0184,0.0321,0.0008,0.0197,0.0475,0.022000000000000002,0.030600000000000002,0.0412,0.0078000000000000005,0.0446,0.024900000000000002,0.0471,0.0726
1940-08-31,0.0111,0.0171,0.0124,0.0305,-0.0042,-0.0405,0.0226,-0.0229,0.0268,0.0519,0.050499999999999996,0.0277,0.015600000000000001,0.0259,0.0736,0.0455,0.011200000000000002,0.0317,0.0141,-0.0105,-0.0036,0.050199999999999995,0.053099999999999994,0.018000000000000002,0.0364,-0.0109,0.0297,-0.001,0.0242,0.0519
1940-09-30,0.0225,0.0434,0.0239,0.031,0.0207,0.050499999999999996,0.033,0.0462,0.0323,0.060700000000000004,0.0398,0.0555,0.0694,0.0384,0.029300000000000003,0.0282,0.0594,0.0678,-0.0236,-0.0219,0.0167,0.0593,0.0525,0.014499999999999999,0.0254,0.12480000000000001,0.0322,0.038599999999999995,-0.0045000000000000005,0.0666
1940-10-31,-0.0086,-0.0111,-0.032400000000000005,0.1025,0.04,-0.08929999999999999,0.0,-0.03,-0.005699999999999999,0.0401,0.024900000000000002,0.1283,0.08689999999999999,0.0194,0.0434,0.055999999999999994,0.044000000000000004,0.014499999999999999,0.0636,0.0383,0.0161,-0.0084,0.0373,-0.0076,0.049100000000000005,0.0012,0.0006,0.0155,0.0635,-0.0054
1940-11-30,-0.0060999999999999995,0.0733,-0.0252,0.0852,-0.0177,0.0021,-0.0021,-0.018600000000000002,-0.051100000000000007,-0.0046,-0.0258,0.017,0.0032,-0.0434,-0.006500000000000001,0.023700000000000002,0.0698,-0.0229,0.0084,-0.1311,0.006,0.042300000000000004,0.0096,-0.0388,-0.0287,-0.0642,-0.0227,0.0673,0.0026,-0.0025
1940-12-31,0.0084,-0.0003,0.006,0.0861,-0.013500000000000002,0.024900000000000002,-0.0017000000000000001,-0.0023,0.019299999999999998,-0.026000000000000002,-0.018000000000000002,0.016200000000000003,0.0089,0.0007000000000000001,-0.0313,0.0019,0.0008,0.1374,0.0223,0.0177,0.020499999999999997,-0.0167,-0.005,-0.004,0.0102,-0.08410000000000001,0.005699999999999999,-0.0329,-0.0322,-0.0291
1941-01-31,-0.0165,-0.0288,0.0116,-0.0194,0.0032,-0.0239,0.0397,-0.0219,-0.0679,-0.0246,-0.056900000000000006,-0.09949999999999999,-0.061,-0.027000000000000003,-0.09539999999999998,-0.0684,-0.0202,-0.08839999999999999,-0.0206,-0.0218,-0.021,-0.026600000000000002,-0.022099999999999998,-0.0258,-0.015,0.0134,-0.0375,0.0086,-0.0124,0.0352
1941-02-28,-0.026000000000000002,-0.0375,-0.0233,0.005600000000000001,-0.0098,-0.0464,-0.029500000000000002,-0.0471,-0.0239,-0.009899999999999999,-0.0248,-0.015300000000000001,-0.025699999999999997,-0.0024,0.0152,-0.013300000000000001,-0.0111,-0.0181,-0.0068000000000000005,-0.011899999999999999,-0.0223,-0.0613,-0.0055000000000000005,-0.01,0.0009,-0.045599999999999995,-0.0252,-0.022099999999999998,-0.0060999999999999995,-0.0256
1941-03-31,0.0225,0.008,-0.0276,0.0143,0.0174,0.0475,0.0040999999999999995,0.0178,0.0171,0.036000000000000004,-0.018799999999999997,-0.0055000000000000005,0.0038,-0.0079,-0.015300000000000001,0.0131,0.0163,0.0139,0.0377,-0.0334,0.0177,0.0008,0.0304,0.0102,0.0268,-0.011200000000000002,0.0121,0.030299999999999997,0.0006,-0.013999999999999999
1941-04-30,-0.0404,-0.08710000000000001,-0.0385,-0.030899999999999997,-0.0447,-0.0444,-0.0176,-0.052199999999999996,-0.0377,-0.08109999999999999,-0.0519,-0.07429999999999999,-0.0757,-0.0932,-0.1041,-0.060599999999999994,-0.0621,-0.0341,0.014499999999999999,-0.09630000000000001,-0.0635,0.0182,-0.077,-0.073,-0.0291,-0.013500000000000002,-0.0535,-0.0124,-0.07440000000000001,-0.0859
1941-05-31,-0.0091,0.0603,-0.0301,-0.0463,-0.0066,-0.0154,-0.0131,-0.0147,0.0366,-0.0060999999999999995,-0.0026,0.0603,0.0436,-0.0096,0.0038,0.058600000000000006,0.0302,-0.0067,0.055099999999999996,-0.0447,0.004,-0.0513,0.008,-0.015600000000000001,-0.0144,-0.0313,0.0236,0.0058,-0.0223,0.005600000000000001
1941-06-30,0.044500000000000005,0.0882,0.1015,0.09369999999999999,0.0361,0.1206,0.0313,0.0672,0.0674,0.0592,0.068,0.056299999999999996,0.0605,0.1183,0.0363,0.0554,0.06,0.1765,0.051,0.039,0.050300000000000004,0.0373,0.0843,0.0652,0.0383,0.0805,0.050499999999999996,0.0489,0.0414,0.1235
1941-07-31,0.064,0.12560000000000002,0.026699999999999998,0.1388,0.046,0.0434,0.08449999999999999,0.08039999999999999,0.0592,0.096,0.0702,0.0757,0.08560000000000001,0.0028000000000000004,0.046799999999999994,0.0808,0.076,0.2286,0.10949999999999999,0.0533,-0.0038,0.0677,0.0527,0.0924,0.0677,0.19,0.0458,0.0554,0.0756,0.0547
1941-08-31,0.013600000000000001,0.11289999999999999,-0.0074,0.1283,-0.0242,0.0074,-0.0026,0.0008,-0.006,-0.0051,0.0023,-0.0154,-0.0011,0.0138,0.0239,0.0003,0.0011,-0.0195,-0.0347,-0.020499999999999997,0.0106,-0.0412,-0.0066,-0.0217,-0.0066,0.022000000000000002,0.024,0.02,0.003,0.0233
1941-09-30,0.03,-0.011200000000000002,0.0046,-0.0045000000000000005,-0.0231,-0.0147,0.005699999999999999,-0.0021,-0.0209,-0.008,-0.018500000000000003,-0.0509,-0.0279,-0.0202,0.0392,-0.038599999999999995,-0.0334,-0.0587,-0.006,-0.0285,0.0025,-0.011000000000000001,0.0195,0.0092,-0.035699999999999996,-0.0337,0.0051,-0.0252,0.0052,-0.0001
1941-10-31,-0.0462,-0.013300000000000001,-0.1306,-0.021,-0.0809,-0.0368,-0.038599999999999995,-0.037200000000000004,-0.0635,-0.0416,-0.1107,-0.0582,-0.0735,-0.1242,-0.0788,-0.0545,-0.07490000000000001,-0.0599,0.022799999999999997,-0.0973,-0.027200000000000002,-0.0464,-0.051699999999999996,-0.0645,-0.0264,-0.0877,-0.052000000000000005,-0.0227,-0.0603,-0.0311
1941-11-30,-0.0051,0.0067,-0.09720000000000001,0.024900000000000002,-0.0594,-0.0391,-0.0105,-0.0296,0.006,-0.0292,-0.0045000000000000005,-0.0229,-0.031,-0.0236,-0.0349,-0.0031,0.0062,-0.0179,0.0319,-0.0673,-0.0403,0.1225,-0.0143,-0.08470000000000001,-0.0225,0.0049,-0.0464,-0.0163,-0.0246,-0.0337
1941-12-31,-0.0507,-0.0638,-0.0095,-0.0304,-0.1451,-0.0689,-0.0101,-0.016,0.0079,-0.0712,-0.001,0.06849999999999999,0.0088,0.005,-0.1293,0.0102,-0.023700000000000002,-0.04019999999999999,-0.1119,-0.0751,-0.0863,-0.26030000000000003,0.0054,-0.1255,-0.059000000000000004,-0.0562,-0.09910000000000001,-0.0667,-0.0736,-0.111
1942-01-31,-0.0064,0.056600000000000004,0.068,0.053200000000000004,0.1451,-0.0363,0.1079,-0.0302,-0.08,0.069,0.0291,0.0027,0.042300000000000004,0.025,0.0641,-0.0245,0.0608,0.0336,-0.0168,0.0405,-0.0137,0.10980000000000001,-0.0204,0.0647,0.12380000000000001,0.018000000000000002,0.0058,0.034,0.0579,0.1075
1942-02-28,-0.0698,-0.0169,-0.0432,0.011000000000000001,-0.009000000000000001,-0.046900000000000004,-0.0213,-0.0541,-0.049699999999999994,-0.0074,-0.013600000000000001,-0.0049,-0.0258,-0.0282,0.0545,0.0034999999999999996,-0.021,-0.006500000000000001,-0.0591,-0.0248,-0.005699999999999999,-0.0169,-0.0171,-0.0087,-0.026600000000000002,0.0424,-0.0204,-0.0017000000000000001,0.0023,-0.0326
1942-03-31,-0.0704,-0.0471,-0.132,-0.0425,-0.0013,-0.0222,-0.026000000000000002,-0.0554,-0.08199999999999999,-0.0354,-0.038599999999999995,-0.0453,-0.06309999999999999,-0.0639,0.0147,-0.0287,-0.1121,-0.0317,-0.08310000000000001,-0.122,-0.0695,-0.1199,-0.060899999999999996,-0.0467,-0.0958,-0.0118,-0.0725,-0.0169,-0.0625,-0.0395
1942-04-30,-0.0253,-0.068,-0.0542,-0.0564,-0.0168,0.0165,-0.09699999999999999,-0.0444,-0.018600000000000002,-0.0588,-0.0408,-0.0736,-0.049800000000000004,-0.04,-0.0417,-0.10460000000000001,-0.0449,-0.0694,-0.0354,-0.0346,-0.0732,-0.0167,-0.0288,-0.0345,-0.0095,-0.07400000000000001,-0.0592,-0.037599999999999995,-0.0129,-0.0096
1942-05-31,0.0756,0.0986,0.1318,0.0944,0.0397,0.0063,0.0235,0.1478,0.046799999999999994,0.067,0.0594,-0.029300000000000003,0.0394,0.0843,0.1048,-0.0368,0.051,-0.0068000000000000005,0.069,0.0839,0.07719999999999999,0.0472,0.0675,0.04769999999999999,0.0088,0.0504,0.1209,0.0059,0.0805,0.041100000000000005
1942-06-30,0.0437,0.0279,0.0212,0.0322,0.0667,0.0393,0.0297,0.0285,0.0495,0.0178,0.023399999999999997,0.0348,0.0366,0.0286,0.016,-0.0034999999999999996,0.0391,0.015300000000000001,0.0446,0.0166,-0.0231,-0.0507,0.0808,0.0262,0.0118,0.0131,0.025699999999999997,0.011899999999999999,0.0175,0.023399999999999997
1942-07-31,0.02,0.0735,0.0196,0.09029999999999999,0.0462,0.0471,0.038,0.016,0.01,0.0559,0.0359,0.0381,0.0326,0.013300000000000001,0.0235,0.0521,0.0487,0.0682,0.0605,-0.004699999999999999,0.044800000000000006,-0.0009,0.0276,-0.0013,0.0736,0.10769999999999999,0.047400000000000005,0.12210000000000001,0.0546,0.026000000000000002
1942-08-31,0.0167,0.07400000000000001,-0.0242,0.0004,0.0393,0.009300000000000001,0.013000000000000001,0.024399999999999998,0.009899999999999999,0.0291,-0.0019,0.013999999999999999,-0.0021,0.0181,0.0264,0.052199999999999996,-0.0017000000000000001,0.0046,0.0359,0.008100000000000001,0.024900000000000002,-0.0073,-0.013600000000000001,0.013500000000000002,0.037200000000000004,0.0281,0.0169,0.028999999999999998,0.018600000000000002,-0.0053
1942-09-30,0.006999999999999999,0.0495,-0.0352,0.0393,0.0058,0.018000000000000002,0.0177,0.0026,0.047400000000000005,0.0363,0.0347,0.0144,0.036000000000000004,0.053099999999999994,0.0286,0.038,0.011200000000000002,0.049,0.0235,0.058600000000000006,0.0207,0.052000000000000005,0.0492,0.0089,0.0426,0.0181,0.0062,0.0168,0.022099999999999998,0.0546
1942-10-31,0.0443,-0.0064,0.0545,0.0679,0.11720000000000001,0.0706,0.0229,0.0414,0.0663,0.056299999999999996,0.0649,0.0681,0.07519999999999999,0.071,0.060700000000000004,0.0724,0.09880000000000001,0.0579,0.0966,0.1519,0.061900000000000004,0.1184,0.0458,0.0513,0.0867,0.0437,0.0044,0.04769999999999999,0.0926,0.0067
1942-11-30,0.049699999999999994,0.0022,-0.0128,-0.0175,0.0060999999999999995,-0.0087,-0.0171,0.0158,0.0066,0.032,0.023700000000000002,-0.0706,-0.0121,0.0096,-0.0039000000000000003,-0.0967,-0.0215,-0.0725,0.009899999999999999,-0.0132,0.0263,0.08810000000000001,0.042300000000000004,0.0083,-0.0374,0.019,0.0682,0.042800000000000005,0.0276,0.0649
1942-12-31,0.0377,0.049,0.06269999999999999,0.07780000000000001,0.0187,-0.0042,0.0797,0.08710000000000001,0.061,0.0579,0.0668,0.037000000000000005,0.0819,0.06709999999999999,0.08990000000000001,0.030699999999999998,0.054400000000000004,0.0154,0.0758,0.0436,0.0034999999999999996,-0.0395,0.0512,0.0392,0.0355,0.09359999999999999,0.0268,-0.0277,0.0527,0.0262
1943-01-31,0.08109999999999999,0.07490000000000001,0.12269999999999999,0.0216,0.1461,0.0664,0.0666,0.024700000000000003,0.045899999999999996,0.0894,0.06559999999999999,0.0943,0.0548,0.1192,0.051100000000000007,0.1112,0.085,0.10550000000000001,0.0637,0.14730000000000001,0.0378,0.1642,0.0547,0.11470000000000001,0.0729,0.0406,0.0688,0.1537,0.0667,0.0906
1943-02-28,0.040999999999999995,0.0557,0.0033,0.1133,0.1795,0.0874,0.0753,0.0365,0.0229,0.0733,0.0742,0.059500000000000004,0.0791,0.0464,0.0781,0.09119999999999999,0.0479,0.114,0.079,0.0796,0.08810000000000001,0.1023,0.0079,0.0403,0.10619999999999999,0.1149,0.0287,0.0417,0.0922,0.0161
1943-03-31,0.0407,0.0966,0.0298,0.2484,0.12689999999999999,0.025699999999999997,0.050199999999999995,0.045700000000000005,0.0263,0.1013,0.0717,0.08380000000000001,0.0706,0.0755,0.059699999999999996,0.1008,0.08810000000000001,0.152,0.0694,0.047,0.0064,0.27399999999999997,0.0726,0.0484,0.0924,0.1261,0.0857,0.0934,0.0967,0.060599999999999994
1943-04-30,0.005,0.09759999999999999,0.0113,0.0149,0.0863,0.0108,-0.021099999999999997,0.013999999999999999,-0.008,0.0106,-0.0126,-0.04019999999999999,-0.0083,0.013600000000000001,0.009000000000000001,-0.0048,-0.015300000000000001,0.1259,0.0085,0.0403,0.0416,0.0096,0.0079,-0.0086,0.0347,0.0776,0.0161,0.086,0.015300000000000001,0.016200000000000003
1943-05-31,0.0711,0.0321,0.0634,0.1182,0.1559,0.046900000000000004,0.043899999999999995,0.0599,0.0688,0.025099999999999997,0.0702,0.0336,0.0332,0.0613,0.06280000000000001,0.0668,0.0152,0.0395,0.0572,0.0455,0.045700000000000005,0.2137,0.0655,0.0633,0.0495,0.037200000000000004,0.0766,0.0453,0.0851,0.07690000000000001
1943-06-30,0.0154,0.04190000000000001,0.0196,0.0016,-0.0096,-0.0005,0.0489,-0.0066,0.0012,0.064,0.0449,-0.0083,0.0495,0.0334,0.051,-0.026099999999999998,-0.0388,-0.0666,0.0128,0.042,0.022799999999999997,0.0711,0.0037,0.0322,-0.0045000000000000005,0.1552,0.0537,0.0196,0.001,0.0054
1943-07-31,-0.0038,-0.0666,-0.0394,-0.0659,-0.0641,-0.0319,0.0040999999999999995,-0.0332,-0.0654,-0.08220000000000001,-0.0823,-0.0525,-0.0797,-0.0866,-0.0956,-0.1252,-0.026000000000000002,-0.1017,-0.0279,-0.005,-0.0018,0.060899999999999996,-0.0414,-0.0546,-0.0591,-0.094,-0.0311,0.0417,-0.043,-0.0782
1943-08-31,0.0062,0.028300000000000002,0.0105,0.0163,0.0408,0.0095,-0.0087,0.0026,0.0066,0.0371,0.0032,0.0026,0.0192,0.0076,0.037000000000000005,-0.0004,0.0149,0.0264,0.010700000000000001,0.0184,0.0091,0.0843,-0.0012,-0.013300000000000001,0.0149,0.026000000000000002,0.0383,-0.0052,0.0105,0.055999999999999994
1943-09-30,0.0206,0.0096,0.0219,0.0318,0.044800000000000006,0.053,0.018799999999999997,0.04019999999999999,0.024,0.0533,0.0533,0.0172,0.024300000000000002,0.0576,0.0169,0.0086,0.0083,0.0431,0.0138,0.0387,0.014499999999999999,-0.0106,0.0391,0.05,0.0255,0.0556,0.021099999999999997,0.0011,0.016399999999999998,0.0282
1943-10-31,-0.0029,0.136,-0.021099999999999997,-0.029300000000000003,-0.0037,-0.0108,-0.02,0.0059,-0.0219,-0.004,-0.0196,0.0109,-0.012199999999999999,-0.0404,-0.0129,0.0126,-0.0347,0.0031,-0.0208,0.005699999999999999,0.0073,-0.0165,-0.020099999999999996,0.0034000000000000002,-0.003,0.0226,-0.0259,0.0125,-0.0092,-0.0036
1943-11-30,-0.0421,-0.018500000000000003,-0.0616,-0.09820000000000001,-0.10210000000000001,-0.027000000000000003,-0.018799999999999997,-0.0394,-0.0501,-0.048600000000000004,-0.0579,-0.0727,-0.0726,-0.0687,-0.0571,-0.1093,-0.042800000000000005,-0.11900000000000001,-0.0692,-0.084,-0.0174,-0.0713,-0.0542,-0.0697,-0.091,-0.0872,-0.0443,-0.027200000000000002,-0.0721,-0.0492
1943-12-31,0.0553,0.12480000000000001,0.0621,0.1121,0.1207,0.0513,0.038,0.0395,0.032799999999999996,0.08289999999999999,0.0707,0.042300000000000004,0.1152,0.0805,0.08460000000000001,0.1131,0.0362,0.1001,0.07339999999999999,0.07429999999999999,0.0315,0.1072,0.07980000000000001,0.0665,0.0725,0.11130000000000001,0.0687,0.0264,0.08310000000000001,0.055099999999999996
1944-01-31,0.0339,0.011899999999999999,0.0666,0.018000000000000002,0.0217,0.0223,0.0253,0.0029,0.0038,0.0347,0.0269,0.031400000000000004,0.020499999999999997,0.0084,0.0086,0.0453,0.0349,0.0576,0.0042,-0.0032,0.0086,0.177,0.0014000000000000002,0.027000000000000003,0.0632,-0.0037,0.0076,0.0222,0.0105,0.0196
1944-02-29,-0.0021,-0.0541,-0.012,-0.009300000000000001,-0.0087,-0.026600000000000002,0.0231,-0.0265,-0.0075,0.0086,-0.0181,0.0004,-0.0027,-0.029900000000000003,0.037200000000000004,0.0207,-0.009000000000000001,0.04650000000000001,0.0006,0.0151,0.0088,0.0572,-0.0018,-0.0032,0.0394,0.018600000000000002,0.01,0.0203,0.0022,0.0054
1944-03-31,0.0207,0.131,0.0239,0.0649,0.0444,0.0123,0.0158,0.0246,0.025099999999999997,0.0562,0.0378,0.0144,0.0146,0.0332,0.0524,0.0021,0.0005,0.0664,0.0182,0.0178,0.0074,0.0192,0.0482,0.0391,0.025,0.0484,0.021400000000000002,0.0736,0.035699999999999996,0.004699999999999999
1944-04-30,-0.024700000000000003,-0.0352,-0.0060999999999999995,-0.0398,-0.028900000000000002,-0.0173,-0.0177,-0.023700000000000002,-0.0178,0.0037,-0.0072,-0.0222,-0.0285,-0.012199999999999999,-0.012,-0.0401,-0.0279,-0.0461,-0.013300000000000001,-0.0088,-0.005699999999999999,-0.0046,-0.0344,-0.0101,-0.02,-0.049800000000000004,-0.0085,-0.0282,-0.0302,-0.0291
1944-05-31,0.0538,0.045599999999999995,0.052199999999999996,0.0638,0.0888,0.0647,0.0364,0.056799999999999996,0.0417,0.0642,0.0662,0.044800000000000006,0.07339999999999999,0.0322,0.08220000000000001,0.0574,0.0235,0.0901,0.0495,0.0278,0.0281,0.1166,0.045700000000000005,0.0882,0.046,0.0873,0.0499,0.0394,0.0375,0.10869999999999999
1944-06-30,0.0472,-0.050300000000000004,0.083,0.0969,0.1761,0.0525,0.0643,0.0385,0.0574,0.1032,0.09759999999999999,0.09699999999999999,0.0718,0.0843,0.08789999999999999,0.075,0.102,0.0316,0.0051,0.0492,0.0327,0.15410000000000001,0.0547,0.0475,0.035699999999999996,0.0191,0.058600000000000006,0.10980000000000001,0.08349999999999999,0.0832
1944-07-31,0.0004,0.0032,-0.0051,-0.0435,-0.019,-0.0072,-0.0087,-0.0124,-0.0232,-0.0336,-0.0275,-0.0207,-0.0178,-0.0177,-0.0478,-0.0102,-0.024,0.0661,-0.013000000000000001,0.002,-0.0037,0.1355,-0.0195,-0.0054,0.003,0.012,-0.0014000000000000002,-0.0073,-0.0146,-0.039599999999999996
1944-08-31,0.0219,0.004699999999999999,0.0259,-0.0088,0.1082,0.0184,0.0226,0.0076,0.0067,0.0567,0.0373,0.018600000000000002,0.036699999999999997,0.0174,0.0375,0.050499999999999996,-0.0113,-0.027999999999999997,-0.0194,0.0366,0.0067,-0.0172,0.024399999999999998,0.0271,0.0033,0.0194,0.032,0.021400000000000002,0.0195,0.0527
1944-09-30,0.0124,0.0218,-0.0461,0.015300000000000001,-0.0115,0.0131,0.017,0.0043,0.001,-0.0024,-0.013000000000000001,0.0115,-0.0012,-0.006999999999999999,0.0046,0.0588,0.002,-0.032799999999999996,-0.013600000000000001,-0.0152,0.0028000000000000004,-0.0123,-0.0051,-0.0115,-0.0009,0.08,0.0159,0.030899999999999997,-0.0008,-0.011000000000000001
1944-10-31,0.0005,0.0078000000000000005,-0.0032,-0.01,-0.0209,-0.0062,0.0003,0.0109,0.0044,0.006500000000000001,-0.0128,-0.0026,-0.016399999999999998,0.0089,-0.025099999999999997,-0.0014000000000000002,-0.0086,0.0,0.0189,0.0134,0.0076,0.024900000000000002,0.0068000000000000005,-0.0084,0.0151,0.0215,0.0038,-0.0074,-0.002,-0.020099999999999996
1944-11-30,0.0126,0.0729,-0.0023,0.0747,0.0398,-0.003,-0.0098,0.0052,-0.0067,0.0409,0.0152,0.011000000000000001,0.0196,0.016200000000000003,0.0231,0.0368,0.050199999999999995,0.016200000000000003,0.0265,-0.004,0.0069,-0.0109,0.0152,0.0137,0.049800000000000004,0.0197,0.0278,0.0483,0.0069,0.0168
1944-12-31,0.024700000000000003,0.03,0.0051,0.0799,0.0007000000000000001,0.0414,0.014499999999999999,0.0171,0.0206,0.037000000000000005,0.039599999999999996,0.0701,0.045700000000000005,0.05,0.0417,0.061500000000000006,0.037599999999999995,0.1334,0.0506,0.031200000000000002,0.0070999999999999995,0.008,0.0393,0.0222,0.11359999999999999,0.0464,0.02,0.06,0.027200000000000002,0.0757
1945-01-31,0.0273,0.0248,0.025099999999999997,-0.032799999999999996,0.1018,0.018500000000000003,0.0022,0.005600000000000001,0.0253,0.0339,0.0499,0.026099999999999998,0.0345,0.008,0.014499999999999999,0.0053,0.0761,0.005,0.049699999999999994,0.056900000000000006,-0.0212,0.0706,0.0037,0.032400000000000005,-0.0129,0.0007000000000000001,-0.0005,0.061500000000000006,0.0365,0.0132
1945-02-28,0.0242,0.0933,0.0654,0.0645,0.055999999999999994,0.0444,0.051100000000000007,0.0424,0.0557,0.044000000000000004,0.07719999999999999,0.091,0.0557,0.0783,0.0784,0.08960000000000001,0.061799999999999994,0.0302,0.0737,0.061200000000000004,0.028399999999999998,0.0709,0.039,0.061399999999999996,0.0864,0.0525,0.0451,0.049699999999999994,0.07429999999999999,0.0305
1945-03-31,-0.0269,-0.0154,-0.0352,-0.0356,-0.08650000000000001,-0.045599999999999995,-0.0301,-0.0183,-0.0345,-0.0395,-0.0512,-0.0546,-0.051699999999999996,-0.0404,-0.0623,-0.059800000000000006,-0.050300000000000004,-0.056900000000000006,-0.0525,-0.0311,-0.0011,-0.0735,-0.0334,-0.0467,-0.030600000000000002,-0.052300000000000006,-0.0113,-0.057,-0.038900000000000004,-0.0527
1945-04-30,0.0583,0.1574,0.0771,0.0385,0.154,0.0374,0.053399999999999996,0.0633,0.0821,0.08560000000000001,0.0808,0.0947,0.1069,0.0906,0.11019999999999999,0.0625,0.0617,0.0626,0.0691,0.1012,0.025099999999999997,0.0771,0.0574,0.0801,0.10769999999999999,0.0554,0.0729,0.056299999999999996,0.0616,0.1072
1945-05-31,0.0227,-0.0059,0.0245,0.0721,0.039599999999999996,0.0706,0.0447,0.0412,-0.0022,0.0438,0.0215,-0.0044,0.009399999999999999,0.0169,0.0055000000000000005,0.0078000000000000005,0.0227,0.0761,-0.0095,0.0189,0.037599999999999995,0.09949999999999999,0.0215,0.0512,0.0346,0.054000000000000006,0.0629,0.091,0.0092,0.0008
1945-06-30,-0.0004,0.0644,0.0034999999999999996,-0.0078000000000000005,0.0748,-0.0262,0.0068000000000000005,-0.0466,-0.0242,0.0478,-0.0139,0.021400000000000002,-0.0066,-0.022799999999999997,-0.0134,0.0753,0.020499999999999997,0.0475,-0.005600000000000001,0.0516,0.0265,0.048499999999999995,-0.0097,-0.026000000000000002,0.0584,0.07,-0.0351,-0.051699999999999996,0.0362,-0.030899999999999997
1945-07-31,-0.0102,-0.07919999999999999,-0.0019,-0.042699999999999995,-0.0217,-0.0208,-0.0068000000000000005,-0.016200000000000003,-0.0254,-0.04650000000000001,-0.027000000000000003,-0.023799999999999998,-0.0354,-0.0125,-0.0137,-0.055999999999999994,-0.0432,-0.0155,-0.0325,-0.0034000000000000002,0.0218,0.0096,-0.0285,-0.0199,-0.0653,-0.012,-0.0004,-0.0011,-0.0332,-0.0431
1945-08-31,0.0625,0.050199999999999995,0.1076,0.0867,0.1242,0.0707,0.053399999999999996,0.0922,0.09480000000000001,0.1371,0.1184,0.0678,0.08900000000000001,0.10949999999999999,0.0987,0.0677,0.0233,-0.0392,0.023,0.0103,0.0174,0.0432,0.0693,0.0953,-0.0001,0.07769999999999999,0.0839,0.025099999999999997,0.0897,0.1322
1945-09-30,0.0737,0.14800000000000002,0.0126,0.095,0.11779999999999999,0.016,0.0371,0.06509999999999999,0.0672,0.0855,0.0745,0.0803,0.0447,0.0219,0.0264,0.0407,0.0572,0.1072,0.019,0.0659,0.019,0.1152,0.0641,0.051,0.069,0.028999999999999998,0.0559,0.17850000000000002,0.0182,0.0736
1945-10-31,0.0644,0.3922,0.0033,0.12050000000000001,0.1084,0.0547,0.0663,0.066,-0.0034999999999999996,0.015700000000000002,0.004,0.048,0.027000000000000003,-0.020099999999999996,0.006,0.0379,0.0683,0.0643,0.063,0.061900000000000004,0.0236,0.0248,0.0731,0.0323,0.043,0.0397,0.061399999999999996,0.0278,0.0732,-0.0046
1945-11-30,0.031400000000000004,0.041299999999999996,0.03,0.1723,0.0222,0.0364,0.0404,0.0859,0.0322,0.1267,0.0458,0.068,0.0649,0.023799999999999998,0.0248,0.0601,0.1251,0.0541,0.0842,0.0481,0.0339,0.1462,0.0339,0.0446,0.08470000000000001,0.0895,0.0665,0.1273,0.0489,0.0058
1945-12-31,0.0004,0.1948,-0.0191,0.0594,-0.003,0.0373,0.0083,0.015300000000000001,0.023,0.0361,0.0128,0.0045000000000000005,0.008,0.0276,0.0216,0.0417,-0.032799999999999996,0.0311,-0.0028000000000000004,-0.0109,0.0048,0.0227,0.0236,0.0068000000000000005,-0.013000000000000001,0.024399999999999998,0.0336,0.12789999999999999,0.045700000000000005,0.0229
1946-01-31,0.0537,0.0051,0.0059,0.1416,0.0802,0.0451,0.14550000000000002,0.0776,0.0545,0.08800000000000001,0.0857,0.13390000000000002,0.055999999999999994,0.0629,0.0712,0.08779999999999999,0.0736,0.0977,-0.0015,0.1093,0.0191,-0.001,0.068,0.0277,0.061500000000000006,0.15259999999999999,0.1097,0.0158,0.07769999999999999,0.0443
1946-02-28,-0.038599999999999995,-0.0654,-0.052199999999999996,-0.0037,-0.061,-0.0849,-0.0852,-0.0432,-0.0441,-0.0581,-0.03,-0.0762,-0.0803,-0.0781,-0.09,-0.0727,-0.042800000000000005,-0.0096,-0.0472,-0.0574,-0.0282,-0.0337,-0.0641,-0.060599999999999994,-0.0709,-0.0681,-0.0417,-0.0048,-0.0758,-0.0475
1946-03-31,0.0519,0.0891,0.0857,0.12560000000000002,0.0493,0.0707,0.0691,0.1458,0.0721,0.0801,0.0582,0.0355,0.050199999999999995,-0.0060999999999999995,0.019799999999999998,0.0131,-0.006,-0.0144,0.1117,0.0629,0.011699999999999999,0.08929999999999999,0.0802,0.0874,0.0387,0.0621,0.11900000000000001,0.0425,0.0562,0.07519999999999999
1946-04-30,0.0275,0.0025,0.038900000000000004,0.09140000000000001,0.154,0.066,0.046799999999999994,0.1467,0.056299999999999996,0.0873,0.049,0.0391,0.0373,-0.0103,0.0139,-0.0191,0.0426,0.056799999999999996,0.08800000000000001,0.0434,0.0159,0.1776,0.0698,0.071,-0.0034000000000000002,0.0462,0.0717,0.1371,0.0095,0.029300000000000003
1946-05-31,0.018000000000000002,0.0785,0.033,-0.044800000000000006,0.0077,0.0086,0.0862,0.056299999999999996,0.0436,0.09480000000000001,0.0516,0.0677,0.0701,0.0588,0.044199999999999996,0.044800000000000006,0.032,0.049699999999999994,0.0368,0.0304,0.0282,0.057800000000000004,0.0385,0.04190000000000001,0.0512,0.071,0.016200000000000003,-0.0097,0.0393,0.058899999999999994
1946-06-30,-0.0317,0.0242,-0.047599999999999996,-0.044500000000000005,-0.09119999999999999,-0.042,-0.07150000000000001,-0.0552,-0.03,-0.049800000000000004,-0.046900000000000004,-0.0233,-0.0482,-0.051,-0.0594,-0.0565,-0.0542,-0.0521,-0.031400000000000004,-0.027999999999999997,0.0029,-0.0637,-0.0555,-0.0329,-0.027000000000000003,-0.0159,-0.0808,-0.0625,-0.0271,-0.07139999999999999
1946-07-31,-0.008199999999999999,0.034300000000000004,-0.0075,-0.0139,-0.0508,-0.0132,-0.019,-0.0323,-0.024900000000000002,-0.041299999999999996,-0.0559,-0.0262,-0.0552,-0.037599999999999995,-0.0431,-0.0425,-0.056299999999999996,0.0005,-0.0007000000000000001,-0.0363,-0.0008,-0.0096,-0.0245,-0.0207,-0.057800000000000004,-0.028900000000000002,-0.0287,-0.0127,-0.045,-0.049699999999999994
1946-08-31,-0.04650000000000001,-0.0646,-0.039900000000000005,-0.055999999999999994,-0.11560000000000001,-0.047400000000000005,-0.0796,-0.0327,-0.0653,-0.0779,-0.0683,-0.0758,-0.08990000000000001,-0.08039999999999999,-0.09960000000000001,-0.051500000000000004,-0.0681,-0.030899999999999997,-0.0567,-0.0537,-0.07,-0.09960000000000001,-0.0492,-0.047400000000000005,-0.0706,-0.07200000000000001,-0.04769999999999999,-0.04,-0.0659,-0.0446
1946-09-30,-0.08810000000000001,-0.1707,-0.1117,-0.1257,-0.1209,-0.0933,-0.1183,-0.0703,-0.08869999999999999,-0.134,-0.08960000000000001,-0.1199,-0.12240000000000001,-0.1079,-0.1437,-0.1174,-0.0803,-0.1161,-0.0799,-0.0897,-0.0475,-0.1464,-0.0809,-0.1108,-0.1648,-0.0762,-0.0667,-0.1487,-0.1355,-0.1242
1946-10-31,0.0025,-0.0383,0.046900000000000004,-0.032400000000000005,-0.0086,-0.0192,0.0349,-0.0024,-0.036699999999999997,-0.0492,-0.0159,0.014499999999999999,-0.035,-0.0395,-0.032799999999999996,-0.0449,0.0118,0.0028000000000000004,-0.0067,0.014199999999999999,-0.0513,-0.047400000000000005,-0.0083,-0.0051,0.002,-0.0212,-0.0226,-0.0039000000000000003,-0.0147,-0.0161
1946-11-30,-0.0038,-0.08869999999999999,0.0055000000000000005,0.011399999999999999,-0.019299999999999998,-0.002,-0.024399999999999998,0.0166,0.036699999999999997,-0.0106,0.013300000000000001,0.0215,-0.0103,-0.052000000000000005,-0.0172,-0.026099999999999998,0.0143,-0.0087,0.0058,0.008,0.0179,-0.0471,0.027200000000000002,0.0559,-0.0075,-0.0278,-0.0529,0.0684,0.0006,0.013600000000000001
1946-12-31,0.042,0.0152,0.0424,-0.0126,0.0387,0.0969,-0.0181,0.0724,0.0689,0.0565,0.0942,0.051,0.0717,0.048799999999999996,0.0596,0.0449,-0.002,0.028900000000000002,0.044199999999999996,0.060899999999999996,0.0382,0.0204,0.0453,0.0711,0.0218,0.0187,0.0431,-0.015,0.08259999999999999,0.0859
1947-01-31,0.0011,-0.08199999999999999,0.02,-0.0296,0.012,-0.018000000000000002,0.054299999999999994,-0.053200000000000004,-0.0045000000000000005,0.0338,0.0102,0.0101,0.034,0.07339999999999999,0.10460000000000001,0.050199999999999995,0.0326,0.0349,-0.0070999999999999995,-0.0014000000000000002,0.0103,-0.006500000000000001,0.025,-0.0043,0.0018,-0.0036,0.0075,0.0054,0.0229,0.0226
1947-02-28,0.0108,-0.0219,-0.0455,-0.049800000000000004,-0.0158,0.0089,-0.0024,-0.042,-0.0040999999999999995,0.0387,-0.037200000000000004,-0.009300000000000001,-0.0037,-0.0294,0.0173,-0.0091,0.0192,-0.0013,-0.0275,-0.009000000000000001,-0.020499999999999997,-0.0155,-0.0076,0.0178,-0.0059,-0.0126,-0.0037,0.004699999999999999,-0.0278,-0.0097
1947-03-31,-0.0118,-0.0616,-0.028900000000000002,-0.0387,-0.0265,-0.0379,0.0016,-0.0126,-0.0023,-0.0672,-0.029300000000000003,-0.0174,0.0005,-0.04,-0.0278,-0.027999999999999997,-0.028399999999999998,0.0473,0.0226,-0.0279,-0.0215,0.018000000000000002,0.0027,-0.0368,-0.0363,-0.027000000000000003,-0.0215,-0.0472,-0.025,-0.0359
1947-04-30,-0.0521,-0.11289999999999999,-0.0821,-0.0762,-0.1134,-0.0363,-0.0635,-0.0861,-0.0394,-0.0851,-0.0574,-0.06559999999999999,-0.0767,-0.0499,-0.0454,-0.0837,-0.0462,-0.0546,-0.0036,-0.037599999999999995,-0.0022,-0.07,-0.0552,-0.0516,-0.06280000000000001,-0.0546,-0.08109999999999999,-0.0934,-0.0645,-0.0698
1947-05-31,-0.0067,-0.037599999999999995,0.0354,0.0165,-0.0634,-0.0195,-0.044500000000000005,-0.0265,-0.0033,-0.0291,-0.0369,-0.0245,-0.0155,0.0045000000000000005,-0.0264,-0.0501,-0.0146,-0.051,0.026699999999999998,-0.0248,-0.011000000000000001,-0.0292,-0.0131,-0.013999999999999999,-0.0315,-0.0384,-0.0007000000000000001,-0.048600000000000004,-0.0095,-0.0481
1947-06-30,0.0593,0.084,0.0553,0.0219,0.0775,0.0167,0.09570000000000001,0.042,0.08039999999999999,0.09539999999999998,0.0622,0.022799999999999997,0.08960000000000001,0.04650000000000001,0.0604,0.028900000000000002,0.0108,0.11199999999999999,0.07719999999999999,0.0395,-0.0319,0.021099999999999997,0.0274,0.0674,0.0245,0.0771,0.1011,0.079,0.0716,0.032
1947-07-31,0.050199999999999995,0.0209,0.0348,0.0541,0.0415,0.0973,0.029500000000000002,0.026099999999999998,0.0151,0.08689999999999999,0.0317,0.0729,0.0368,0.0691,0.0471,0.0341,0.053399999999999996,0.1714,0.0368,0.025099999999999997,0.008100000000000001,0.08199999999999999,0.0548,0.0338,0.0747,0.0538,0.0452,0.0681,0.0242,0.058899999999999994
1947-08-31,-0.013500000000000002,-0.037000000000000005,-0.025,-0.10439999999999999,-0.0022,-0.0008,0.008199999999999999,-0.0383,-0.006,-0.0004,-0.0271,-0.0060999999999999995,-0.0235,-0.0368,-0.0109,0.0096,-0.020499999999999997,0.0075,-0.0235,0.0024,0.0036,-0.0054,-0.0504,-0.0026,-0.023399999999999997,-0.0137,-0.0365,-0.06849999999999999,-0.0128,-0.0084
1947-09-30,-0.0040999999999999995,0.11810000000000001,-0.0069,-0.0097,-0.022799999999999997,0.0187,-0.0216,-0.0263,-0.0095,0.020099999999999996,0.0076,0.0055000000000000005,0.0274,0.0123,0.0046,0.0167,-0.019,0.1185,-0.029500000000000002,-0.013300000000000001,0.0083,-0.0040999999999999995,0.01,0.0248,-0.013000000000000001,-0.0011,-0.0305,0.0087,0.0076,0.0143
1947-10-31,0.026099999999999998,-0.0464,-0.015700000000000002,-0.0108,0.0403,0.0556,0.029500000000000002,0.0121,0.0116,0.0347,0.0377,0.0562,0.043899999999999995,0.0158,0.026600000000000002,0.0084,0.0078000000000000005,0.0262,0.0529,0.0015,0.0021,0.0213,0.019799999999999998,0.0292,0.0051,0.0159,0.0318,0.0021,0.0308,0.0661
1947-11-30,-0.0254,-0.019299999999999998,0.0086,-0.025,-0.0574,-0.029500000000000002,-0.0074,-0.030600000000000002,-0.0075,-0.0074,-0.022099999999999998,-0.0016,-0.0075,-0.0176,-0.0275,-0.0148,0.0183,0.0447,-0.0044,-0.07629999999999999,-0.025699999999999997,-0.034300000000000004,0.0132,-0.0394,-0.0286,-0.0227,-0.0245,-0.012,-0.016399999999999998,-0.0044
1947-12-31,0.0003,-0.0111,0.0109,-0.06570000000000001,-0.0106,0.0089,0.0362,0.031200000000000002,0.0192,0.049400000000000006,0.0277,0.0375,0.032799999999999996,0.0331,0.0248,0.015300000000000001,-0.0487,0.0443,0.0943,0.0118,0.0044,-0.0226,0.0126,0.0305,0.08310000000000001,0.0013,0.004,0.0587,0.0113,-0.0019
1948-01-31,-0.029900000000000003,-0.0318,-0.0161,-0.0547,-0.0346,-0.035,-0.013999999999999999,-0.0825,-0.0446,-0.029300000000000003,-0.0575,-0.040999999999999995,-0.034300000000000004,-0.0404,-0.051500000000000004,0.0171,0.0165,-0.011200000000000002,-0.0755,-0.0022,0.001,-0.0027,-0.078,-0.057,-0.0039000000000000003,-0.0262,-0.0336,-0.0526,-0.0126,-0.0567
1948-02-29,-0.067,-0.0848,-0.0248,-0.0617,-0.0464,-0.0406,-0.0776,-0.0354,-0.055999999999999994,-0.073,-0.0574,-0.0504,-0.0596,-0.0504,-0.056600000000000004,-0.051399999999999994,-0.0192,-0.054299999999999994,-0.028999999999999998,-0.0359,-0.0106,-0.0709,-0.0218,-0.051699999999999996,-0.0377,-0.06570000000000001,-0.0368,-0.0148,-0.053200000000000004,0.0231
1948-03-31,0.0658,0.11289999999999999,-0.0171,0.25730000000000003,0.0587,0.0322,0.0636,0.0635,0.08220000000000001,0.0909,0.0788,0.12890000000000001,0.09480000000000001,0.1192,0.0729,0.1593,0.0812,0.1058,0.09939999999999999,0.0676,0.0197,-0.0069,0.1002,0.08380000000000001,0.0873,0.0758,0.0681,0.0002,0.0823,0.0687
1948-04-30,0.0138,-0.008100000000000001,-0.0068000000000000005,-0.0292,0.0605,0.0412,0.024300000000000002,0.021400000000000002,0.0254,0.0542,-0.0022,0.0233,0.035699999999999996,-0.0158,0.009300000000000001,0.023399999999999997,0.047400000000000005,0.0475,0.11359999999999999,0.0151,0.0265,0.040999999999999995,0.0095,0.0632,0.0361,0.099,0.049400000000000006,-0.042699999999999995,0.0433,0.0192
1948-05-31,0.0373,0.1272,0.0268,0.0698,0.0832,0.0608,0.043899999999999995,0.068,0.078,0.1208,0.0978,0.08109999999999999,0.0794,0.1702,0.1435,0.0361,0.042,0.1108,0.06,0.0575,0.024900000000000002,0.0755,0.0626,0.0967,0.061799999999999994,0.029900000000000003,0.0894,0.0978,0.0992,0.0644
1948-06-30,-0.0131,-0.0557,-0.0139,-0.1045,0.0038,-0.0134,-0.0215,-0.0219,0.0045000000000000005,-0.037599999999999995,-0.0383,0.0018,-0.0151,-0.0067,0.0053,-0.04,-0.0070999999999999995,0.0141,0.0353,0.024900000000000002,0.0043,-0.0001,-0.0271,-0.0347,0.0044,0.0127,-0.014499999999999999,-0.039,-0.0022,0.0021
1948-07-31,-0.0317,-0.037000000000000005,0.0437,-0.0755,-0.0432,-0.0172,-0.0132,-0.0426,-0.0576,-0.0254,-0.0637,-0.039,-0.0726,-0.0736,-0.0458,-0.0163,-0.0326,-0.0298,-0.0726,-0.0414,-0.0165,-0.07490000000000001,-0.0526,-0.0434,-0.045899999999999996,-0.0507,-0.0794,-0.0407,-0.057300000000000004,-0.0407
1948-08-31,-0.0021,0.0011,0.019,0.0562,0.0097,-0.003,-0.018600000000000002,-0.019,-0.0033,-0.013999999999999999,0.015300000000000001,0.016399999999999998,-0.015300000000000001,0.0124,0.011399999999999999,0.0051,-0.0018,0.0002,-0.0207,0.001,0.0006,0.0126,0.0625,0.0036,0.0216,-0.044199999999999996,0.0302,-0.0116,-0.0085,0.0218
1948-09-30,-0.0443,-0.0123,-0.0316,-0.07400000000000001,-0.0675,-0.0344,-0.0151,-0.031,-0.0184,-0.0546,-0.0405,-0.0219,-0.045599999999999995,-0.0236,-0.0351,-0.0189,-0.0259,-0.0555,-0.044500000000000005,-0.0092,-0.0023,-0.042800000000000005,-0.045700000000000005,-0.042,-0.0397,-0.0278,-0.0078000000000000005,-0.027200000000000002,-0.0092,-0.0363
1948-10-31,0.038599999999999995,0.053,0.0345,0.0231,0.0098,0.0397,0.0177,0.052000000000000005,0.0711,0.028900000000000002,0.07719999999999999,0.084,0.0599,0.0779,0.078,0.0242,0.0438,0.0736,0.0924,0.044500000000000005,0.0111,0.0407,0.0527,0.0528,0.0495,0.046900000000000004,0.0414,0.024700000000000003,0.060899999999999996,0.031200000000000002
1948-11-30,-0.0616,-0.0787,-0.028999999999999998,-0.0381,-0.1121,-0.060700000000000004,-0.0669,-0.0575,-0.0851,-0.10039999999999999,-0.08199999999999999,-0.12689999999999999,-0.1091,-0.11810000000000001,-0.12279999999999999,-0.1371,-0.0681,-0.0482,-0.12359999999999999,-0.0909,-0.0206,-0.066,-0.0487,-0.10400000000000001,-0.1278,-0.0583,-0.057999999999999996,-0.061900000000000004,-0.0868,-0.0906
1948-12-31,0.0113,0.0078000000000000005,0.0079,0.0605,-0.022799999999999997,0.0003,0.0015,0.0454,0.075,-0.0167,0.019299999999999998,0.02,0.0213,0.0692,0.039599999999999996,0.024399999999999998,-0.0012,-0.0206,0.048799999999999996,0.026600000000000002,0.0109,-0.004699999999999999,0.0538,0.0487,0.0199,0.008,0.015300000000000001,0.013600000000000001,0.061200000000000004,-0.0076
1949-01-31,0.036000000000000004,0.0239,0.0481,0.0163,0.0424,0.0026,0.0425,0.0458,-0.0026,0.0246,0.0072,0.008,-0.015300000000000001,-0.03,0.0268,0.014499999999999999,0.0163,-0.0473,-0.0382,0.047599999999999996,-0.0127,0.0308,0.0138,0.0037,0.0028000000000000004,0.030899999999999997,0.0108,-0.0003,-0.009000000000000001,0.0294
1949-02-28,-0.023700000000000002,-0.017,0.0038,0.0166,-0.0736,-0.0855,-0.045899999999999996,-0.009300000000000001,-0.0218,-0.0191,-0.027999999999999997,-0.0591,-0.0355,-0.0584,-0.0355,-0.0203,0.0097,-0.0815,-0.042300000000000004,0.0067,-0.003,-0.0554,-0.0168,-0.0051,-0.0572,-0.0387,-0.0222,0.011699999999999999,-0.0076,-0.022000000000000002
1949-03-31,0.043899999999999995,0.0579,0.009399999999999999,0.0384,0.0941,0.0919,0.038900000000000004,0.055,0.0288,-0.022799999999999997,0.0425,0.0138,0.0571,0.0571,0.0355,0.0727,0.042199999999999994,0.0526,0.060899999999999996,0.038,0.013600000000000001,0.036000000000000004,0.0602,0.032,0.0421,0.026600000000000002,0.0453,0.025,0.0747,0.0401
1949-04-30,-0.0194,-0.0206,0.0023,-0.0006,-0.0034000000000000002,-0.012,-0.0242,0.0024,-0.0239,-0.0384,-0.0374,-0.0495,-0.0397,-0.041100000000000005,-0.0401,-0.0504,0.0109,-0.08199999999999999,0.014499999999999999,0.012199999999999999,-0.0165,0.0726,-0.031200000000000002,-0.0384,-0.028300000000000002,-0.0166,-0.0168,0.004,-0.0027,-0.0717
1949-05-31,-0.0132,-0.0103,0.0291,-0.0241,-0.022099999999999998,-0.0043,-0.0113,-0.019,-0.009899999999999999,-0.0134,-0.0334,-0.0663,-0.0308,-0.0593,-0.030600000000000002,-0.0642,-0.0125,-0.009000000000000001,-0.0575,-0.0059,-0.0217,-0.0344,-0.044199999999999996,-0.0363,-0.0339,-0.0537,0.0048,-0.0022,-0.0199,-0.0125
1949-06-30,0.0044,0.0334,0.0,0.0088,0.0013,-0.009899999999999999,0.034300000000000004,0.0217,0.0069,0.049100000000000005,0.013600000000000001,-0.0129,0.03,0.0023,0.0103,-0.0044,-0.0218,0.0013,-0.012,-0.0101,0.0113,0.036000000000000004,-0.0006,-0.0027,-0.021099999999999997,0.021099999999999997,0.0296,0.0025,-0.0066,-0.0138
1949-07-31,0.053200000000000004,0.0729,0.031,0.0098,0.0363,0.08960000000000001,0.0388,0.0601,0.046,0.059000000000000004,0.0733,0.0786,0.0507,0.0708,0.09140000000000001,0.0352,0.033,0.06509999999999999,0.062400000000000004,0.0472,0.0241,0.0902,0.0664,0.059500000000000004,0.039900000000000005,0.044000000000000004,0.0521,0.0424,0.0632,0.08789999999999999
1949-08-31,0.0449,0.045,0.0351,0.0004,0.0562,0.041100000000000005,0.0276,0.0018,0.0321,0.0217,0.0242,-0.0031,0.026600000000000002,0.0087,0.0182,0.0036,0.024399999999999998,0.029500000000000002,0.0554,0.0368,0.0097,0.0252,0.0055000000000000005,0.0553,0.0073,0.0331,0.0147,-0.0132,0.0262,0.011399999999999999
1949-09-30,0.0235,0.0567,0.0269,0.0151,0.0255,0.0317,0.0431,0.018600000000000002,0.0493,0.0277,0.0302,0.0356,0.032799999999999996,0.0352,0.023799999999999998,0.0385,0.017,0.0351,0.0302,0.0406,0.0121,0.11939999999999999,0.0383,0.0462,0.0279,0.0449,0.0216,0.021,0.06280000000000001,0.0381
1949-10-31,0.022000000000000002,0.028300000000000002,-0.013999999999999999,0.0365,0.022400000000000003,0.08960000000000001,0.0418,0.0338,0.0416,0.0139,0.0335,0.0509,0.029500000000000002,0.026600000000000002,0.07200000000000001,0.0348,0.037200000000000004,-0.006500000000000001,0.0378,0.0131,0.018799999999999997,0.0163,0.0536,0.049100000000000005,0.009000000000000001,0.0098,0.0062,0.0222,0.042300000000000004,0.024900000000000002
1949-11-30,0.0191,0.0451,0.0217,0.0039000000000000003,-0.025699999999999997,0.0391,-0.0069,0.048,0.0504,0.0068000000000000005,0.0436,0.0265,-0.0038,0.0404,0.045700000000000005,-0.0049,-0.0007000000000000001,0.0401,-0.0297,0.032799999999999996,0.0167,0.0022,0.0369,0.026099999999999998,0.0088,0.011000000000000001,0.0218,0.0316,0.03,0.028999999999999998
1949-12-31,0.058600000000000006,0.0435,0.0246,0.1042,0.0713,0.0584,0.049400000000000006,0.0872,0.0588,0.0705,0.0727,0.0633,0.0588,0.0934,0.0883,0.0736,0.0166,-0.0248,0.0116,0.0325,0.0158,0.0492,0.0897,0.0863,0.0823,0.0432,0.0481,0.0552,0.0617,0.023399999999999997
1950-01-31,0.0168,0.0365,-0.0085,-0.006500000000000001,0.025699999999999997,0.0256,0.0008,0.0106,0.009300000000000001,0.0321,-0.0016,0.0369,0.016399999999999998,0.054400000000000004,0.0166,0.0512,0.04190000000000001,0.0355,-0.0072,0.0375,0.018600000000000002,0.025,0.032400000000000005,0.0353,0.046799999999999994,0.0091,0.0038,0.016399999999999998,0.0171,0.041100000000000005
1950-02-28,0.0168,-0.010700000000000001,0.014199999999999999,-0.0718,-0.0195,0.0414,-0.0504,0.0192,0.0097,-0.045700000000000005,0.0169,0.0338,0.0037,0.0437,0.0371,0.057999999999999996,-0.0051,-0.0304,-0.0049,0.024,0.0066,-0.0115,0.019799999999999998,-0.0025,0.0168,0.0161,0.0242,0.020499999999999997,0.034300000000000004,0.0504
1950-03-31,0.0017000000000000001,-0.0029,-0.0066,-0.0165,-0.0317,-0.0033,-0.0046,-0.0292,0.0358,-0.0479,0.009000000000000001,-0.0152,-0.011200000000000002,0.0407,0.0159,-0.0327,-0.0225,0.0096,0.0492,0.005600000000000001,0.046,0.03,-0.001,0.0209,-0.0083,-0.0051,-0.0017000000000000001,-0.0189,-0.0001,0.01
1950-04-30,-0.0034999999999999996,0.027000000000000003,-0.028300000000000002,0.034300000000000004,0.021099999999999997,0.0805,0.0151,0.0552,0.0942,0.0751,0.044000000000000004,0.0759,0.0275,0.06709999999999999,0.10400000000000001,0.1065,0.041299999999999996,-0.0329,0.0334,0.009399999999999999,0.023700000000000002,-0.0016,0.016200000000000003,0.0766,0.0109,-0.004,-0.0034999999999999996,0.064,-0.0053,0.0051
1950-05-31,0.0235,-0.0019,0.0049,-0.0425,0.0034999999999999996,0.052300000000000006,0.06509999999999999,0.0397,0.0746,0.032799999999999996,0.0431,0.0616,0.0412,0.0034999999999999996,0.0697,-0.010700000000000001,0.0269,0.0796,0.08789999999999999,0.0183,0.0197,0.10710000000000001,0.0003,0.07139999999999999,0.0028000000000000004,0.0526,0.030299999999999997,-0.0022,0.047400000000000005,0.040999999999999995
1950-06-30,-0.0668,-0.0217,-0.0449,-0.062,-0.0636,-0.0849,-0.0533,-0.042,-0.067,-0.049,-0.0868,-0.0417,-0.0587,-0.078,-0.0395,-0.050300000000000004,-0.062400000000000004,-0.0765,-0.0438,-0.07690000000000001,-0.0434,-0.0935,-0.08349999999999999,-0.1058,-0.0637,-0.0735,-0.0429,-0.044500000000000005,-0.07730000000000001,-0.0849
1950-07-31,-0.024300000000000002,0.0602,-0.019,0.048,-0.0424,-0.0217,0.0594,-0.0696,-0.038,0.16879999999999998,-0.0711,0.1215,0.049400000000000006,-0.0159,-0.011000000000000001,0.1741,0.0335,0.2059,0.0864,-0.052300000000000006,-0.013300000000000001,-0.01,-0.0513,0.0051,0.1616,0.0381,-0.012,-0.0034999999999999996,-0.0596,-0.0751
1950-08-31,0.053200000000000004,0.0318,0.0034000000000000002,0.0286,0.0857,0.1079,0.0353,0.0368,0.0775,0.027999999999999997,0.0669,0.0475,0.045899999999999996,0.039,0.0889,-0.0216,0.0839,0.049400000000000006,0.0433,0.0345,0.0256,0.06280000000000001,0.0762,0.1056,0.0005,0.1182,0.0398,0.051399999999999994,0.0437,0.0512
1950-09-30,0.0383,0.1013,0.04769999999999999,0.10949999999999999,0.1421,0.0346,0.0596,0.0616,0.0421,0.0453,0.0861,0.0323,0.0709,0.046799999999999994,0.08410000000000001,-0.004699999999999999,0.09369999999999999,0.0321,0.0354,0.0453,-0.0048,0.056299999999999996,0.056100000000000004,0.06570000000000001,0.0426,0.0526,0.0875,0.06509999999999999,0.0859,0.0693
1950-10-31,-0.0043,-0.011899999999999999,0.0015,-0.058899999999999994,-0.0064,-0.0084,-0.0026,-0.0177,-0.0085,-0.004699999999999999,-0.0167,0.04,-0.0077,-0.0139,0.004,0.0226,-0.0196,-0.026699999999999998,0.0034000000000000002,-0.0075,0.0021,-0.0116,-0.016399999999999998,0.0002,-0.0075,-0.0365,0.011200000000000002,-0.0178,-0.0109,0.0017000000000000001
1950-11-30,-0.0058,0.0317,-0.0176,-0.0131,-0.02,0.0105,0.0334,0.0467,0.0766,0.0225,0.0443,0.0526,0.031400000000000004,0.0052,-0.021099999999999997,0.063,0.075,0.049100000000000005,0.0535,-0.011899999999999999,-0.0024,-0.0227,0.0616,0.0698,0.0416,0.036000000000000004,0.009899999999999999,0.0155,0.0276,0.0132
1950-12-31,0.0146,0.0641,-0.0138,0.0106,0.023,0.0161,0.064,0.061,0.062,0.1249,0.030600000000000002,0.0765,0.1002,0.0508,0.0232,0.1131,0.0873,0.13849999999999998,0.0861,0.0361,0.019,0.0121,0.0209,0.061399999999999996,0.1595,0.0415,0.0271,0.038,0.045,0.0304
1951-01-31,0.0454,0.0875,0.037200000000000004,0.0481,0.0696,0.0765,0.0222,0.031,0.0432,0.037200000000000004,0.08109999999999999,0.0848,0.0639,0.10439999999999999,0.0901,0.0308,0.0613,0.04019999999999999,0.0634,0.050499999999999996,0.0187,0.050199999999999995,0.034,0.0535,0.0823,0.0526,0.0349,0.0762,0.0219,0.0983
1951-02-28,0.018000000000000002,-0.034,-0.0079,0.0458,0.0011,0.015,0.0246,0.014499999999999999,0.0264,0.0265,0.0323,-0.023399999999999997,0.0171,0.013000000000000001,0.029500000000000002,0.0174,0.002,0.0026,0.0097,0.0313,0.041100000000000005,0.0040999999999999995,0.0024,0.0183,-0.0229,-0.015300000000000001,0.0342,0.027000000000000003,0.022400000000000003,0.015700000000000002
1951-03-31,-0.0126,-0.0475,-0.0158,-0.056299999999999996,-0.0437,-0.0319,-0.049400000000000006,0.017,-0.0176,-0.0932,0.006,-0.0516,-0.0453,-0.003,0.0091,-0.0793,-0.0417,-0.0603,-0.0231,-0.013999999999999999,-0.0109,0.0072,-0.0195,-0.0197,-0.0365,0.0049,-0.022400000000000003,-0.0378,0.0049,-0.0042
1951-04-30,0.0043,0.050300000000000004,-0.0059,0.0149,0.0276,0.0138,0.0111,0.1041,0.083,0.0225,0.0383,0.06570000000000001,0.046799999999999994,0.028999999999999998,0.0433,0.054900000000000004,0.061399999999999996,-0.0252,0.1104,0.0022,0.0084,-0.0139,0.0364,0.0876,0.036000000000000004,0.0012,0.0040999999999999995,-0.015700000000000002,0.038900000000000004,0.0341
1951-05-31,-0.0115,-0.0014000000000000002,-0.0213,-0.044000000000000004,-0.0519,-0.0208,-0.0225,0.015700000000000002,-0.0032,-0.0063,-0.042199999999999994,-0.0377,-0.0258,-0.0339,-0.050300000000000004,-0.0273,-0.030899999999999997,-0.0066,-0.0308,-0.0004,-0.004,-0.0046,-0.017,-0.0281,-0.0393,0.0754,-0.0179,-0.054000000000000006,-0.0155,-0.0095
1951-06-30,-0.0345,-0.0256,-0.0368,-0.0007000000000000001,-0.035699999999999996,-0.08439999999999999,-0.026000000000000002,0.0083,-0.0069,-0.053200000000000004,-0.022400000000000003,-0.0823,-0.0493,-0.0168,-0.0667,-0.08779999999999999,-0.047,-0.002,0.0111,-0.0042,-0.0019,-0.016200000000000003,-0.0154,-0.0177,-0.0787,-0.0729,-0.024300000000000002,-0.0504,-0.0016,-0.0165
1951-07-31,0.0315,0.0526,0.030699999999999998,0.0721,0.0192,0.07339999999999999,0.0106,0.1448,0.0814,0.0236,0.0737,0.09699999999999999,0.0659,0.050199999999999995,0.0436,0.099,0.0679,0.052300000000000006,0.11460000000000001,0.053099999999999994,0.027999999999999997,0.013999999999999999,0.0675,0.06509999999999999,0.08470000000000001,0.1144,0.023700000000000002,0.0381,0.0591,0.049
1951-08-31,0.0353,0.0273,0.0345,0.061500000000000006,0.0395,0.0254,0.0308,-0.0143,0.023399999999999997,0.0424,0.048600000000000004,0.09849999999999999,0.0473,0.0729,0.0718,0.0392,0.0983,0.0803,0.0574,0.0213,0.0264,0.01,0.0368,0.0374,0.0146,0.0338,0.026000000000000002,0.052300000000000006,0.0412,0.0268
1951-09-30,-0.0086,0.0406,0.0027,0.0973,-0.0075,0.0037,-0.023799999999999998,-0.0183,-0.0129,-0.0225,0.0115,0.013000000000000001,0.018500000000000003,0.0354,0.0252,0.0383,0.0599,0.051500000000000004,-0.0085,0.013300000000000001,-0.0006,0.003,0.0297,-0.009000000000000001,0.0361,0.1697,0.026000000000000002,-0.0033,0.0124,0.0014000000000000002
1951-10-31,-0.0352,-0.035699999999999996,-0.0236,-0.0358,-0.0018,-0.0276,-0.0070999999999999995,-0.059800000000000006,-0.0757,-0.0331,-0.019299999999999998,-0.015,-0.023700000000000002,-0.0644,-0.0203,-0.0158,-0.0512,-0.015600000000000001,0.0121,0.006999999999999999,-0.0108,0.0062,-0.0625,-0.034300000000000004,-0.040999999999999995,-0.0947,-0.0271,0.0051,-0.019799999999999998,-0.0689
1951-11-30,-0.0008,-0.0167,0.0033,-0.002,0.020499999999999997,-0.0060999999999999995,-0.0077,-0.0048,0.0012,0.011000000000000001,-0.0052,0.0121,0.0171,0.0192,0.0152,-0.0176,0.0207,0.0412,-0.0084,0.0166,0.005,0.0068000000000000005,0.0359,0.0167,0.0222,0.0097,0.0158,0.0175,0.032400000000000005,0.026600000000000002
1951-12-31,0.0235,0.027200000000000002,0.008199999999999999,-0.021,-0.0248,0.024,0.0125,0.051500000000000004,0.0837,0.013600000000000001,0.0321,0.0044,0.0379,0.0481,0.0354,0.0132,-0.0173,-0.0077,0.048,0.032799999999999996,0.0087,0.0146,0.051100000000000007,0.0339,0.0167,-0.0066,-0.0026,0.006,0.062,0.032799999999999996
1952-01-31,0.0078000000000000005,-0.0404,0.0521,-0.0018,-0.0179,0.0049,0.013300000000000001,0.006500000000000001,-0.0333,-0.0512,0.0015,0.0304,0.006999999999999999,-0.0109,-0.0131,0.0335,0.0478,0.049699999999999994,0.0662,0.0308,0.0018,0.0621,-0.026000000000000002,0.0052,0.0373,0.0048,-0.0060999999999999995,0.0361,0.0277,0.0175
1952-02-29,-0.0126,-0.0336,-0.0265,0.0007000000000000001,-0.0213,-0.0033,-0.037200000000000004,-0.0425,-0.034,-0.0366,-0.0195,-0.061799999999999994,-0.0253,-0.038599999999999995,-0.0027,-0.0368,-0.0508,0.013000000000000001,-0.0349,0.0069,-0.0062,-0.0183,-0.023799999999999998,-0.023700000000000002,-0.0168,-0.0327,-0.0382,0.0007000000000000001,-0.0025,-0.0553
1952-03-31,0.015,-0.0019,0.0187,0.0079,0.0358,0.022000000000000002,0.0297,0.0044,0.0333,0.04,0.0341,0.018600000000000002,0.0316,0.0775,0.0885,0.0138,0.02,0.0038,0.08839999999999999,0.0223,0.0127,0.014199999999999999,0.0098,0.024300000000000002,0.0833,-0.0096,0.0279,0.0504,0.0392,0.034300000000000004
1952-04-30,-0.020099999999999996,-0.0932,-0.0383,-0.058899999999999994,-0.0278,-0.054000000000000006,-0.0325,-0.055,-0.0728,-0.0509,-0.0393,-0.0782,-0.0446,-0.0378,-0.0387,-0.0421,-0.0579,-0.0803,-0.0765,-0.018000000000000002,-0.0075,-0.0191,-0.0263,-0.0583,-0.0339,-0.0588,-0.016,-0.0155,-0.015600000000000001,-0.0378
1952-05-31,0.0245,0.0174,-0.004699999999999999,-0.0783,0.0226,-0.0048,0.0182,0.0252,0.0666,0.0504,0.0373,0.0253,0.0291,0.030699999999999998,0.0416,0.053099999999999994,0.024300000000000002,0.0487,0.035,0.029900000000000003,0.0103,0.0043,0.0268,0.0273,0.0441,0.0364,0.0256,0.013300000000000001,0.026600000000000002,0.0070999999999999995
1952-06-30,0.0227,0.0265,0.037200000000000004,0.0104,0.0063,0.0232,0.0269,-0.0096,0.0397,0.056900000000000006,0.0195,0.0576,0.018600000000000002,0.0667,0.0621,0.0559,0.0425,0.021099999999999997,0.055,0.011000000000000001,0.0207,0.0086,0.0453,0.0447,0.0507,0.025,0.031,0.011200000000000002,0.0268,-0.0084
1952-07-31,0.004699999999999999,0.056600000000000004,-0.008100000000000001,-0.0123,0.0175,0.0206,0.030899999999999997,-0.044000000000000004,0.0127,-0.018799999999999997,0.012,0.033,0.038900000000000004,0.0144,0.0241,0.0070999999999999995,0.0155,0.0051,-0.0104,0.0203,0.0025,-0.0089,0.0137,0.0373,0.0069,-0.0077,0.0218,-0.0054,0.0253,0.042199999999999994
1952-08-31,0.0139,0.0007000000000000001,0.015300000000000001,0.053099999999999994,-0.015,0.0008,-0.016399999999999998,-0.005699999999999999,-0.016,-0.0021,-0.0098,-0.0236,-0.020499999999999997,-0.0007000000000000001,0.015300000000000001,0.0025,0.003,-0.0088,-0.027000000000000003,0.0182,0.0089,0.010700000000000001,-0.005,-0.0129,-0.0034000000000000002,-0.018500000000000003,-0.0026,0.0382,-0.0118,0.0159
1952-09-30,-0.0177,-0.1261,-0.0060999999999999995,-0.0146,-0.0033,-0.009000000000000001,-0.0104,-0.0412,-0.017,-0.0559,-0.0175,-0.038599999999999995,-0.017,0.0227,-0.0095,-0.016,-0.024900000000000002,0.0053,-0.0437,0.0033,-0.0034999999999999996,-0.0265,-0.011699999999999999,-0.0069,-0.019,-0.043,-0.005699999999999999,0.0121,0.0027,-0.005
1952-10-31,-0.0171,-0.0236,0.0719,-0.060700000000000004,0.0017000000000000001,0.009899999999999999,-0.0318,-0.0138,-0.0208,-0.0716,-0.020499999999999997,-0.015600000000000001,-0.02,-0.0059,0.0131,0.0066,-0.049800000000000004,-0.0213,0.0040999999999999995,0.0034000000000000002,0.0092,0.0173,-0.0194,-0.0165,0.0054,0.013600000000000001,-0.0127,-0.0058,-0.0329,-0.0489
1952-11-30,0.04769999999999999,0.0968,0.083,0.087,0.035,0.0526,0.0732,0.0724,0.1014,0.0583,0.0722,0.0785,0.0729,0.10550000000000001,0.0756,0.0572,0.0617,0.0974,0.019799999999999998,0.0509,0.0407,-0.0072,0.066,0.0836,0.0747,0.0431,0.04650000000000001,0.0011,0.0781,0.0812
1952-12-31,0.015600000000000001,-0.0046,0.0042,0.0658,0.025099999999999997,0.011699999999999999,0.005699999999999999,-0.0195,0.0168,0.0425,0.0274,0.042300000000000004,0.0236,0.0253,0.0706,0.0231,0.0212,-0.0181,0.0464,0.020099999999999996,0.0088,-0.0073,0.0412,0.0298,0.037599999999999995,0.0209,0.0124,0.0513,0.0408,0.0008
1953-01-31,0.026099999999999998,0.003,0.047400000000000005,0.0045000000000000005,0.0334,0.0063,0.0048,-0.0512,0.002,-0.0277,0.0097,0.014199999999999999,-0.0016,-0.0334,-0.0044,0.0647,-0.0026,0.0203,-0.030600000000000002,0.0092,0.01,0.025699999999999997,-0.0031,-0.0137,0.0174,-0.0019,0.0086,0.0338,0.0002,0.0226
1953-02-28,0.0055000000000000005,0.0021,0.0526,0.04,0.0434,-0.0067,0.0371,0.0207,-0.0263,0.016399999999999998,0.0005,-0.0039000000000000003,-0.006999999999999999,0.0034000000000000002,-0.0118,0.0163,0.0331,-0.0059,0.0034999999999999996,0.0051,-0.004,0.0005,0.0084,0.0124,-0.011399999999999999,-0.0155,-0.0009,0.0296,-0.0023,-0.015600000000000001
1953-03-31,-0.0043,-0.015700000000000002,-0.0447,0.049699999999999994,-0.0032,-0.0058,-0.0199,-0.0016,0.0006,-0.0492,-0.003,-0.047400000000000005,-0.0072,-0.0165,-0.0455,-0.0426,-0.039599999999999996,-0.0662,-0.004699999999999999,0.0015,-0.0044,0.038900000000000004,0.009000000000000001,-0.0109,-0.0239,-0.0172,-0.004699999999999999,0.013000000000000001,0.0075,0.018000000000000002
1953-04-30,-0.0064,-0.0373,0.045,-0.0254,-0.0168,-0.033,-0.0126,-0.053399999999999996,-0.0334,-0.0278,-0.0209,-0.0204,-0.0177,0.008100000000000001,-0.0206,-0.0409,-0.0206,-0.0681,-0.0516,-0.0296,-0.0104,-0.009899999999999999,-0.025,-0.0208,-0.0292,-0.0329,-0.0067,-0.009000000000000001,-0.0455,-0.013600000000000001
1953-05-31,0.0032,0.008,-0.0017000000000000001,-0.0002,0.0049,0.0008,0.005600000000000001,-0.0005,0.0,-0.0039000000000000003,0.0009,0.0002,-0.004,0.009899999999999999,-0.0027,0.030699999999999998,-0.0181,-0.0034999999999999996,0.018500000000000003,-0.0014000000000000002,0.0037,0.0682,0.0143,0.013000000000000001,0.0275,0.0024,0.015700000000000002,-0.0011,0.0058,0.0218
1953-06-30,-0.0146,-0.009300000000000001,0.013600000000000001,-0.018799999999999997,-0.0371,-0.0472,-0.015300000000000001,-0.0331,-0.0126,-0.0037,-0.0447,-0.027999999999999997,-0.0416,-0.0187,-0.029900000000000003,-0.0337,-0.0398,-0.0345,-0.0003,-0.0282,0.0051,0.015600000000000001,-0.0225,-0.0079,-0.0126,-0.0616,-0.0195,-0.0339,-0.0294,-0.0129
1953-07-31,0.024399999999999998,0.0366,0.046799999999999994,0.0316,-0.005,0.056100000000000004,0.0016,0.0366,0.0275,0.013600000000000001,0.0239,0.0335,0.0062,0.0242,0.006,0.0007000000000000001,0.0116,0.0040999999999999995,0.0398,0.0341,0.009399999999999999,-0.0036,0.021,0.0337,0.0147,0.0019,0.0209,0.0132,0.013000000000000001,0.0070999999999999995
1953-08-31,-0.026600000000000002,-0.025,-0.056900000000000006,-0.0637,-0.0472,-0.0374,-0.0121,0.0004,-0.0279,-0.0525,-0.043,-0.081,-0.0644,-0.0603,-0.0664,-0.034,-0.0677,-0.0716,-0.0643,-0.0036,-0.0084,-0.026600000000000002,-0.0137,-0.0533,-0.0872,0.0022,-0.024300000000000002,-0.0862,-0.0297,-0.010700000000000001
1953-09-30,-0.0002,-0.0269,0.036699999999999997,-0.027200000000000002,0.015700000000000002,-0.015700000000000002,-0.0166,0.0043,0.018000000000000002,-0.023,0.0085,-0.004699999999999999,0.0043,0.050300000000000004,-0.0039000000000000003,0.008100000000000001,-0.0072,-0.0346,-0.019,0.016399999999999998,0.0178,0.0017000000000000001,0.0038,0.0378,-0.017,-0.0204,0.0024,-0.005600000000000001,0.0051,-0.0104
1953-10-31,0.0108,0.0308,-0.0195,0.027000000000000003,0.0513,0.0653,0.0192,0.0265,0.0451,0.0037,0.0604,0.0827,0.0433,0.0861,0.0802,0.057800000000000004,0.0337,0.0154,0.056900000000000006,0.0447,0.0139,0.056100000000000004,0.0467,0.07,0.0363,0.0131,0.0085,0.0022,0.0453,0.0397
1953-11-30,0.0287,0.0462,-0.0795,0.1025,0.0208,0.0441,0.0063,0.0803,0.04769999999999999,-0.008199999999999999,0.0436,0.020499999999999997,0.0308,0.069,0.0085,0.0499,-0.005699999999999999,0.0322,0.019799999999999998,0.03,0.0227,0.022099999999999998,0.0147,0.0678,0.0199,0.016200000000000003,0.0353,0.0222,0.0409,0.041100000000000005
1953-12-31,0.0123,-0.014499999999999999,-0.045700000000000005,0.0232,0.0259,-0.0019,-0.012,-0.013500000000000002,0.0083,-0.032,0.014199999999999999,-0.0087,-0.0024,-0.0069,-0.0076,0.0165,-0.0354,-0.046900000000000004,0.005,0.0069,0.0053,0.028999999999999998,0.0352,0.0109,-0.0374,-0.0051,0.013300000000000001,-0.0089,0.0025,0.04769999999999999
1954-01-31,0.040999999999999995,0.0654,0.0207,0.032799999999999996,0.040999999999999995,0.0415,0.027999999999999997,0.0565,0.0104,0.07730000000000001,0.0639,0.0756,0.0809,0.07150000000000001,0.0565,0.0794,0.0819,0.0949,0.0863,0.0332,0.0189,0.014199999999999999,0.062400000000000004,0.0437,0.07919999999999999,0.0766,0.030899999999999997,0.0613,0.04190000000000001,0.0496
1954-02-28,0.0003,-0.0025,-0.0344,0.023799999999999998,0.0392,-0.004,0.019299999999999998,-0.0018,0.0009,0.0176,0.0223,0.0031,0.025,0.055,0.015300000000000001,0.0572,0.0432,-0.0681,0.0292,0.0159,0.0258,0.0147,0.0406,0.014199999999999999,0.0096,0.029900000000000003,0.0029,0.0131,0.0155,0.026000000000000002
1954-03-31,0.028399999999999998,-0.0351,0.0028000000000000004,0.0467,0.024300000000000002,0.051399999999999994,0.0177,0.0029,0.0454,-0.0275,0.0173,0.0608,0.0175,0.0713,0.0374,0.1182,0.0342,0.008,0.0431,0.0296,0.0172,0.0291,0.12380000000000001,0.0616,-0.0027,-0.0076,0.0046,-0.0222,0.0492,0.0159
1954-04-30,0.0111,-0.0049,0.0403,0.0102,0.051399999999999994,0.038599999999999995,-0.0046,0.012,0.0665,-0.053399999999999996,0.0371,0.0659,0.0537,0.1245,0.035699999999999996,0.0043,0.0308,-0.0199,0.0622,0.0125,0.0196,0.0197,0.0265,0.0784,0.0175,0.0141,0.0159,0.0199,0.0535,0.040999999999999995
1954-05-31,0.0131,0.0581,-0.0048,0.0347,0.0177,0.061799999999999994,0.0403,0.0161,0.036000000000000004,0.12960000000000002,0.0315,0.0699,0.0467,-0.0345,0.043,0.0697,0.0756,0.0821,0.029500000000000002,0.0264,0.0123,0.0382,0.0593,0.0285,0.0537,0.0095,0.0296,0.0725,0.0146,0.0048
1954-06-30,0.0323,-0.0223,-0.0929,0.011200000000000002,0.027000000000000003,0.053200000000000004,0.0223,-0.0245,0.0379,0.0262,0.0564,0.0141,0.022099999999999998,0.1308,0.0163,0.0362,-0.0078000000000000005,0.0349,-0.059500000000000004,0.0129,0.0055000000000000005,0.042699999999999995,0.0333,0.0565,0.012,0.0509,0.024,0.0886,0.0268,0.0003
1954-07-31,0.0529,0.0908,0.08070000000000001,0.0765,0.0443,0.0197,0.0688,0.08220000000000001,0.022799999999999997,0.08470000000000001,0.0562,0.0796,0.0507,-0.013300000000000001,0.102,0.1303,0.054299999999999994,0.0095,0.0421,0.0542,0.0436,0.0516,0.0125,0.0581,0.0662,0.059500000000000004,0.0412,0.0974,0.0747,0.03
1954-08-31,-0.0304,0.0018,-0.0138,0.0584,-0.0016,0.0229,-0.0398,-0.0258,-0.0341,-0.0424,-0.035,-0.0636,-0.029900000000000003,-0.0524,-0.0371,0.0127,-0.043,0.0368,0.0053,-0.0173,-0.014199999999999999,0.0014000000000000002,-0.0353,-0.044500000000000005,-0.041299999999999996,-0.0141,-0.002,0.1192,-0.0032,-0.0011
1954-09-30,0.0355,0.022400000000000003,0.0565,0.0574,0.027200000000000002,0.0553,0.0265,0.0281,0.0726,0.0507,0.0608,0.0767,0.0571,0.0735,0.1382,0.029300000000000003,0.08710000000000001,0.0762,0.10039999999999999,0.020099999999999996,0.025,0.0461,0.045899999999999996,0.0554,0.037599999999999995,0.0178,0.049699999999999994,0.09230000000000001,0.0315,0.0546
1954-10-31,-0.023700000000000002,-0.0121,-0.026600000000000002,-0.058499999999999996,-0.0288,-0.011699999999999999,-0.0024,-0.0163,-0.043899999999999995,-0.0175,0.0262,0.0026,0.017,-0.0277,-0.0040999999999999995,0.0024,-0.011399999999999999,-0.0528,-0.0196,-0.0381,-0.0085,0.0181,-0.0034000000000000002,-0.0029,0.0268,-0.029900000000000003,-0.0252,-0.0132,-0.013300000000000001,0.014499999999999999
1954-11-30,0.0639,0.0687,0.029900000000000003,0.0839,0.0508,0.0767,0.039599999999999996,0.1261,0.1485,0.10279999999999999,0.149,0.1549,0.098,0.09849999999999999,0.0572,0.0977,0.11349999999999999,0.2043,0.0799,0.056799999999999996,0.034300000000000004,0.055099999999999996,0.19949999999999998,0.1198,0.1168,0.0819,0.08449999999999999,0.0424,0.1066,0.0626
1954-12-31,0.0253,0.08289999999999999,0.0751,0.10210000000000001,0.0492,0.0291,0.049100000000000005,0.061500000000000006,0.0374,0.0741,0.0242,0.12269999999999999,0.062,0.0424,0.0767,0.1478,0.037599999999999995,0.102,0.0644,0.0354,0.0158,0.0779,0.0096,0.0546,0.1211,0.0528,0.020099999999999996,0.1414,0.0605,0.0341
1955-01-31,0.002,-0.0398,0.013300000000000001,-0.014199999999999999,0.0024,-0.011200000000000002,0.0166,-0.0288,-0.0276,0.0146,0.0014000000000000002,0.034,0.0001,0.044000000000000004,0.0077,0.0875,0.0329,-0.0345,0.0044,0.0146,0.008,0.006500000000000001,0.0178,-0.0384,0.0084,-0.014199999999999999,0.018500000000000003,0.038599999999999995,0.0017000000000000001,-0.0053
1955-02-28,0.0181,0.016399999999999998,-0.0091,0.0223,0.0463,0.0447,0.0278,0.0286,0.0451,0.0141,0.0315,0.0443,0.042199999999999994,0.0452,-0.009899999999999999,0.0375,-0.0005,0.07400000000000001,0.023799999999999998,0.0364,0.039900000000000005,0.0768,0.0424,0.047400000000000005,0.057699999999999994,0.0066,0.0129,0.0191,0.020099999999999996,0.06559999999999999
1955-03-31,-0.0025,-0.021400000000000002,-0.0015,-0.030899999999999997,-0.0334,-0.0195,0.011000000000000001,0.0611,-0.011000000000000001,-0.0526,0.006500000000000001,0.0297,0.0052,-0.032,0.0011,-0.023700000000000002,0.08789999999999999,0.0023,-0.0024,-0.0074,-0.0019,-0.0437,0.03,0.0102,-0.0001,-0.023799999999999998,-0.013600000000000001,-0.0079,0.011000000000000001,-0.021400000000000002
1955-04-30,0.042,-0.0141,0.08789999999999999,0.0596,0.005,0.022000000000000002,0.0003,0.0001,0.0805,0.0264,0.049400000000000006,0.026699999999999998,0.0167,0.0425,0.0538,-0.075,-0.0009,-0.021400000000000002,0.0058,0.0256,0.0197,-0.0263,0.0741,0.047,0.061799999999999994,0.022799999999999997,0.0179,0.0819,-0.0143,0.071
1955-05-31,-0.0014000000000000002,0.0296,-0.0216,0.0068000000000000005,-0.005,0.0012,0.0070999999999999995,0.0317,0.0537,0.0019,0.0227,0.0209,-0.0095,-0.0039000000000000003,-0.006500000000000001,-0.0062,0.06,0.0866,-0.0069,-0.0015,0.0129,-0.0282,0.0089,0.0374,0.006,0.0033,0.0325,0.0046,0.023399999999999997,-0.0326
1955-06-30,0.0273,0.034,-0.0129,0.0363,0.0513,0.0236,0.0325,0.0017000000000000001,0.12279999999999999,0.0582,0.0394,0.1246,0.0482,0.032,0.0947,-0.0026,0.0055000000000000005,0.096,0.11220000000000001,0.0167,0.0069,0.0013,0.018799999999999997,0.1168,0.0175,0.0054,0.047,0.0034000000000000002,0.0385,-0.0089
1955-07-31,0.0085,0.0053,0.073,-0.001,0.0125,0.019,0.0329,0.0013,-0.020499999999999997,0.0288,0.0011,0.004699999999999999,-0.0039000000000000003,-0.0321,0.1746,-0.0197,-0.0437,-0.026699999999999998,0.0282,0.0368,0.026099999999999998,0.025,-0.0196,-0.0362,-0.0146,0.029500000000000002,0.0197,0.051399999999999994,-0.0078000000000000005,-0.006500000000000001
1955-08-31,-0.0116,-0.0027,0.0167,-0.0105,-0.027200000000000002,0.0141,-0.0060999999999999995,0.0016,0.024700000000000003,-0.0146,0.011699999999999999,0.062400000000000004,0.0027,0.021,-0.0334,0.0675,0.0642,0.0579,-0.0115,0.0005,-0.024399999999999998,0.0163,-0.012,-0.0077,-0.005699999999999999,-0.016,0.018500000000000003,-0.0183,0.0079,0.049100000000000005
1955-09-30,-0.0298,-0.008100000000000001,0.0323,-0.053200000000000004,0.0023,-0.030899999999999997,0.0021,-0.0318,-0.0264,-0.0138,0.0053,0.0067,-0.0015,-0.0581,0.0922,-0.0263,-0.038,-0.0378,-0.0034999999999999996,-0.0268,0.0109,0.0123,-0.015,-0.002,-0.0178,-0.0441,0.0387,-0.036699999999999997,-0.0392,-0.0083
1955-10-31,-0.0018,-0.0603,-0.0037,-0.0331,-0.0016,-0.022000000000000002,-0.0131,0.008199999999999999,-0.0241,-0.0138,-0.027999999999999997,-0.0547,-0.019299999999999998,-0.061900000000000004,-0.049100000000000005,0.0273,-0.0492,0.0084,-0.01,-0.009399999999999999,-0.0115,0.0326,-0.035699999999999996,-0.026600000000000002,-0.029500000000000002,0.0175,-0.027000000000000003,-0.041100000000000005,-0.012,-0.0101
1955-11-30,0.0362,0.0326,0.0382,0.027200000000000002,0.0699,0.032,0.0034999999999999996,0.0629,0.0757,0.0326,0.056600000000000004,0.0889,0.0911,0.1225,0.0942,0.1151,0.10550000000000001,0.1101,0.086,0.034,0.0163,-0.016399999999999998,0.0676,0.07719999999999999,0.1085,0.0146,0.06309999999999999,0.013000000000000001,0.0398,0.0236
1955-12-31,0.009300000000000001,0.021,0.0171,-0.015300000000000001,0.015300000000000001,-0.0009,0.013300000000000001,0.0623,0.0232,0.006,0.0258,0.0208,0.0404,0.0641,-0.029500000000000002,0.0761,-0.0218,0.0796,0.0365,-0.0012,0.0087,0.016,0.0232,0.035699999999999996,-0.0183,0.026600000000000002,-0.009899999999999999,0.044500000000000005,0.0208,0.0217
1956-01-31,-0.0216,0.0037,0.0021,-0.054000000000000006,-0.0144,-0.0354,-0.0177,-0.065,-0.0462,-0.0131,-0.0446,-0.038900000000000004,-0.0415,-0.0571,-0.0695,-0.0644,-0.026699999999999998,0.058600000000000006,0.0049,-0.0034000000000000002,0.0187,0.0231,-0.0433,-0.0446,-0.022799999999999997,-0.0049,-0.046900000000000004,-0.038599999999999995,-0.035699999999999996,-0.025
1956-02-29,0.0235,0.0007000000000000001,-0.032400000000000005,0.08039999999999999,0.037599999999999995,0.0676,0.013000000000000001,0.08289999999999999,0.0403,0.0034000000000000002,0.051500000000000004,0.048499999999999995,0.055999999999999994,0.0611,0.0542,0.0377,0.06860000000000001,0.121,0.042,0.0194,0.0016,0.066,0.06559999999999999,0.0757,0.023700000000000002,0.058499999999999996,0.026600000000000002,-0.0027,0.035699999999999996,0.0373
1956-03-31,0.0175,0.0471,0.0163,0.004,0.0304,0.042699999999999995,0.0026,0.0726,0.056600000000000004,-0.0049,0.1177,0.09939999999999999,0.0438,0.08650000000000001,0.0461,0.0054,0.0167,0.0941,0.11460000000000001,0.0377,0.0143,0.0672,0.1359,0.1092,0.0698,0.0239,0.0028000000000000004,0.0277,0.0567,0.0868
1956-04-30,-0.0028000000000000004,0.0218,0.0705,0.0292,0.0258,-0.006999999999999999,-0.0163,0.0277,-0.0078000000000000005,-0.034,0.0,0.0363,0.0288,-0.0256,-0.0501,0.0222,-0.0179,-0.0625,0.0373,-0.0218,-0.0088,-0.0496,0.043899999999999995,0.0189,0.0166,0.0039000000000000003,-0.0195,-0.0072,0.0001,-0.0392
1956-05-31,-0.027200000000000002,-0.038599999999999995,-0.0408,-0.036000000000000004,0.0159,-0.06,-0.0383,-0.0124,-0.059000000000000004,-0.0579,-0.0355,-0.09449999999999999,-0.0277,-0.0756,-0.0481,-0.05,-0.0722,-0.0319,-0.0644,-0.0073,-0.0106,-0.0473,-0.018500000000000003,-0.0418,-0.0558,-0.0275,-0.0471,0.0271,-0.053099999999999994,-0.0252
1956-06-30,0.004699999999999999,0.018799999999999997,0.0066,0.0115,0.0375,0.0085,0.0144,0.036000000000000004,0.0414,-0.0058,0.0452,0.0499,0.0633,0.0519,0.0741,0.0384,-0.0013,0.10400000000000001,0.0265,0.0236,0.0128,0.0338,0.099,0.0412,0.0159,0.005600000000000001,0.0231,0.0192,0.0148,0.0382
1956-07-31,0.0248,0.0044,0.0182,0.0111,0.0447,0.031200000000000002,0.0034000000000000002,0.031,0.0274,0.0053,0.0567,0.10869999999999999,0.0874,0.0533,0.045899999999999996,0.058499999999999996,0.0097,0.0225,0.060899999999999996,0.0524,0.0265,-0.0097,0.0521,0.0495,0.0216,0.0354,0.0471,0.0461,0.0256,-0.0097
1956-08-31,-0.0171,0.0189,-0.021400000000000002,0.0141,0.04,0.02,-0.009899999999999999,-0.0308,-0.0368,-0.0262,-0.038900000000000004,-0.0189,-0.035699999999999996,-0.0304,0.004699999999999999,0.054299999999999994,0.0368,-0.0587,-0.0529,-0.024900000000000002,-0.0139,0.0676,-0.0435,-0.0747,-0.0526,-0.0034999999999999996,-0.028300000000000002,-0.027200000000000002,-0.026600000000000002,-0.0362
1956-09-30,-0.0332,-0.0173,-0.0417,-0.027000000000000003,-0.0629,-0.042300000000000004,-0.035699999999999996,-0.037000000000000005,-0.0675,-0.0196,-0.0623,-0.04650000000000001,-0.031400000000000004,-0.0688,-0.023700000000000002,-0.047599999999999996,-0.048799999999999996,-0.0209,-0.058600000000000006,-0.0387,-0.0282,-0.0529,-0.06860000000000001,-0.096,-0.0406,-0.0169,-0.0458,-0.045,-0.0461,0.0308
1956-10-31,-0.0032,-0.02,0.027200000000000002,0.0105,0.0212,-0.0208,0.0017000000000000001,0.0058,0.0083,0.016200000000000003,-0.0139,0.0068000000000000005,0.034300000000000004,0.0333,-0.0014000000000000002,0.0374,-0.0086,0.0803,0.0042,0.0113,-0.013999999999999999,0.0152,0.031400000000000004,0.0129,0.02,0.0232,0.0128,0.0154,0.0053,-0.030699999999999998
1956-11-30,-0.0016,-0.0167,-0.0108,0.0027,-0.0027,-0.016,-0.01,-0.013600000000000001,-0.0331,-0.0158,-0.0333,0.0239,0.0194,-0.0138,-0.034300000000000004,0.044500000000000005,0.0113,0.0528,0.0529,0.0040999999999999995,0.015300000000000001,-0.0007000000000000001,0.0391,-0.0276,-0.0049,0.03,-0.024900000000000002,0.005699999999999999,0.016399999999999998,-0.0196
1956-12-31,0.0092,0.0567,0.0241,0.0331,-0.029300000000000003,0.0552,0.0125,0.060700000000000004,0.0527,-0.0097,0.054400000000000004,0.0403,0.0664,0.0381,0.0227,0.0387,0.023700000000000002,-0.0101,0.04190000000000001,0.0182,0.0258,0.0302,0.0536,0.018799999999999997,0.0199,0.0365,-0.006999999999999999,0.0008,0.013300000000000001,0.0562
1957-01-31,0.0134,-0.0013,0.045899999999999996,0.0155,0.0178,-0.0404,0.0134,-0.0227,-0.0564,0.0232,-0.044199999999999996,-0.0956,-0.02,-0.07769999999999999,-0.0646,-0.018500000000000003,0.0076,-0.049400000000000006,-0.041100000000000005,0.0263,0.028999999999999998,0.0636,-0.0256,-0.029300000000000003,-0.022000000000000002,0.0492,-0.017,0.0084,0.0147,-0.0345
1957-02-28,-0.0128,0.0137,-0.0113,-0.023,0.003,-0.024399999999999998,0.004699999999999999,-0.0034999999999999996,-0.0191,-0.073,-0.015,-0.0414,-0.0216,0.0049,-0.021,-0.0661,0.011899999999999999,-0.0692,-0.022000000000000002,-0.003,0.0033,-0.0027,-0.0223,-0.0113,-0.0425,0.0109,-0.0108,-0.0506,-0.0051,0.0012
1957-03-31,0.0151,0.0182,0.0111,0.027000000000000003,0.0128,0.0512,0.0175,0.0823,0.0254,0.022000000000000002,0.0179,0.0222,0.0189,0.0538,0.0066,-0.0021,0.0508,0.013300000000000001,0.0319,0.0169,0.0152,0.0363,0.0393,0.0089,0.009899999999999999,0.0043,0.021,0.025699999999999997,0.036000000000000004,0.046799999999999994
1957-04-30,0.017,0.0169,0.0049,0.026600000000000002,0.07769999999999999,-0.0048,-0.0176,0.054299999999999994,0.0548,0.0002,0.011200000000000002,0.0441,0.0292,0.0784,0.0799,0.0191,-0.006999999999999999,-0.0177,0.0706,0.0316,0.0044,0.0007000000000000001,0.09179999999999999,0.0074,0.0253,0.0072,0.0009,0.0331,0.0546,-0.0016
1957-05-31,0.009399999999999999,0.0424,-0.0089,0.0425,0.0588,-0.0087,0.0077,0.048,0.0354,0.0481,0.0535,0.0218,0.0255,0.0446,0.0169,-0.0038,-0.0062,0.054299999999999994,0.0767,0.0225,0.0104,-0.0229,0.0766,0.0501,0.006999999999999999,0.037000000000000005,0.025099999999999997,0.0074,0.028399999999999998,-0.011200000000000002
1957-06-30,-0.005699999999999999,0.0088,-0.015700000000000002,0.0048,0.024399999999999998,0.0004,-0.016399999999999998,0.06480000000000001,-0.0011,-0.018500000000000003,0.0009,0.013600000000000001,-0.0233,0.0282,0.0027,-0.0562,0.0002,-0.024700000000000003,-0.0174,-0.0512,-0.021099999999999997,0.0078000000000000005,0.08560000000000001,0.043,0.004,-0.0003,-0.0207,-0.008100000000000001,-0.04190000000000001,0.0051
1957-07-31,0.0184,-0.0166,-0.0048,0.0172,0.0001,0.048600000000000004,-0.013000000000000001,0.026000000000000002,0.0161,-0.0059,0.0165,-0.0032,-0.018600000000000002,0.011399999999999999,0.0373,-0.0335,0.009000000000000001,-0.0109,0.0103,0.0001,-0.0024,0.0208,0.01,-0.0058,0.022000000000000002,0.0011,0.0313,0.011699999999999999,-0.0059,-0.0059
1957-08-31,-0.0197,-0.04,0.0291,-0.0499,-0.039900000000000005,-0.0208,-0.0316,-0.0297,-0.0668,-0.0702,-0.0703,-0.0702,-0.056900000000000006,-0.0652,-0.034300000000000004,-0.0147,-0.059699999999999996,-0.0697,-0.0574,-0.0258,-0.0012,0.0103,-0.07719999999999999,-0.06,-0.0681,-0.0917,-0.0227,-0.0365,-0.0318,-0.0438
1957-09-30,-0.0169,-0.052300000000000006,0.0536,-0.0552,-0.0014000000000000002,-0.0176,-0.0226,-0.0304,-0.06509999999999999,-0.0542,-0.051500000000000004,-0.0876,-0.0729,-0.0669,-0.0739,-0.09699999999999999,-0.1003,-0.094,-0.0796,-0.0174,-0.0225,0.023,-0.0599,-0.0415,-0.0779,-0.040999999999999995,0.0073,-0.0256,-0.0397,-0.0333
1957-10-31,-0.0191,-0.021,0.009899999999999999,-0.0965,-0.0753,-0.0287,-0.0358,-0.0068000000000000005,-0.0349,-0.0776,-0.0395,-0.0762,-0.0643,-0.023,-0.0341,-0.0388,-0.06709999999999999,-0.0472,-0.057800000000000004,-0.006999999999999999,-0.021,-0.022400000000000003,-0.0111,-0.0385,-0.0725,-0.085,-0.0363,-0.083,-0.0553,-0.0409
1957-11-30,0.0346,0.0526,0.038900000000000004,0.042199999999999994,0.0137,0.0379,-0.0165,0.0863,0.049400000000000006,0.0258,0.0479,-0.01,-0.0163,0.0819,-0.0394,0.1193,-0.0318,-0.0146,0.0248,0.044000000000000004,0.0149,0.028999999999999998,0.0432,0.0664,-0.018500000000000003,0.0218,0.0171,-0.0277,0.043899999999999995,-0.0108
1957-12-31,0.0128,-0.029500000000000002,0.0318,-0.0435,-0.0005,0.028999999999999998,-0.025,-0.0048,-0.0326,-0.07429999999999999,-0.027999999999999997,-0.0886,-0.07440000000000001,-0.0472,-0.0652,-0.057699999999999994,-0.0728,-0.0785,-0.0697,0.0256,0.0126,-0.0177,-0.0127,-0.0297,-0.066,-0.0353,-0.016200000000000003,-0.0174,-0.0066,-0.0062
1958-01-31,0.0689,0.0731,0.059800000000000006,0.09970000000000001,0.055099999999999996,0.023700000000000002,0.08529999999999999,-0.0040999999999999995,0.0339,0.1624,0.0668,0.08560000000000001,0.1066,0.0351,0.0364,0.0537,0.0873,0.0906,0.0149,0.060599999999999994,0.0426,0.042699999999999995,0.046900000000000004,0.0479,0.1298,0.0463,0.0767,0.11810000000000001,0.0857,0.052300000000000006
1958-02-28,0.0318,0.028900000000000002,0.0034000000000000002,-0.0060999999999999995,-0.04,0.0236,0.0181,0.0495,-0.0378,-0.0168,-0.008100000000000001,0.0040999999999999995,-0.034,-0.0374,-0.0223,-0.019799999999999998,-0.0333,-0.0271,-0.0466,0.0129,0.0066,0.0406,0.0097,-0.0192,-0.035699999999999996,0.0043,0.0146,-0.0004,0.013300000000000001,0.0281
1958-03-31,0.038900000000000004,0.0296,0.0633,0.0209,0.033,0.0433,0.0333,0.0817,-0.0031,0.0236,0.031400000000000004,0.020499999999999997,0.0393,0.0091,0.0252,0.0034999999999999996,0.086,0.0108,0.0802,0.0207,0.011699999999999999,0.049100000000000005,0.0462,0.0335,0.0048,0.0382,0.0408,0.07629999999999999,0.0327,0.084
1958-04-30,0.0322,0.0368,0.0454,0.0197,0.0495,0.021400000000000002,0.028999999999999998,0.06559999999999999,0.0085,0.0512,0.0126,0.0137,0.0277,-0.0151,0.0436,0.0361,0.0097,0.047599999999999996,0.051500000000000004,0.0495,0.027000000000000003,-0.0026,0.0147,0.0172,0.0717,0.0084,0.0316,0.0172,0.021,-0.0141
1958-05-31,0.030600000000000002,0.0344,0.005699999999999999,0.0541,0.0347,-0.005,0.030899999999999997,0.0144,0.0166,0.051399999999999994,0.0197,0.06860000000000001,0.030699999999999998,0.0227,0.042,0.0519,0.0453,0.0632,0.0025,0.014499999999999999,0.021099999999999997,0.0182,0.006500000000000001,0.048600000000000004,0.0404,0.0271,0.0369,0.0848,0.0215,0.0192
1958-06-30,0.0285,0.030699999999999998,0.0398,0.0526,0.0055000000000000005,0.0388,-0.042699999999999995,0.0355,0.0305,0.0017000000000000001,0.0268,0.009300000000000001,0.031200000000000002,0.0166,0.030600000000000002,0.0165,0.0362,0.024399999999999998,0.049699999999999994,0.0219,0.0167,0.023399999999999997,0.0584,0.015600000000000001,0.0258,0.0179,0.0217,0.0194,0.0294,0.0676
1958-07-31,0.014199999999999999,0.033,-0.0003,0.0245,-0.0092,0.1001,0.027200000000000002,0.059800000000000006,0.0786,0.075,0.06570000000000001,0.1158,0.08439999999999999,0.0484,0.1023,0.059800000000000006,0.0383,0.1245,0.005,0.011200000000000002,0.009000000000000001,-0.004,0.0256,0.0559,0.0848,0.042699999999999995,0.017,0.0316,0.0202,0.0151
1958-08-31,0.0233,0.0507,0.0229,0.0706,0.0861,-0.015700000000000002,0.0279,0.019799999999999998,0.0256,0.0434,0.0236,0.0305,0.0369,0.021400000000000002,-0.0019,0.0046,-0.0045000000000000005,0.026099999999999998,0.0191,-0.01,0.0241,0.0148,0.020099999999999996,0.028999999999999998,0.0216,0.0353,0.0587,0.0644,0.046,0.0956
1958-09-30,0.019299999999999998,0.062,0.0801,0.0839,0.07769999999999999,0.0453,0.0404,0.1174,0.0287,0.1011,0.0377,0.0836,0.042,0.0567,0.0949,-0.0053,-0.0087,-0.0037,0.0335,0.0346,0.0508,0.0537,0.0678,0.0424,0.0799,0.023399999999999997,0.041100000000000005,0.1092,-0.0036,-0.0183
1958-10-31,0.0178,0.0601,0.017,0.0793,0.0525,0.0922,-0.0023,0.0105,0.008,0.0344,0.013600000000000001,0.049100000000000005,0.032400000000000005,0.04019999999999999,0.0278,0.061,0.0308,0.0256,0.0131,0.042800000000000005,0.0146,0.0438,0.05,0.023399999999999997,0.037599999999999995,0.0121,0.0118,0.037599999999999995,0.0369,0.0335
1958-11-30,0.0482,0.0556,0.0175,0.0478,0.0808,0.046900000000000004,0.022400000000000003,0.08039999999999999,0.034,0.0268,0.0407,0.006,0.042,0.0391,0.029300000000000003,0.0021,0.0169,-0.0098,0.019799999999999998,0.0296,0.0215,0.0689,0.0483,0.0355,0.0576,0.040999999999999995,0.0601,0.1444,0.0233,0.0373
1958-12-31,0.028999999999999998,0.0072,0.0377,0.0031,-0.0166,0.0199,0.0417,0.0461,0.0581,0.0346,0.0507,0.0674,0.0286,0.11470000000000001,0.0365,0.0148,0.0416,0.0401,0.0121,0.0594,0.134,0.0909,0.149,0.0319,0.0231,0.0525,0.0583,-0.0169,0.0426,0.0814
1959-01-31,0.023399999999999997,0.025099999999999997,0.0876,0.0449,0.0387,0.020499999999999997,0.0814,-0.0062,-0.0027,0.0326,0.0182,0.0138,0.0127,-0.0068000000000000005,-0.0042,0.002,0.0473,0.0187,0.0049,0.0125,0.0391,0.054900000000000004,-0.0381,0.0076,0.0377,0.0009,0.0364,0.0258,-0.026000000000000002,-0.013300000000000001
1959-02-28,0.029300000000000003,0.0301,0.0076,0.061,-0.018000000000000002,0.0352,0.0525,0.0388,0.053,0.0571,0.0334,0.0131,0.029900000000000003,0.0454,-0.006,0.0545,-0.0143,-0.0106,-0.0754,0.0126,0.048600000000000004,-0.0086,0.057999999999999996,0.0351,0.0127,0.0134,0.0269,0.0322,0.0236,0.0462
1959-03-31,-0.006,-0.024399999999999998,0.0235,0.0487,0.0029,0.0851,-0.0075,0.0425,0.0116,0.0126,-0.0002,-0.0368,-0.0022,0.0315,-0.0115,0.0362,0.034,0.0059,0.0217,0.016399999999999998,-0.0052,0.1459,0.0146,-0.0073,-0.0048,0.0005,-0.018000000000000002,0.059800000000000006,-0.0297,0.0088
1959-04-30,0.0212,0.015,0.0395,0.11220000000000001,0.0007000000000000001,-0.0125,0.021400000000000002,0.1193,0.0718,0.04190000000000001,0.041100000000000005,0.021099999999999997,0.0401,0.0706,0.0908,0.0141,-0.0688,-0.0043,0.0176,-0.0113,0.0461,0.0259,0.09880000000000001,0.0176,0.0362,0.0705,0.012,-0.0097,0.0152,0.0253
1959-05-31,0.0397,0.0085,-0.059000000000000004,-0.0155,-0.018000000000000002,0.026099999999999998,0.0003,-0.010700000000000001,0.0581,0.024300000000000002,0.0371,0.0509,0.0455,0.0121,0.046,0.0189,-0.0134,-0.0115,-0.0095,-0.011000000000000001,-0.0101,-0.0713,0.08539999999999999,-0.009300000000000001,0.011000000000000001,-0.009899999999999999,0.029500000000000002,-0.0042,0.0074,0.061500000000000006
1959-06-30,-0.0003,0.0034999999999999996,0.045899999999999996,0.0417,0.006999999999999999,-0.0088,0.0137,0.066,-0.015600000000000001,0.0663,0.013999999999999999,0.049100000000000005,0.0434,-0.0092,0.0031,-0.0426,-0.04019999999999999,0.0216,-0.0281,-0.0223,-0.011000000000000001,0.0451,-0.0104,0.0239,0.0158,0.0168,0.023,0.058600000000000006,0.019799999999999998,0.0012
1959-07-31,0.0366,0.10279999999999999,0.0075,0.041299999999999996,0.0904,0.0232,-0.0102,0.047400000000000005,0.0635,0.0707,0.0197,0.0341,0.0212,0.005699999999999999,0.0721,0.0028000000000000004,0.0108,0.1096,0.048600000000000004,0.0382,0.006,-0.0109,0.0033,0.0305,-0.0068000000000000005,0.0262,0.0206,0.0197,0.0184,0.0013
1959-08-31,-0.0083,-0.024300000000000002,0.0316,-0.0206,0.0258,0.032799999999999996,-0.011899999999999999,-0.035699999999999996,-0.0337,-0.030899999999999997,-0.0256,0.0206,-0.0207,-0.0233,0.0078000000000000005,-0.1093,-0.018000000000000002,-0.0004,-0.0321,0.0134,0.0060999999999999995,0.005,-0.026699999999999998,-0.005,-0.027999999999999997,-0.011200000000000002,0.009300000000000001,0.0297,-0.0139,0.004
1959-09-30,-0.0313,-0.042699999999999995,-0.030299999999999997,-0.051,-0.0536,-0.0639,-0.0095,-0.0495,-0.0513,-0.0278,-0.0433,-0.0518,-0.0716,-0.0462,-0.0437,-0.054299999999999994,-0.044000000000000004,-0.0592,-0.0692,-0.0435,-0.0096,-0.051699999999999996,-0.0377,-0.028900000000000002,-0.034300000000000004,-0.048499999999999995,-0.0195,-0.049400000000000006,-0.046799999999999994,-0.045899999999999996
1959-10-31,0.0339,0.0103,0.06,0.0785,0.053200000000000004,0.045,0.0554,0.023399999999999997,0.0151,-0.018000000000000002,0.0358,-0.013000000000000001,0.0172,0.0579,-0.0008,0.0382,-0.013500000000000002,0.0527,0.0108,0.0089,0.013000000000000001,0.0246,0.0421,0.0155,-0.008100000000000001,0.0605,0.005699999999999999,0.0731,0.0063,0.0326
1959-11-30,0.0084,0.0183,0.0209,0.0392,0.0072,0.0326,0.0044,0.0562,0.023,0.0052,0.011200000000000002,-0.0036,0.0004,0.10369999999999999,-0.0019,0.1142,0.008199999999999999,0.0072,-0.0043,0.004,-0.0123,0.0527,0.08109999999999999,0.0617,-0.0181,0.0698,0.0206,-0.009399999999999999,0.013600000000000001,0.0647
1959-12-31,0.0236,0.0069,-0.0268,0.0196,0.0764,0.0101,0.0222,-0.0168,0.0342,0.0108,0.0105,0.0252,0.0345,0.0591,0.0493,-0.045700000000000005,0.047599999999999996,0.0241,0.042699999999999995,0.021400000000000002,0.0434,-0.016200000000000003,0.01,0.018000000000000002,0.0235,-0.0012,0.027999999999999997,0.0301,0.005,-0.061799999999999994
1960-01-31,-0.0416,-0.0541,-0.0172,0.015600000000000001,-0.051399999999999994,-0.0753,-0.08220000000000001,-0.0638,-0.09699999999999999,-0.0451,-0.0634,-0.09050000000000001,-0.040999999999999995,-0.1199,-0.11220000000000001,-0.047,-0.036000000000000004,-0.0758,-0.07490000000000001,-0.0208,0.0095,-0.058499999999999996,-0.0756,-0.091,-0.0414,-0.0501,-0.0572,-0.09699999999999999,-0.0434,-0.0365
1960-02-29,0.0365,-0.018600000000000002,0.026000000000000002,0.0451,0.0268,0.0959,0.0174,0.0031,-0.0045000000000000005,0.0078000000000000005,0.0336,-0.0176,-0.0184,0.0538,-0.0196,0.0232,0.019799999999999998,-0.0268,-0.0348,0.0277,0.0837,0.0941,0.053200000000000004,0.0332,-0.0073,0.0179,0.044500000000000005,0.020099999999999996,-0.0069,0.0666
1960-03-31,-0.0131,-0.0259,0.0017000000000000001,-0.0029,0.0242,-0.0021,-0.0225,0.016200000000000003,-0.0239,-0.0638,-0.0042,-0.052300000000000006,-0.0323,-0.005,-0.056799999999999996,-0.079,-0.0264,-0.0513,-0.0072,0.0175,0.0017000000000000001,0.0007000000000000001,0.037200000000000004,-0.0208,-0.046,-0.0103,0.0015,-0.0347,0.0038,-0.0209
1960-04-30,0.0134,-0.02,0.0154,0.066,-0.008100000000000001,-0.011000000000000001,0.004,0.0165,-0.053399999999999996,-0.009000000000000001,-0.0127,-0.053399999999999996,-0.0392,-0.0106,-0.0167,-0.011899999999999999,-0.0062,-0.0278,-0.0429,0.0138,-0.0105,0.0733,0.019799999999999998,0.006,-0.0194,0.0069,-0.0037,0.0902,-0.0046,0.0074
1960-05-31,0.0848,-0.0025,0.0273,0.0756,0.11939999999999999,0.08,0.0203,0.1373,0.0366,0.0229,0.0344,0.0262,0.011899999999999999,0.0666,0.0053,0.09570000000000001,-0.0111,0.0269,-0.0362,0.015,0.0332,-0.0147,0.1217,0.031200000000000002,0.0104,0.0182,0.0322,0.0109,-0.0022,0.0131
1960-06-30,0.0564,0.0070999999999999995,0.049800000000000004,0.025099999999999997,0.0025,0.0661,-0.013500000000000002,-0.0016,0.0069,0.0435,0.0277,0.015600000000000001,0.0187,0.0006,-0.0006,0.0063,-0.0216,-0.0109,0.0362,0.057699999999999994,-0.0034999999999999996,-0.0788,0.0265,0.0374,0.0239,0.056799999999999996,0.0373,0.0134,0.039900000000000005,0.0664
1960-07-31,-0.0199,-0.0066,0.0472,-0.0458,0.0034999999999999996,-0.0048,-0.009300000000000001,-0.0387,-0.0666,-0.0302,-0.0504,-0.0225,-0.0375,-0.0683,-0.013600000000000001,0.0184,0.0333,0.0217,0.0067,-0.010700000000000001,0.001,0.0297,-0.018799999999999997,-0.0397,-0.0288,-0.0613,-0.0287,-0.011200000000000002,0.003,-0.0583
1960-08-31,0.0475,0.0337,0.053899999999999997,0.0733,0.038,0.0525,0.0313,0.024700000000000003,0.0134,-0.0068000000000000005,0.0074,0.008,0.0095,-0.0088,0.033,0.0704,0.0712,0.0364,0.041100000000000005,0.0432,0.0711,0.058600000000000006,0.0288,0.013600000000000001,0.022000000000000002,0.046,0.0301,0.0223,0.0383,0.036699999999999997
1960-09-30,-0.0373,-0.0481,-0.0195,-0.0216,-0.0604,-0.09029999999999999,-0.046799999999999994,-0.0872,-0.06559999999999999,-0.049800000000000004,-0.048799999999999996,-0.0809,-0.0555,-0.1032,-0.061399999999999996,-0.0857,-0.0206,-0.0504,-0.0092,-0.0449,-0.059500000000000004,-0.0338,-0.0746,-0.07200000000000001,-0.0676,-0.0837,-0.0839,-0.0176,-0.056600000000000004,-0.0406
1960-10-31,0.0125,0.0079,0.0409,0.0031,0.026000000000000002,0.0669,-0.029500000000000002,-0.0349,-0.013600000000000001,-0.0296,-0.012,-0.021400000000000002,-0.012199999999999999,-0.0335,-0.0134,0.0118,0.0341,-0.0141,0.025,-0.0034000000000000002,0.0014000000000000002,0.0484,-0.0318,-0.0163,-0.0075,-0.0409,0.0055000000000000005,-0.0432,-0.0008,0.006
1960-11-30,0.0959,0.0664,0.0559,0.1404,0.1024,0.0925,0.0263,0.0405,0.0438,0.0217,0.0675,0.0138,0.08410000000000001,0.0533,-0.0023,0.07730000000000001,0.0757,0.0678,0.0333,0.0374,0.04190000000000001,0.0962,0.0833,0.054400000000000004,0.053399999999999996,0.0973,0.0664,0.0453,0.07780000000000001,0.0417
1960-12-31,0.0467,-0.0013,0.037000000000000005,0.07919999999999999,0.0782,0.019299999999999998,0.0362,0.0622,0.030299999999999997,0.0063,0.0461,0.0495,0.049400000000000006,0.011699999999999999,-0.0037,0.025699999999999997,0.0611,0.0173,0.0538,0.0636,0.12560000000000002,0.0837,0.0444,0.0574,0.0258,0.0229,0.0222,0.022400000000000003,0.055999999999999994,0.0397
1961-01-31,0.0489,0.053399999999999996,0.08960000000000001,0.0074,0.0944,0.045599999999999995,0.0558,0.0602,0.0665,0.11359999999999999,0.0567,0.0849,0.0611,-0.0040999999999999995,0.0852,0.0664,0.061399999999999996,0.1105,0.0973,0.0496,0.0789,0.044800000000000006,0.0527,0.047400000000000005,0.0842,0.08130000000000001,0.0252,0.042699999999999995,0.0737,0.0859
1961-02-28,0.0435,0.08310000000000001,0.0557,0.2249,0.023,0.0604,0.07,0.052000000000000005,0.0227,0.0693,0.0495,0.0591,0.0917,-0.0015,0.04,0.061500000000000006,-0.0161,0.09390000000000001,0.005699999999999999,0.0363,0.0075,0.0034000000000000002,0.046900000000000004,0.0699,0.044800000000000006,0.0349,0.049800000000000004,0.084,0.0702,0.059800000000000006
1961-03-31,0.048499999999999995,0.027200000000000002,0.057999999999999996,0.07400000000000001,0.049699999999999994,0.0654,0.0371,0.038,0.011399999999999999,0.0616,0.027000000000000003,0.020499999999999997,0.017,0.0318,0.0285,0.0167,0.0263,-0.0055000000000000005,0.0144,0.0202,0.0748,0.0,0.025099999999999997,-0.0049,0.0111,0.0478,0.0603,0.0425,0.046799999999999994,0.0729
1961-04-30,-0.012199999999999999,0.016200000000000003,-0.0006,-0.0204,-0.062,0.0281,0.0305,-0.0031,-0.0131,-0.051500000000000004,-0.0334,-0.0144,-0.0215,-0.0236,-0.0236,0.0209,0.011399999999999999,0.0068000000000000005,0.0483,0.018600000000000002,0.008,0.0005,0.0236,-0.0021,-0.013500000000000002,0.033,0.0037,0.044000000000000004,0.015600000000000001,-0.0351
1961-05-31,0.0438,0.0546,0.0356,-0.0373,0.028900000000000002,0.0017000000000000001,0.0729,0.022799999999999997,0.057,0.0565,0.0229,0.0608,0.0481,0.04650000000000001,0.0349,0.0232,0.0868,0.0782,-0.0001,0.0239,-0.0104,-0.0052,0.0174,0.015600000000000001,0.050499999999999996,0.002,0.044800000000000006,-0.0174,0.0398,0.0351
1961-06-30,-0.0197,-0.028900000000000002,0.0417,-0.056600000000000004,-0.0366,0.0362,-0.0492,-0.034300000000000004,-0.011399999999999999,-0.0317,-0.0275,-0.0747,-0.0296,-0.0371,-0.0068000000000000005,-0.0317,-0.0576,-0.042199999999999994,-0.04019999999999999,-0.0187,-0.04019999999999999,0.0033,-0.031200000000000002,-0.042699999999999995,-0.0415,-0.0475,0.0106,-0.0542,-0.025699999999999997,0.005600000000000001
1961-07-31,0.028900000000000002,0.0105,0.0613,-0.0106,-0.0236,0.022000000000000002,0.016399999999999998,0.035,0.0313,0.0171,0.0001,0.0434,0.0129,0.0336,0.0592,0.039599999999999996,0.0276,0.0341,0.0226,0.0287,0.0643,-0.0806,0.0074,-0.0031,-0.0018,0.0016,0.0263,0.0301,0.0362,0.0557
1961-08-31,0.0507,0.0335,0.079,0.0101,0.0106,0.10619999999999999,0.050300000000000004,0.038599999999999995,0.0248,0.059500000000000004,0.0096,0.0032,0.017,0.0338,0.015,-0.0070999999999999995,0.047,0.0177,0.0013,0.0381,0.0021,0.09140000000000001,0.0525,0.055,0.0353,0.028399999999999998,0.0319,0.0049,0.08650000000000001,0.0178
1961-09-30,-0.0045000000000000005,-0.013300000000000001,0.0011,0.0143,0.0092,-0.0287,-0.0063,-0.0123,-0.042800000000000005,-0.0409,-0.0215,-0.0776,-0.0436,-0.012199999999999999,0.038599999999999995,-0.062,-0.0611,0.0132,-0.066,0.0141,-0.0273,-0.058600000000000006,0.0118,-0.025699999999999997,-0.0104,-0.041100000000000005,0.0073,-0.0587,-0.001,0.0332
1961-10-31,0.0392,-0.006500000000000001,0.0724,-0.0521,0.011399999999999999,-0.005600000000000001,0.08439999999999999,0.0366,0.0024,0.0335,0.009300000000000001,-0.016399999999999998,0.0075,-0.0176,0.0040999999999999995,-0.0507,-0.0204,0.048,0.0672,0.053099999999999994,0.002,0.0241,0.0673,0.019299999999999998,0.0248,0.0463,0.096,0.0092,0.0218,0.005699999999999999
1961-11-30,0.054299999999999994,0.0461,0.08199999999999999,0.0042,0.039,0.045700000000000005,0.054299999999999994,0.0313,0.026099999999999998,0.0753,0.0621,0.0184,0.028900000000000002,0.058899999999999994,0.08460000000000001,0.0333,0.037000000000000005,0.06280000000000001,0.0542,0.0342,0.085,0.08410000000000001,0.0113,0.022000000000000002,0.0038,0.058600000000000006,0.051100000000000007,0.0124,0.0735,0.0182
1961-12-31,-0.035,0.0161,-0.0593,0.022099999999999998,-0.0347,-0.035699999999999996,0.0019,-0.0199,0.0003,-0.0092,0.0034999999999999996,0.032799999999999996,0.0032,-0.0118,0.0258,0.004,-0.028900000000000002,0.003,0.0394,-0.042,0.0332,-0.004699999999999999,-0.0036,-0.0246,0.0001,0.0062,-0.0044,-0.020099999999999996,-0.0434,-0.006
1962-01-31,-0.0643,-0.0321,-0.0404,-0.13,-0.0319,-0.071,-0.0583,-0.0478,-0.0452,0.0074,-0.0526,-0.0375,-0.0038,-0.0223,-0.0033,0.06709999999999999,-0.0134,0.0492,0.0002,-0.0259,-0.060700000000000004,-0.046,-0.0666,-0.0499,0.0268,-0.0044,-0.0929,-0.0394,-0.047,-0.0337
1962-02-28,-0.0005,0.004699999999999999,0.0087,-0.0183,-0.0033,-0.0083,0.022000000000000002,0.0375,0.0348,0.0225,0.0128,-0.0085,0.0182,-0.0025,-0.0127,-0.031400000000000004,-0.0311,0.0066,0.054299999999999994,0.0263,0.041100000000000005,-0.0174,0.0013,0.0407,0.0055000000000000005,0.0012,0.018000000000000002,-0.004,0.0377,0.0441
1962-03-31,0.0118,-0.0015,-0.06480000000000001,-0.051699999999999996,0.0059,0.0454,-0.0102,0.0040999999999999995,-0.0253,-0.0055000000000000005,-0.0034999999999999996,0.009399999999999999,-0.0163,0.0144,0.005699999999999999,-0.0334,-0.0128,-0.044800000000000006,-0.0161,0.0196,-0.0294,-0.012199999999999999,-0.005600000000000001,0.013600000000000001,-0.0138,-0.021400000000000002,0.0115,-0.0382,-0.0182,-0.016200000000000003
1962-04-30,-0.0437,-0.0338,-0.1277,-0.1081,-0.0851,-0.06849999999999999,-0.0796,-0.1134,-0.0601,-0.078,-0.0729,-0.10439999999999999,-0.0771,-0.0999,-0.061799999999999994,-0.1,-0.0751,-0.0989,-0.0342,-0.0279,-0.046799999999999994,-0.029300000000000003,-0.11779999999999999,-0.07730000000000001,-0.0602,-0.056600000000000004,-0.0434,-0.08800000000000001,-0.0738,-0.0189
1962-05-31,-0.11019999999999999,-0.0882,-0.1398,-0.1115,-0.1458,-0.0983,-0.1008,-0.1081,-0.0803,-0.0782,-0.0877,-0.0723,-0.0791,-0.08529999999999999,-0.047400000000000005,-0.0533,-0.044199999999999996,-0.0916,-0.048600000000000004,-0.1047,-0.0706,-0.1074,-0.12960000000000002,-0.10830000000000001,-0.0473,-0.1104,-0.0892,-0.0718,-0.0978,-0.11630000000000001
1962-06-30,-0.08560000000000001,-0.0596,-0.08130000000000001,-0.1558,-0.1632,-0.1215,-0.08779999999999999,-0.129,-0.0873,-0.0461,-0.1117,-0.1001,-0.0819,-0.10400000000000001,-0.0666,-0.0725,-0.0409,-0.0697,-0.048,-0.051100000000000007,-0.0852,-0.1295,-0.124,-0.0943,-0.07490000000000001,-0.1091,-0.102,-0.1283,-0.10869999999999999,-0.1407
1962-07-31,0.0721,0.028999999999999998,0.0096,-0.0236,0.0666,0.1017,0.08039999999999999,0.07780000000000001,0.0658,0.0572,0.0564,0.0323,0.0431,0.0973,0.0677,0.09630000000000001,0.0326,0.10529999999999999,0.0479,0.0739,0.0723,0.107,0.1241,0.0362,0.035,0.054299999999999994,0.04190000000000001,0.052000000000000005,0.0839,0.0902
1962-08-31,0.0005,0.0446,0.0166,0.059699999999999996,0.0424,0.0137,0.0313,-0.07919999999999999,0.0443,-0.0076,0.0256,-0.0039000000000000003,0.022099999999999998,0.0392,0.030299999999999997,0.0443,0.0353,0.0148,0.018500000000000003,0.0315,0.0158,0.0118,0.0302,0.028999999999999998,0.0339,0.0444,0.044199999999999996,0.005600000000000001,0.037599999999999995,0.0587
1962-09-30,-0.046799999999999994,-0.059500000000000004,-0.0757,-0.1032,-0.0451,-0.0898,-0.0636,-0.0405,-0.020099999999999996,-0.043899999999999995,-0.0692,-0.0842,-0.061900000000000004,-0.0784,-0.0304,-0.058600000000000006,-0.059500000000000004,-0.0387,-0.0173,-0.0287,-0.060599999999999994,-0.08199999999999999,-0.0958,-0.0621,-0.053899999999999997,-0.07429999999999999,-0.06559999999999999,-0.0855,-0.056900000000000006,-0.0475
1962-10-31,-0.027200000000000002,-0.023,-0.0664,-0.08710000000000001,0.0009,0.0121,-0.01,0.0246,0.047599999999999996,0.011899999999999999,-0.018000000000000002,0.0084,-0.0003,0.024300000000000002,0.024300000000000002,0.0137,0.0039000000000000003,-0.0203,-0.0026,-0.0109,0.0277,-0.0129,-0.0194,-0.01,0.031400000000000004,-0.0077,-0.0134,-0.0516,-0.0074,-0.0325
1962-11-30,0.1229,0.1134,0.1149,0.1576,0.1229,0.1423,0.0947,0.17629999999999998,0.1186,0.1084,0.13570000000000002,0.1514,0.133,0.1418,0.0731,0.11460000000000001,0.0897,0.10640000000000001,0.1075,0.0765,0.0717,0.12390000000000001,0.1487,0.1333,0.1686,0.13470000000000001,0.11,0.1366,0.1409,0.1578
1962-12-31,0.028399999999999998,0.0248,-0.0217,0.0206,-0.036699999999999997,0.008100000000000001,-0.003,0.0088,0.0098,0.0076,-0.022099999999999998,-0.0452,0.0060999999999999995,0.0075,0.031200000000000002,-0.0199,-0.0275,0.005600000000000001,0.04769999999999999,0.0348,0.0108,0.014499999999999999,-0.0084,-0.013999999999999999,0.0137,0.0019,0.0008,-0.0229,0.0166,0.0227
1963-01-31,0.0665,0.04019999999999999,0.0172,0.087,0.0655,0.0546,0.0646,0.056600000000000004,0.0458,0.08779999999999999,0.045599999999999995,0.0785,0.0761,0.049699999999999994,0.07339999999999999,0.012,0.1066,0.0817,0.0258,0.0525,0.041299999999999996,0.013600000000000001,0.0613,0.0824,0.0596,0.0369,0.0412,0.0767,0.036000000000000004,0.0866
1963-02-28,-0.0273,-0.0506,-0.0339,-0.067,-0.0194,-0.0326,-0.032799999999999996,-0.0258,-0.0388,0.006500000000000001,-0.0072,-0.0213,-0.0259,-0.0637,-0.0282,-0.0097,-0.018000000000000002,-0.0053,-0.0134,-0.0146,-0.0111,0.0006,-0.0412,-0.0219,-0.0002,-0.0191,-0.005600000000000001,-0.0391,-0.0027,0.0029
1963-03-31,0.0172,0.0463,0.0774,0.0111,-0.0087,0.039599999999999996,0.0143,0.0118,0.0371,0.0077,0.0345,0.0227,0.0291,0.0143,0.0641,0.0023,0.027200000000000002,0.0629,0.07,0.0179,0.0194,0.0346,0.037000000000000005,0.0301,0.0345,0.0038,0.0218,-0.0575,0.0236,0.053
1963-04-30,0.011200000000000002,0.0066,0.063,-0.008100000000000001,0.0785,0.059800000000000006,0.0169,0.07629999999999999,0.044000000000000004,0.07730000000000001,0.0401,0.0541,0.0338,0.0592,0.0602,0.0337,0.0489,0.0436,0.0608,0.023700000000000002,0.0373,0.0287,0.0677,0.048600000000000004,0.0874,0.056299999999999996,0.054900000000000004,0.0033,0.036699999999999997,0.061200000000000004
1963-05-31,0.0348,0.012,-0.0305,0.0444,0.0055000000000000005,0.0091,0.0048,-0.0025,0.0129,0.0246,0.0118,0.0665,0.060899999999999996,0.0471,0.0723,-0.0091,0.022799999999999997,0.038,-0.0018,0.0104,-0.0064,0.0353,0.0384,-0.0113,0.0639,0.0096,0.027200000000000002,0.032799999999999996,0.0052,-0.0004
1963-06-30,-0.0045000000000000005,-0.0183,-0.06269999999999999,-0.0131,0.0101,-0.0022,-0.0184,-0.0109,-0.0321,-0.0098,-0.0138,-0.0375,-0.0149,-0.0265,-0.0368,-0.01,-0.0235,-0.0174,0.0127,-0.0113,-0.0194,-0.0128,-0.065,-0.0197,-0.0106,-0.0315,-0.0126,-0.0055000000000000005,-0.0098,-0.0215
1963-07-31,0.0004,-0.022000000000000002,-0.0254,-0.0346,-0.0003,-0.0014000000000000002,-0.0058,0.005699999999999999,-0.0101,0.0352,-0.0077,-0.0159,-0.0304,-0.025,0.0004,-0.0337,-0.0291,0.0054,0.023399999999999997,0.008100000000000001,-0.0025,-0.0355,-0.0054,-0.013300000000000001,-0.024,0.0014000000000000002,-0.0108,-0.043,-0.006500000000000001,-0.0229
1963-08-31,0.0482,0.0233,0.0718,0.06,0.04650000000000001,0.0621,0.0454,0.09570000000000001,0.0462,0.043,0.0604,0.08349999999999999,0.0461,0.0518,0.0731,0.0297,0.04,0.08109999999999999,0.0385,0.0412,0.0429,0.026600000000000002,0.052300000000000006,0.077,0.07139999999999999,0.0408,0.0665,0.011399999999999999,0.0429,0.063
1963-09-30,-0.0143,0.003,-0.0424,-0.0415,0.026600000000000002,-0.0139,-0.0415,-0.0407,-0.0087,-0.0113,-0.0126,0.0027,-0.027000000000000003,-0.0176,0.0038,-0.0452,-0.0095,-0.049800000000000004,-0.0362,-0.024900000000000002,0.0236,-0.0282,0.0033,0.014499999999999999,-0.0388,-0.017,0.0111,-0.0254,-0.0323,-0.0304
1963-10-31,0.0241,-0.0128,0.0579,0.10220000000000001,-0.0113,0.0425,0.0263,0.0339,0.0353,0.0574,-0.0052,0.0158,0.0398,-0.0046,0.114,0.022000000000000002,0.031400000000000004,0.0925,-0.0052,-0.0067,0.034300000000000004,0.0166,0.0858,0.016399999999999998,0.018000000000000002,0.0137,0.0045000000000000005,0.0115,0.006999999999999999,0.03
1963-11-30,-0.0046,-0.0072,-0.056600000000000004,-0.023399999999999997,-0.0014000000000000002,-0.0018,-0.013600000000000001,-0.016399999999999998,0.0225,0.0202,-0.0106,-0.0183,-0.006999999999999999,-0.0169,-0.059000000000000004,0.0518,0.0158,0.0086,-0.0118,-0.0106,0.0414,-0.0383,-0.0028000000000000004,-0.009399999999999999,0.0361,-0.0412,-0.0108,-0.0354,-0.0229,0.0149
1963-12-31,0.03,0.0121,0.0599,-0.0209,-0.0025,0.0447,-0.003,0.0154,0.044800000000000006,0.0333,0.008,0.0151,0.0189,-0.0253,-0.0098,-0.0455,0.060599999999999994,0.0541,0.04650000000000001,0.0241,-0.0009,0.009300000000000001,0.0325,0.003,0.0383,-0.0067,0.0034000000000000002,0.0171,0.0161,-0.026600000000000002
1964-01-31,0.011399999999999999,0.009899999999999999,-0.0169,-0.0102,0.0438,0.015300000000000001,-0.0111,0.037000000000000005,0.0326,0.0227,0.0203,0.0443,0.037000000000000005,-0.028900000000000002,0.011200000000000002,0.0377,-0.0005,0.045,0.048600000000000004,0.0139,0.0332,0.022000000000000002,0.030600000000000002,0.018600000000000002,0.0378,-0.0176,0.0279,-0.0034999999999999996,-0.0116,-0.0236
1964-02-29,0.0143,-0.002,0.0265,0.024700000000000003,0.0676,0.009399999999999999,0.0165,0.0165,0.0223,0.0373,0.0482,0.028999999999999998,0.0334,0.049699999999999994,0.0319,0.0473,0.057699999999999994,0.0038,0.0109,0.0087,-0.0028000000000000004,0.026600000000000002,0.0197,-0.0033,0.0677,0.0177,0.0158,0.0697,0.0377,0.01
1964-03-31,0.0196,0.06860000000000001,0.1038,0.0262,-0.009300000000000001,0.023,0.0097,-0.0194,0.0264,0.0046,0.0478,0.0697,0.0665,0.0356,0.0079,0.019,0.0526,-0.020499999999999997,0.014499999999999999,-0.0074,-0.009000000000000001,0.0275,0.0345,0.0124,0.0323,0.0454,0.022799999999999997,0.04,0.0069,-0.0021
1964-04-30,-0.010700000000000001,-0.016200000000000003,0.0183,-0.044500000000000005,0.021099999999999997,-0.0158,-0.004,-0.014199999999999999,-0.011899999999999999,-0.0051,-0.005,-0.035699999999999996,-0.0032,-0.0447,0.0291,-0.038,0.1311,-0.0449,0.0424,0.0105,0.0083,-0.0021,-0.0369,-0.0115,-0.012,-0.0005,0.030699999999999998,0.0174,-0.01,-0.0341
1964-05-31,0.0167,0.0146,-0.0023,-0.0385,0.0147,0.0222,0.0181,0.0052,0.023399999999999997,0.057300000000000004,0.0025,0.011699999999999999,0.0209,-0.0144,0.0233,0.0582,0.0101,0.0091,0.0217,0.0084,-0.0039000000000000003,-0.0331,0.028300000000000002,-0.009300000000000001,0.059500000000000004,-0.0006,0.04190000000000001,-0.0011,0.0,0.0014000000000000002
1964-06-30,0.023399999999999997,0.0154,-0.0154,-0.0121,0.0382,0.0018,0.0408,0.0058,-0.005699999999999999,-0.0037,0.0027,0.0091,0.039,-0.001,0.0173,0.0262,-0.010700000000000001,-0.0233,0.0072,0.022099999999999998,0.046900000000000004,0.0596,0.0043,0.0098,0.0373,0.0349,0.0392,0.0246,-0.012,-0.0125
1964-07-31,0.0124,0.0786,0.0040999999999999995,0.0034000000000000002,-0.0024,0.0072,0.0401,0.047599999999999996,0.0217,0.0582,0.0141,0.0062,0.0196,0.0761,0.0587,0.0591,0.0259,0.0146,0.0337,0.0493,-0.020099999999999996,0.031,-0.0192,0.0062,0.001,0.0229,0.0109,0.009399999999999999,0.0189,0.030299999999999997
1964-08-31,-0.013000000000000001,-0.018600000000000002,0.0667,-0.0342,-0.0139,-0.0147,-0.0092,-0.042199999999999994,-0.0227,-0.019299999999999998,-0.0163,-0.0008,-0.008100000000000001,0.027000000000000003,0.0194,0.0346,0.0031,-0.005,-0.0189,-0.0004,-0.015600000000000001,0.0362,-0.028999999999999998,-0.0209,-0.0588,-0.0461,0.0059,-0.0358,-0.021400000000000002,0.0058
1964-09-30,0.019799999999999998,0.0165,-0.0197,0.054299999999999994,0.0225,0.0575,0.0383,0.0275,0.0535,0.0438,0.0001,0.055099999999999996,0.0336,0.0409,0.047400000000000005,0.049400000000000006,0.10679999999999999,0.0533,0.030299999999999997,0.018799999999999997,-0.0103,0.0126,0.0118,0.0432,0.0446,0.024900000000000002,0.0349,0.037599999999999995,0.0252,0.0418
1964-10-31,-0.011699999999999999,0.0241,-0.0206,0.008199999999999999,0.024900000000000002,-0.011399999999999999,0.0060999999999999995,0.0286,0.0092,0.07339999999999999,0.0218,-0.0263,0.0219,0.060599999999999994,-0.0002,0.0052,0.0014000000000000002,0.0004,0.031200000000000002,0.0095,-0.0089,0.0352,-0.0104,0.0292,0.041299999999999996,0.0132,0.023,0.057699999999999994,-0.0063,-0.0037
1964-11-30,0.0123,-0.014199999999999999,-0.016399999999999998,-0.0195,0.0177,0.009899999999999999,0.0288,0.0217,0.023399999999999997,0.0034999999999999996,-0.0073,-0.049,0.0144,0.0070999999999999995,-0.0252,0.0044,0.0029,0.0096,0.0259,0.0137,-0.0223,-0.0195,-0.002,-0.0288,-0.0327,0.0182,0.0332,0.0111,-0.0087,0.0078000000000000005
1964-12-31,0.0118,-0.0019,-0.046799999999999994,-0.0131,0.0092,0.0067,-0.0039000000000000003,0.0438,0.004699999999999999,0.0060999999999999995,-0.0101,-0.0166,-0.027999999999999997,-0.0274,0.0223,-0.0039000000000000003,-0.0115,0.0177,-0.0024,0.0049,0.031200000000000002,-0.0092,-0.0001,-0.013600000000000001,-0.024300000000000002,0.005699999999999999,0.0012,-0.0032,-0.0121,-0.0363
1965-01-31,0.0504,0.12179999999999999,0.0537,0.0866,0.0867,0.06559999999999999,0.0733,0.0766,0.056299999999999996,0.0848,0.0545,0.049100000000000005,0.0425,0.0981,0.028999999999999998,0.028999999999999998,0.0823,0.0374,0.0028000000000000004,0.039599999999999996,0.0025,0.0802,0.07429999999999999,0.0552,0.04769999999999999,0.0556,0.0274,0.0947,0.0271,0.053899999999999997
1965-02-28,0.013300000000000001,0.0191,-0.0006,0.052199999999999996,0.013500000000000002,0.0279,0.0645,0.0242,0.0091,0.0206,0.0327,0.0298,0.059800000000000006,0.051699999999999996,-0.0111,0.0365,0.0478,-0.0051,-0.0345,0.0043,0.008,0.0288,0.0216,0.0013,0.0259,0.0305,0.013500000000000002,0.0304,0.0129,0.0553
1965-03-31,-0.0147,0.0059,-0.009000000000000001,0.0387,0.0288,-0.019,0.0084,-0.0092,-0.0301,0.0103,0.0023,0.0004,-0.0252,-0.0072,0.0179,0.0121,-0.0064,-0.001,-0.031,-0.0052,-0.0168,0.0315,-0.0045000000000000005,0.0097,-0.0078000000000000005,0.0069,-0.0095,0.0034000000000000002,-0.0031,0.0443
1965-04-30,0.0286,0.0552,0.056100000000000004,0.0398,0.0554,0.057800000000000004,0.0484,0.0297,0.019299999999999998,0.0898,0.0276,0.052000000000000005,0.051100000000000007,0.0512,0.0704,0.0729,0.0407,-0.0207,0.0091,0.0066,0.0233,0.0466,0.052199999999999996,0.0337,0.0109,0.057999999999999996,0.0702,0.031,0.0264,0.023799999999999998
1965-05-31,-0.009000000000000001,-0.0032,-0.0168,0.0225,0.0055000000000000005,-0.0051,0.0078000000000000005,-0.0125,0.0052,-0.0121,-0.0078000000000000005,-0.0075,-0.0252,0.0083,-0.0406,0.001,-0.0208,-0.024900000000000002,0.009300000000000001,-0.0097,0.0277,-0.0346,0.005699999999999999,-0.018600000000000002,-0.0028000000000000004,-0.009399999999999999,0.0034000000000000002,-0.0304,-0.0233,-0.016399999999999998
1965-06-30,-0.043,-0.045700000000000005,-0.0341,-0.1007,-0.0638,-0.0538,-0.09140000000000001,-0.053099999999999994,-0.0576,-0.0793,-0.0712,-0.0687,-0.0626,-0.0793,-0.07139999999999999,-0.068,-0.0999,-0.06,-0.0196,-0.0366,-0.0418,-0.0909,-0.0565,-0.061799999999999994,-0.0694,-0.0944,-0.0613,-0.0673,-0.049,-0.11710000000000001
1965-07-31,0.0118,-0.0036,0.0174,0.0579,0.0358,0.044500000000000005,0.024300000000000002,0.0395,0.0005,0.0297,0.005699999999999999,0.031200000000000002,0.0166,0.0466,0.015700000000000002,0.0885,0.07730000000000001,0.0191,0.018600000000000002,0.0106,-0.0037,0.0415,0.0346,-0.0022,0.0449,0.0545,-0.0184,0.013000000000000001,0.0115,0.0725
1965-08-31,0.0178,0.0378,0.09539999999999998,0.06860000000000001,0.0713,0.065,0.0645,0.063,0.0154,0.060700000000000004,0.026000000000000002,0.0279,0.0407,0.0655,0.0275,0.0253,0.0335,0.0326,0.0151,0.009300000000000001,0.013300000000000001,0.035,0.0605,0.0269,0.066,0.050499999999999996,0.021,0.052000000000000005,0.0455,0.052199999999999996
1965-09-30,0.0024,-0.0032,-0.026600000000000002,0.11699999999999999,0.024700000000000003,0.058899999999999994,0.0206,0.022400000000000003,0.0397,0.0504,0.0241,0.0207,0.0604,0.0519,0.048799999999999996,0.1047,0.006,0.0031,0.044500000000000005,0.0139,0.011000000000000001,0.042800000000000005,0.054400000000000004,0.0345,0.0311,0.0742,-0.011699999999999999,0.0435,-0.0011,0.041100000000000005
1965-10-31,0.0096,0.0248,0.044199999999999996,0.1168,0.0596,0.0433,0.0449,0.0323,0.0287,0.0525,0.0438,0.0527,0.0548,0.056100000000000004,0.0637,0.0774,0.044199999999999996,0.15560000000000002,0.0158,0.0105,-0.0227,0.0436,0.0527,0.0262,0.0649,0.0353,0.0006,0.0526,0.0085,0.0241
1965-11-30,0.0027,0.009399999999999999,-0.046799999999999994,0.1168,0.0742,0.0092,0.022000000000000002,0.0379,-0.0191,0.0764,0.0089,-0.044000000000000004,0.0542,0.0832,-0.0483,0.1483,0.023700000000000002,-0.008,0.0073,-0.0101,-0.0431,0.0223,0.024300000000000002,0.018799999999999997,0.0709,0.057999999999999996,0.0111,0.0209,0.0131,0.091
1965-12-31,0.0106,0.0263,-0.0102,0.0394,0.0365,0.044199999999999996,0.0206,0.0382,0.0236,0.0171,0.021,0.08109999999999999,0.0195,-0.0032,0.0116,-0.0196,0.08869999999999999,0.0069,0.0017000000000000001,-0.0033,-0.0085,0.0933,-0.0161,0.0194,0.0181,0.0271,0.011699999999999999,0.039900000000000005,0.0195,-0.0074
1966-01-31,0.002,0.0124,0.028999999999999998,0.1076,0.0173,0.0206,0.0434,0.0278,-0.0074,0.0843,0.0361,0.04190000000000001,0.0265,0.04,0.0037,0.09,0.121,0.011200000000000002,0.0102,-0.0301,-0.0129,0.019,0.0108,0.04650000000000001,0.0709,0.0692,-0.0516,0.030899999999999997,0.005699999999999999,0.057699999999999994
1966-02-28,-0.0087,-0.0285,-0.023399999999999997,0.0738,0.004,-0.0068000000000000005,0.03,-0.015600000000000001,-0.0192,0.0049,-0.008199999999999999,-0.0173,-0.0097,0.013000000000000001,-0.016200000000000003,-0.0055000000000000005,0.09449999999999999,-0.0002,-0.0356,-0.0418,0.004699999999999999,0.025699999999999997,0.053399999999999996,-0.0042,0.0336,0.0229,-0.0215,-0.013999999999999999,-0.0206,0.018600000000000002
1966-03-31,-0.023399999999999997,-0.0416,-0.0338,0.0327,0.0292,0.026000000000000002,-0.0336,-0.016,-0.0455,-0.0454,-0.0301,-0.022799999999999997,-0.0167,0.008,-0.0533,-0.008,-0.042199999999999994,0.0019,-0.0229,-0.0014000000000000002,-0.048499999999999995,-0.031,-0.009300000000000001,-0.0375,-0.011899999999999999,-0.0279,-0.0229,0.0318,-0.0406,-0.0286
1966-04-30,-0.009000000000000001,0.0319,-0.010700000000000001,0.0579,0.039900000000000005,0.0548,0.026099999999999998,-0.0001,0.0032,0.0068000000000000005,0.0168,0.0173,0.0134,0.0397,-0.0143,0.0369,0.031200000000000002,0.0092,0.032,0.0118,0.0127,0.0339,0.0765,0.0434,0.0453,0.1216,0.0248,0.0691,0.013000000000000001,0.09140000000000001
1966-05-31,-0.037000000000000005,-0.0629,-0.039,-0.138,-0.054299999999999994,-0.0587,-0.0794,-0.0526,-0.046,-0.0859,-0.0584,-0.0795,-0.059800000000000006,-0.0874,-0.0695,-0.0765,-0.0819,-0.0254,-0.0379,-0.0274,-0.029900000000000003,-0.1115,-0.0603,-0.050300000000000004,-0.0953,-0.096,-0.024900000000000002,-0.0438,-0.0388,-0.1109
1966-06-30,-0.0305,0.032799999999999996,-0.020099999999999996,-0.0483,0.024399999999999998,0.0092,-0.019,0.009899999999999999,-0.0388,-0.0199,-0.0204,-0.0085,-0.0126,-0.0264,-0.0134,0.0092,-0.0009,-0.0852,-0.021400000000000002,-0.0179,0.004699999999999999,-0.0053,-0.0014000000000000002,-0.0066,0.0333,0.01,-0.0265,0.0070999999999999995,-0.021,-0.0104
1966-07-31,-0.004,-0.0392,-0.0045000000000000005,-0.0327,-0.008100000000000001,-0.0239,-0.0172,-0.0172,-0.0116,-0.052300000000000006,-0.0144,-0.0407,-0.0337,-0.052300000000000006,0.0043,-0.07150000000000001,-0.0042,0.0333,0.0034999999999999996,-0.0018,-0.0116,-0.031400000000000004,-0.0167,0.014499999999999999,-0.0217,-0.034300000000000004,-0.0183,-0.0281,-0.0206,-0.0501
1966-08-31,-0.060899999999999996,-0.0693,-0.055,-0.03,-0.0922,-0.0828,-0.1081,-0.08109999999999999,-0.0911,-0.09759999999999999,-0.10220000000000001,-0.0751,-0.073,-0.0922,-0.079,-0.0799,-0.131,0.0321,-0.0661,-0.0861,-0.045700000000000005,-0.0935,-0.0599,-0.055999999999999994,-0.135,-0.10830000000000001,-0.06,-0.1023,-0.08839999999999999,-0.0967
1966-09-30,-0.0105,-0.0344,0.0036,-0.1195,0.0078000000000000005,-0.0274,-0.0131,-0.011399999999999999,-0.0725,-0.0692,-0.0235,-0.023,-0.054000000000000006,-0.0002,0.009899999999999999,-0.0341,-0.0286,0.0281,0.039599999999999996,0.0436,-0.005600000000000001,-0.0334,-0.018799999999999997,-0.0118,-0.0233,-0.024,-0.0171,-0.0909,-0.0001,-0.042300000000000004
1966-10-31,0.0825,0.044000000000000004,0.0684,-0.0692,-0.005,0.0384,-0.025699999999999997,0.0487,0.018799999999999997,-0.060899999999999996,0.0116,0.0678,0.0265,0.023399999999999997,-0.0015,-0.0175,-0.016399999999999998,-0.0144,0.0858,0.09960000000000001,0.09179999999999999,-0.0319,0.0045000000000000005,0.0134,-0.0070999999999999995,0.0111,-0.0147,-0.0395,0.1035,-0.0104
1966-11-30,0.023799999999999998,0.0676,-0.04,0.0361,0.09359999999999999,0.0733,0.0405,0.0691,-0.0168,-0.0252,0.0462,-0.003,0.013500000000000002,0.0787,-0.0701,0.1457,0.10060000000000001,0.061500000000000006,-0.0126,-0.0137,-0.028399999999999998,0.0669,0.1107,0.0115,0.10949999999999999,0.0819,0.003,0.0217,0.0304,0.0668
1966-12-31,-0.0053,0.032400000000000005,-0.0155,-0.0453,0.030899999999999997,-0.0125,-0.0074,-0.0018,0.0216,0.025099999999999997,0.0219,0.032799999999999996,0.0118,-0.0268,-0.005,0.0178,0.021099999999999997,0.0721,-0.0075,0.0209,0.0296,0.0394,0.0038,-0.0022,0.0068000000000000005,0.0144,-0.0479,0.0584,0.0344,0.0951
1967-01-31,0.0637,0.09179999999999999,0.1643,0.1864,0.11599999999999999,0.0616,0.1142,0.0645,0.1186,0.1303,0.1503,0.1542,0.133,0.158,0.1355,0.10869999999999999,0.12869999999999998,0.0703,0.0352,0.028399999999999998,0.062400000000000004,0.1972,0.09949999999999999,0.08960000000000001,0.1249,0.1668,0.1152,0.1528,0.0898,0.0818
1967-02-28,0.0163,0.037200000000000004,-0.0335,0.013300000000000001,0.0506,0.044800000000000006,0.0341,0.013999999999999999,-0.0075,0.038599999999999995,0.025,-0.0345,-0.015,0.0501,-0.0115,0.022000000000000002,-0.0161,0.031,-0.0015,-0.0173,0.0213,0.0003,0.0634,0.0129,-0.0127,0.1124,0.0256,0.058600000000000006,0.0022,0.056799999999999996
1967-03-31,0.0356,0.08310000000000001,0.049100000000000005,-0.0018,0.0756,0.039900000000000005,0.0405,0.0786,0.0383,0.0209,0.0862,0.0519,0.1148,0.0438,0.054000000000000006,0.0719,0.0432,0.0983,0.0351,0.0154,0.0296,0.043899999999999995,0.053399999999999996,0.06860000000000001,0.0426,0.042199999999999994,0.0194,0.15460000000000002,0.0129,0.0282
1967-04-30,0.0416,0.0613,0.0348,0.105,0.0625,0.0466,0.0287,0.044500000000000005,0.0572,0.0697,0.0387,0.0323,0.050499999999999996,0.0504,0.09480000000000001,0.0519,0.0581,0.057699999999999994,0.0163,0.018799999999999997,0.0022,0.0722,0.0805,0.018799999999999997,0.0075,0.0242,0.09789999999999999,0.0895,0.0044,0.021400000000000002
1967-05-31,-0.0177,-0.0538,-0.076,-0.0712,-0.0366,-0.0556,0.002,-0.0529,-0.057,-0.0217,-0.0538,-0.0195,-0.0264,-0.0354,-0.06480000000000001,0.006999999999999999,0.0137,-0.005,-0.0248,-0.0412,-0.056600000000000004,-0.0055000000000000005,-0.0461,-0.0301,-0.0212,0.0356,-0.054000000000000006,0.015600000000000001,-0.0242,0.0059
1967-06-30,0.0405,0.042699999999999995,0.0665,0.1057,-0.0588,0.0154,0.048600000000000004,0.0541,-0.0027,-0.0089,0.043899999999999995,0.0147,0.0434,0.0731,0.0089,0.10310000000000001,0.0576,0.0662,0.022099999999999998,-0.0131,0.0273,0.09390000000000001,0.0625,-0.0138,0.0048,0.0759,0.0337,0.13,0.037200000000000004,0.0761
1967-07-31,0.0582,0.026600000000000002,0.0833,0.0654,0.0443,0.0646,0.0499,0.0379,0.0416,0.0833,0.07339999999999999,0.0774,0.0579,0.0849,0.0908,0.041100000000000005,0.1388,0.032400000000000005,0.0698,0.0233,-0.0658,0.0701,0.039,0.0425,0.07339999999999999,0.0546,0.0623,0.0171,0.0691,0.08560000000000001
1967-08-31,-0.0166,0.0054,-0.0493,0.0069,-0.0045000000000000005,-0.0045000000000000005,0.0533,0.006500000000000001,-0.0033,0.024700000000000003,0.0286,0.0072,0.0018,0.0275,-0.0067,-0.0409,-0.0354,0.0049,-0.0152,-0.006500000000000001,-0.0124,0.022400000000000003,-0.0086,-0.011399999999999999,-0.024399999999999998,-0.0007000000000000001,0.004699999999999999,-0.0036,0.022000000000000002,-0.04769999999999999
1967-09-30,0.0258,-0.0147,-0.0182,0.0592,0.022099999999999998,0.0336,0.0775,0.028999999999999998,0.056299999999999996,0.1036,0.033,0.0026,0.0426,0.058600000000000006,0.0527,-0.0255,0.0652,0.0499,0.042300000000000004,-0.001,0.012199999999999999,0.08439999999999999,0.0857,0.0288,-0.038,0.08560000000000001,0.0178,0.0913,0.0304,0.06
1967-10-31,-0.034,-0.0321,0.0339,-0.0021,-0.06570000000000001,0.0034999999999999996,0.0109,-0.050300000000000004,-0.06509999999999999,-0.027999999999999997,-0.051399999999999994,-0.10039999999999999,-0.0617,-0.0288,-0.054900000000000004,-0.0401,-0.0662,-0.0021,-0.009899999999999999,-0.0537,-0.0349,0.0464,0.0525,-0.048600000000000004,-0.0931,-0.004699999999999999,0.0058,0.0942,-0.0378,-0.047599999999999996
1967-11-30,0.0076,-0.0079,-0.052000000000000005,-0.042300000000000004,0.0342,0.026600000000000002,0.0223,0.013300000000000001,-0.028399999999999998,-0.0077,-0.0191,-0.0017000000000000001,-0.0012,0.0103,0.005600000000000001,0.0222,0.016399999999999998,-0.0301,0.0084,0.0319,0.0008,0.0079,0.0139,-0.0019,-0.0012,0.0036,0.0062,0.0783,-0.0106,-0.017
1967-12-31,0.0268,-0.003,0.0712,0.0332,0.0003,0.0219,0.075,0.017,0.059500000000000004,0.018500000000000003,0.058899999999999994,0.048,0.0407,0.052199999999999996,0.0417,0.04650000000000001,0.0553,0.0655,0.0302,0.0329,0.0012,0.15710000000000002,0.016200000000000003,0.0611,0.021099999999999997,0.11900000000000001,0.027200000000000002,0.0774,0.0672,0.0625
1968-01-31,-0.0092,-0.0089,0.008,-0.0339,-0.0394,-0.10339999999999999,0.0085,-0.06570000000000001,-0.0487,0.0242,0.0007000000000000001,-0.047599999999999996,-0.0334,-0.08900000000000001,-0.0438,-0.10779999999999999,-0.0327,0.0172,-0.0095,0.0018,0.026699999999999998,-0.024399999999999998,-0.0875,-0.0361,-0.069,0.0187,0.0129,-0.0358,0.028999999999999998,0.0013
1968-02-29,-0.023799999999999998,-0.0147,0.0116,-0.053399999999999996,-0.050300000000000004,-0.028300000000000002,-0.0557,-0.0425,-0.0436,-0.020499999999999997,-0.0377,-0.042199999999999994,-0.0637,-0.0467,-0.0311,-0.0374,-0.0049,-0.0698,-0.0262,-0.0149,-0.0242,-0.0758,-0.0433,-0.042699999999999995,-0.0311,-0.11199999999999999,0.0005,-0.0697,-0.0296,-0.08
1968-03-31,0.0039000000000000003,0.0225,-0.0179,0.050499999999999996,0.0219,0.0349,0.0274,0.0011,-0.0053,-0.012,0.0027,-0.0069,-0.008100000000000001,-0.009300000000000001,-0.0032,0.009000000000000001,-0.0105,0.0401,0.0069,-0.0394,-0.011200000000000002,-0.0034999999999999996,0.045,0.0178,-0.0208,-0.0137,0.0315,0.023399999999999997,0.0095,-0.013300000000000001
1968-04-30,0.1056,0.0557,0.0555,0.1725,0.141,0.11130000000000001,0.1325,0.11900000000000001,0.0795,0.1258,0.1512,0.0721,0.11900000000000001,0.1484,0.1133,0.106,0.0665,0.07440000000000001,0.0562,0.0242,0.022099999999999998,0.1909,0.1229,0.1268,0.1125,0.16329999999999997,0.11800000000000001,0.18420000000000003,0.1143,0.1643
1968-05-31,0.052199999999999996,0.038599999999999995,0.0051,0.0621,0.0347,0.022400000000000003,0.0678,0.0335,-0.006999999999999999,0.0541,0.0547,0.0519,0.0335,0.0178,0.0072,0.011200000000000002,0.0341,0.1101,0.0113,0.0044,-0.0073,0.0393,0.037599999999999995,0.0547,0.06280000000000001,0.08560000000000001,0.0271,0.1371,0.0677,0.0617
1968-06-30,0.0088,0.0212,0.043,-0.049800000000000004,-0.0064,-0.0218,0.036699999999999997,0.0223,0.0067,-0.0229,-0.009399999999999999,0.0064,0.0051,-0.013300000000000001,0.0002,-0.0161,-0.002,0.0048,0.018799999999999997,0.08449999999999999,0.0418,0.009899999999999999,-0.0195,0.0137,0.0143,0.0103,0.0062,0.0044,0.0785,-0.0231
1968-07-31,-0.04,0.006999999999999999,-0.0138,-0.0414,-0.06,-0.0536,-0.0278,-0.0412,-0.008199999999999999,-0.0403,-0.0006,-0.0661,-0.0455,-0.0371,-0.0241,-0.0658,-0.0662,-0.0202,0.0535,0.0018,-0.002,-0.0519,-0.054900000000000004,-0.0218,-0.046799999999999994,-0.0834,-0.0501,-0.0658,-0.0004,-0.0529
1968-08-31,0.020499999999999997,0.07730000000000001,-0.0323,0.0451,-0.0013,0.021400000000000002,0.046799999999999994,0.0068000000000000005,0.0254,0.0861,0.07980000000000001,0.015300000000000001,0.0394,0.0158,0.0168,0.0062,-0.0226,-0.0148,0.013000000000000001,-0.0087,0.0129,0.0009,0.0052,0.0637,0.0033,0.0017000000000000001,0.0233,0.06,0.048499999999999995,0.045899999999999996
1968-09-30,0.039,0.050199999999999995,0.0571,0.1275,0.048799999999999996,0.0192,0.0379,0.0084,0.0699,0.0758,0.05,0.07780000000000001,0.0508,0.044500000000000005,0.0681,0.0229,0.0416,0.0704,0.0349,0.0026,0.0297,0.10400000000000001,0.027999999999999997,0.042,0.1148,0.0855,0.0764,0.0801,0.0993,0.0915
1968-10-31,0.0103,-0.050300000000000004,0.015600000000000001,-0.0063,0.0334,0.0083,0.0184,-0.0004,0.0223,0.021099999999999997,-0.0196,0.0282,0.0139,-0.0118,0.0388,-0.0155,-0.01,-0.049699999999999994,0.0265,0.0049,0.0317,0.0006,-0.050199999999999995,0.050300000000000004,0.0001,0.0375,0.0033,0.0665,0.0285,-0.0203
1968-11-30,0.0553,0.052300000000000006,0.030600000000000002,0.06570000000000001,0.015300000000000001,0.0697,0.0495,0.0812,0.0467,0.0512,0.0644,0.0538,0.0483,0.0519,-0.0209,0.078,0.0974,0.09380000000000001,0.056299999999999996,0.08810000000000001,0.053899999999999997,0.0693,0.0866,0.057699999999999994,0.08,0.1114,0.045899999999999996,0.09380000000000001,0.0643,0.09269999999999999
1968-12-31,-0.0172,-0.005600000000000001,0.09119999999999999,-0.0417,-0.050300000000000004,-0.0698,-0.0124,-0.0102,-0.026000000000000002,-0.0338,-0.0183,0.009300000000000001,-0.0248,-0.0441,-0.04,-0.026600000000000002,0.0288,0.0016,-0.0256,-0.0292,-0.0667,-0.046,-0.0547,-0.0285,-0.039,-0.0125,-0.049699999999999994,0.0143,-0.0603,0.0042
1969-01-31,-0.0067,-0.0045000000000000005,0.0365,-0.0229,-0.045,0.0009,-0.0075,-0.0023,-0.0174,-0.0431,-0.0144,0.027200000000000002,-0.006500000000000001,-0.0217,-0.012199999999999999,-0.029300000000000003,-0.0291,0.0097,-0.011699999999999999,0.024399999999999998,0.011699999999999999,0.0219,-0.0478,-0.0176,0.0279,-0.0128,-0.006999999999999999,-0.011699999999999999,-0.0004,-0.0288
1969-02-28,-0.0562,-0.0504,-0.09570000000000001,-0.0731,-0.0706,-0.04650000000000001,-0.0981,-0.051699999999999996,-0.0554,-0.07980000000000001,-0.0594,-0.08439999999999999,-0.0633,-0.039599999999999996,-0.027200000000000002,-0.0746,-0.0706,-0.0728,-0.0493,-0.052199999999999996,-0.0334,-0.0983,-0.0344,-0.0431,-0.08199999999999999,-0.1359,-0.0288,-0.1176,-0.08839999999999999,-0.1007
1969-03-31,0.0104,0.0169,-0.0172,0.0070999999999999995,0.037599999999999995,0.022000000000000002,0.0075,0.0335,0.0014000000000000002,-0.0319,0.0447,0.0288,0.0311,0.035699999999999996,0.0492,-0.012199999999999999,-0.0109,-0.058899999999999994,0.0747,-0.0129,-0.0042,0.025699999999999997,0.056299999999999996,0.0832,-0.0287,0.030600000000000002,0.0559,0.0273,0.0336,0.015
1969-04-30,0.0215,0.011399999999999999,-0.019799999999999998,0.0588,0.0005,0.050300000000000004,-0.0146,0.049800000000000004,-0.012199999999999999,-0.0017000000000000001,0.023799999999999998,0.0062,-0.0075,-0.0085,-0.0019,-0.0378,0.0105,-0.1059,-0.0028000000000000004,0.0134,0.0768,0.0158,0.039900000000000005,0.036000000000000004,-0.013999999999999999,0.048499999999999995,0.0385,0.0755,0.029300000000000003,-0.0037
1969-05-31,0.0167,0.0296,0.0171,-0.0359,0.018799999999999997,0.0016,-0.0179,0.0168,-0.0051,0.0085,-0.0062,-0.0274,-0.0075,-0.0098,0.0088,-0.0697,0.0177,0.004,0.0403,0.0002,0.010700000000000001,-0.0225,-0.0159,-0.0007000000000000001,-0.0212,-0.0582,0.0091,0.033,-0.013000000000000001,0.0002
1969-06-30,-0.061,-0.08070000000000001,-0.055099999999999996,-0.12560000000000002,-0.1072,-0.017,-0.086,-0.0504,-0.07490000000000001,-0.1024,-0.11960000000000001,-0.1014,-0.09,-0.056600000000000004,-0.0599,-0.0902,-0.1282,-0.1035,-0.0993,-0.0574,-0.04,-0.1007,0.0014000000000000002,-0.09939999999999999,-0.08130000000000001,-0.1707,-0.0424,-0.09949999999999999,-0.0965,-0.1215
1969-07-31,-0.0605,-0.021099999999999997,-0.047400000000000005,-0.086,-0.10679999999999999,-0.034300000000000004,-0.1193,-0.0273,-0.042199999999999994,-0.061399999999999996,-0.0707,-0.0653,-0.0661,-0.0852,-0.0776,-0.1307,-0.0987,0.055999999999999994,-0.0973,-0.0298,-0.045,-0.0756,-0.053,-0.025099999999999997,-0.12539999999999998,-0.1009,-0.08199999999999999,-0.0993,-0.08689999999999999,-0.1094
1969-08-31,0.04769999999999999,0.0662,0.0403,0.0803,0.08900000000000001,0.04769999999999999,0.0233,0.0931,0.0329,0.0416,0.0848,0.0036,0.0301,0.04769999999999999,0.0242,0.057300000000000004,0.051100000000000007,0.0478,0.0664,-0.0129,0.0165,0.0992,0.0702,0.0576,0.0557,0.0638,0.0821,0.0898,0.1047,0.0323
1969-09-30,0.0105,-0.009300000000000001,0.0414,0.018000000000000002,-0.0014000000000000002,-0.0052,-0.0255,0.0209,-0.0545,-0.030299999999999997,-0.0344,-0.0103,-0.0301,-0.0183,-0.0053,-0.0462,0.020099999999999996,-0.0054,-0.0971,-0.0415,-0.04,0.0194,0.0033,0.0003,-0.015700000000000002,0.002,-0.0073,-0.0134,-0.0062,-0.0124
1969-10-31,0.0776,0.1165,0.1241,0.08439999999999999,0.07919999999999999,0.0641,0.0672,0.0898,0.045,0.0678,0.0873,0.0817,0.0472,0.1038,0.049800000000000004,0.0608,0.0126,0.1079,-0.0113,0.083,0.035,0.1164,0.0553,0.0565,0.0493,0.1097,0.0626,0.09029999999999999,0.09119999999999999,0.0808
1969-11-30,-0.018799999999999997,-0.0285,0.0074,-0.0667,-0.0425,-0.0242,-0.0291,0.0032,-0.0458,-0.042300000000000004,-0.0378,-0.0458,-0.0334,-0.0354,-0.0417,-0.0849,0.0003,0.0352,-0.0461,-0.0528,0.0116,-0.0269,-0.0178,-0.0168,-0.08039999999999999,-0.061399999999999996,-0.0407,-0.019,-0.0684,-0.06480000000000001
1969-12-31,-0.0039000000000000003,-0.0063,-0.020099999999999996,-0.053200000000000004,-0.0311,0.009399999999999999,-0.0637,0.043,-0.0365,-0.0556,-0.0333,-0.0129,-0.0222,-0.0282,-0.0318,-0.059699999999999996,-0.0403,0.051100000000000007,-0.030699999999999998,-0.0063,-0.055099999999999996,0.0017000000000000001,-0.0062,-0.03,-0.08039999999999999,-0.039900000000000005,-0.0281,-0.0434,-0.0226,-0.0564
1970-01-31,-0.0273,-0.013600000000000001,-0.0699,-0.0716,-0.11410000000000001,-0.069,-0.048,-0.0712,-0.0677,-0.046799999999999994,-0.0924,-0.057,-0.0639,-0.0621,-0.08789999999999999,-0.1186,-0.0175,-0.0017000000000000001,-0.1158,-0.0424,-0.025699999999999997,-0.107,-0.0913,-0.08900000000000001,-0.0776,-0.0797,-0.058899999999999994,-0.1192,-0.0919,-0.0535
1970-02-28,0.0546,0.0687,0.0028000000000000004,0.0684,0.011699999999999999,0.0027,0.0269,0.055999999999999994,0.0378,0.0507,0.0874,0.10779999999999999,0.06309999999999999,0.0843,0.0742,0.054299999999999994,0.0594,0.16820000000000002,0.0524,0.08380000000000001,0.0797,0.024700000000000003,0.0291,0.0836,0.10439999999999999,0.0382,0.0605,0.0537,0.1144,0.04
1970-03-31,-0.009000000000000001,-0.0062,0.014199999999999999,-0.0273,-0.0311,-0.0096,-0.005699999999999999,-0.0509,0.0083,0.011200000000000002,-0.010700000000000001,0.008,0.0254,0.0233,0.0458,-0.0223,-0.0144,-0.032799999999999996,-0.004,0.0291,0.0229,-0.049100000000000005,-0.0252,0.0059,-0.0319,-0.0562,-0.0092,-0.0757,-0.0076,-0.0212
1970-04-30,-0.1012,-0.094,-0.0281,-0.2048,-0.1545,-0.07919999999999999,-0.1414,-0.1011,-0.042800000000000005,-0.07719999999999999,-0.10769999999999999,-0.0943,-0.115,-0.08380000000000001,-0.0919,-0.1424,-0.141,-0.147,-0.0909,-0.08070000000000001,-0.08789999999999999,-0.2189,-0.1429,-0.0895,-0.1202,-0.2066,-0.1001,-0.1841,-0.12789999999999999,-0.1437
1970-05-31,-0.0723,-0.060899999999999996,0.0355,-0.0986,-0.1607,-0.08220000000000001,-0.10300000000000001,-0.07769999999999999,-0.0282,-0.1012,-0.0935,-0.094,-0.0949,-0.08539999999999999,-0.0525,-0.0868,-0.0256,0.0587,0.0264,-0.0535,-0.0371,-0.1107,-0.09630000000000001,-0.0716,-0.0688,-0.12050000000000001,-0.09390000000000001,-0.1209,-0.08380000000000001,-0.10830000000000001
1970-06-30,-0.006,-0.0265,0.0666,-0.09449999999999999,-0.094,-0.0504,-0.069,-0.0051,-0.015600000000000001,-0.025699999999999997,-0.057800000000000004,-0.0649,-0.047599999999999996,0.0083,-0.0344,-0.1076,-0.011399999999999999,-0.030299999999999997,-0.0241,-0.0471,-0.0849,-0.08439999999999999,-0.1186,-0.061500000000000006,-0.15380000000000002,-0.064,-0.037000000000000005,-0.07150000000000001,-0.0454,-0.0959
1970-07-31,0.0556,0.0676,0.035,0.0824,0.1264,0.045899999999999996,0.083,0.0216,0.0852,0.1063,0.0986,0.0353,0.036699999999999997,0.051500000000000004,0.08929999999999999,0.0433,0.0233,0.0633,0.1284,0.08710000000000001,0.1026,0.0689,0.0223,0.0767,0.0833,0.0436,0.11779999999999999,0.01,0.08869999999999999,0.09269999999999999
1970-08-31,-0.0023,-0.0271,0.0068000000000000005,0.0873,0.0588,0.042300000000000004,0.0727,0.0182,0.0536,0.0438,0.0408,-0.0002,0.044800000000000006,0.0254,0.09119999999999999,0.09960000000000001,0.045700000000000005,-0.0294,0.0669,0.046900000000000004,0.024399999999999998,0.0346,0.0812,0.0732,0.08460000000000001,0.0662,0.0508,0.0693,0.049699999999999994,0.062
1970-09-30,0.0487,0.0449,0.0052,0.1032,0.0729,0.0638,0.1199,0.0803,-0.013000000000000001,0.0587,0.0747,0.0418,0.0805,0.0315,0.013600000000000001,0.09,0.0817,0.24100000000000002,0.029900000000000003,-0.0052,-0.0088,0.1462,0.1002,0.0088,0.0906,0.1637,0.0682,0.1609,0.0519,0.0679
1970-10-31,0.0113,-0.0102,0.1035,-0.0414,-0.020499999999999997,-0.0016,-0.0369,0.001,-0.0405,-0.0192,-0.0406,-0.050499999999999996,-0.0354,0.0023,-0.0282,-0.0993,-0.04769999999999999,0.0633,0.0292,-0.0083,-0.0375,-0.0593,-0.0346,-0.0382,-0.050300000000000004,-0.0759,-0.0089,-0.0395,-0.0725,-0.0864
1970-11-30,0.0559,-0.0085,0.1009,0.0817,0.0215,0.048799999999999996,0.024700000000000003,0.0308,0.046,0.0273,0.018799999999999997,0.0194,0.0338,0.0366,0.0842,0.045899999999999996,-0.0175,0.0888,0.049100000000000005,0.0941,0.0616,0.0296,0.04019999999999999,0.0046,0.0353,-0.0104,0.07769999999999999,0.0416,0.0593,0.0594
1970-12-31,0.064,0.042800000000000005,0.026699999999999998,0.0433,0.1295,0.056799999999999996,0.1412,0.0536,0.0983,0.1335,0.0931,0.07490000000000001,0.1211,0.0362,0.060599999999999994,0.056100000000000004,0.0572,0.0559,0.022000000000000002,0.0718,0.06849999999999999,0.0362,0.0443,0.09380000000000001,0.10490000000000001,0.111,0.048799999999999996,0.0693,0.0959,0.0851
1971-01-31,0.027200000000000002,0.0452,0.0574,0.11349999999999999,0.0533,0.051399999999999994,0.1272,0.048799999999999996,0.0699,0.0594,0.061900000000000004,0.0426,0.0802,0.0756,0.0202,0.18059999999999998,0.058899999999999994,0.0337,0.0026,0.029300000000000003,0.0977,0.08800000000000001,0.0529,0.046900000000000004,0.15789999999999998,0.1394,0.0784,0.0782,0.052000000000000005,0.1401
1971-02-28,0.0231,0.0166,0.051100000000000007,0.0587,0.0747,0.0169,0.0596,0.0139,0.0179,0.06309999999999999,0.0049,-0.0013,0.011699999999999999,0.071,0.0006,0.0401,0.0333,0.0375,0.048499999999999995,-0.026000000000000002,-0.0529,0.0373,0.0277,0.0209,0.0279,0.018799999999999997,0.035699999999999996,0.060700000000000004,0.0191,0.027999999999999997
1971-03-31,0.0403,0.026600000000000002,0.096,0.1128,0.0453,0.0635,0.0416,0.036699999999999997,0.0321,-0.0043,0.0085,0.04,0.0378,0.0203,0.0246,0.0336,0.0652,0.0888,0.026600000000000002,0.0241,0.0070999999999999995,0.07730000000000001,0.0808,0.032799999999999996,0.03,0.094,0.06269999999999999,0.1,0.0719,0.0194
1971-04-30,0.016399999999999998,0.015,0.0172,0.0673,0.054400000000000004,0.0384,0.0276,0.0425,0.0643,-0.0004,0.0438,0.0281,0.0536,0.0891,0.0862,0.0647,0.04190000000000001,0.028300000000000002,0.0434,-0.0355,0.008100000000000001,0.0216,0.0223,0.0196,0.1158,0.0179,0.0557,0.0279,0.0232,0.061399999999999996
1971-05-31,-0.015,-0.0143,-0.0775,-0.0054,-0.0632,-0.0105,-0.0394,-0.021099999999999997,-0.0083,-0.0358,-0.050300000000000004,-0.0369,-0.0421,-0.03,-0.0483,-0.0368,-0.0236,-0.0781,-0.0472,-0.0371,-0.0516,-0.042800000000000005,-0.06269999999999999,-0.0305,-0.042699999999999995,-0.0308,-0.020099999999999996,0.023,-0.054000000000000006,-0.0713
1971-06-30,0.0104,0.0078000000000000005,0.0006,0.0091,-0.006,0.0337,-0.0178,0.0202,-0.0027,-0.0649,-0.025099999999999997,-0.0473,0.0019,0.0168,-0.015,-0.0129,-0.015300000000000001,0.054299999999999994,0.0098,0.0432,0.0104,0.0063,-0.023700000000000002,-0.0147,-0.0226,0.020499999999999997,-0.0011,0.0305,0.0006,-0.0317
1971-07-31,-0.009000000000000001,-0.0313,0.0053,-0.1002,-0.024300000000000002,-0.0584,-0.06509999999999999,-0.0225,-0.0403,-0.0449,-0.0351,-0.077,-0.0478,-0.0684,-0.0341,-0.0791,-0.042699999999999995,-0.11199999999999999,-0.020099999999999996,-0.021400000000000002,-0.0361,-0.0962,-0.08689999999999999,-0.037599999999999995,-0.0601,-0.059800000000000006,-0.0288,-0.0633,-0.018500000000000003,-0.0753
1971-08-31,0.0207,0.013500000000000002,0.024900000000000002,0.0876,0.038900000000000004,0.0676,0.0647,0.032799999999999996,0.0793,0.0767,0.0705,0.08810000000000001,0.091,0.09210000000000002,0.0987,0.049400000000000006,-0.036000000000000004,0.04190000000000001,-0.0131,-0.0233,-0.0034000000000000002,0.0354,0.0567,0.0191,0.162,0.0424,0.0629,0.0496,0.067,0.0384
1971-09-30,0.0048,-0.0077,-0.0288,-0.0334,0.0159,0.0159,-0.0029,0.0066,0.0009,-0.004,0.0174,-0.0739,-0.0113,0.0115,0.0021,-0.0024,-0.026699999999999998,-0.08130000000000001,-0.015600000000000001,-0.0151,0.0023,-0.0091,-0.016200000000000003,-0.0172,-0.004699999999999999,-0.0032,0.0053,0.0066,-0.0028000000000000004,0.0327
1971-10-31,-0.0326,0.009899999999999999,-0.08800000000000001,-0.0642,-0.032799999999999996,-0.0421,-0.042699999999999995,-0.025,-0.06709999999999999,-0.0861,-0.0596,-0.10220000000000001,-0.08460000000000001,-0.0666,-0.0588,-0.0633,-0.136,-0.0962,-0.042800000000000005,0.020499999999999997,-0.0174,-0.0556,-0.0436,-0.045,-0.019,-0.0358,-0.0354,-0.0253,-0.0231,-0.039
1971-11-30,0.0058,0.006999999999999999,0.0172,0.009399999999999999,-0.0461,0.0171,-0.0196,0.0059,-0.0143,-0.052000000000000005,-0.0397,-0.0252,-0.024,-0.021099999999999997,-0.004,-0.013999999999999999,-0.0385,-0.0373,0.001,-0.012,0.0039000000000000003,-0.005699999999999999,0.018500000000000003,-0.0163,-0.0044,-0.0279,0.0036,0.0073,0.0127,-0.0273
1971-12-31,0.091,0.1336,0.0855,0.1386,0.1246,0.0849,0.10710000000000001,0.0791,0.0689,0.149,0.0851,0.13949999999999999,0.128,0.11710000000000001,0.062,0.1303,0.11710000000000001,0.16899999999999998,0.0875,0.08109999999999999,0.0737,0.1447,0.11109999999999999,0.0941,0.0983,0.1416,0.0975,0.1166,0.0579,0.1334
1972-01-31,0.0034999999999999996,0.0286,0.0587,0.1002,0.013999999999999999,0.032,0.051500000000000004,0.026000000000000002,0.0441,0.0698,0.0168,0.0433,0.030699999999999998,0.0239,0.028399999999999998,0.1396,0.0786,0.092,0.0004,-0.003,0.009399999999999999,0.0516,0.085,-0.014199999999999999,0.0637,0.0705,-0.0092,0.1093,0.0076,0.10640000000000001
1972-02-29,0.038,0.06480000000000001,0.0837,0.07150000000000001,0.061799999999999994,0.0659,0.023700000000000002,0.0713,0.0263,0.019299999999999998,0.0315,0.06849999999999999,0.0366,0.031400000000000004,0.0013,0.019,0.0667,-0.0361,0.0269,-0.025,0.0016,0.0253,0.018500000000000003,0.048799999999999996,0.0323,0.049,0.056299999999999996,0.069,0.0003,0.0364
1972-03-31,0.0009,-0.0231,0.0301,-0.0103,-0.0171,0.0414,-0.024,0.0046,0.0246,-0.0024,0.009000000000000001,0.0026,0.0168,0.0329,0.0472,-0.0095,0.0022,-0.125,-0.0538,-0.0016,-0.0032,-0.0308,0.0101,0.026600000000000002,-0.002,0.0105,0.0218,0.0206,0.0518,0.0074
1972-04-30,0.021,0.0241,0.06280000000000001,0.0053,0.0292,0.023399999999999997,-0.0144,0.0108,0.021400000000000002,-0.016200000000000003,0.0195,0.0018,0.038900000000000004,0.061200000000000004,-0.026000000000000002,-0.015700000000000002,-0.0031,0.042,-0.0077,-0.0282,-0.0105,-0.0134,0.008,0.0194,0.021,0.0322,-0.0127,0.020099999999999996,0.0259,0.0382
1972-05-31,0.0031,0.0496,0.027999999999999997,0.055999999999999994,0.0174,0.04019999999999999,-0.0571,0.0352,0.013500000000000002,-0.0294,-0.032,-0.0148,0.0219,0.019299999999999998,-0.0287,0.0189,0.032400000000000005,-0.08449999999999999,0.0381,-0.0018,0.011699999999999999,-0.0059,0.038599999999999995,0.0095,0.0161,0.0115,0.014499999999999999,0.0507,-0.0183,-0.011000000000000001
1972-06-30,-0.0139,0.061200000000000004,-0.0075,-0.0215,-0.0329,-0.0102,-0.0356,0.025099999999999997,-0.0392,0.0066,-0.0326,-0.0541,-0.0159,-0.0148,-0.0271,-0.0446,-0.0077,-0.1333,-0.0075,-0.0155,-0.0275,-0.0527,-0.025099999999999997,-0.0241,-0.0969,-0.053200000000000004,-0.0444,-0.0091,-0.038,-0.06709999999999999
1972-07-31,0.0126,-0.019299999999999998,-0.0525,-0.039,-0.057800000000000004,0.0098,-0.0405,0.0313,-0.0032,-0.0275,-0.025,-0.0387,-0.0073,-0.0406,-0.0111,0.0076,-0.0377,-0.1101,-0.0092,0.0004,0.0075,-0.030600000000000002,0.009899999999999999,0.024300000000000002,-0.0426,-0.05,-0.0206,-0.07690000000000001,-0.0109,-0.016200000000000003
1972-08-31,0.009300000000000001,0.051500000000000004,-0.0273,-0.025099999999999997,0.0011,-0.0079,-0.0011,0.0104,0.076,-0.023,0.009300000000000001,0.08439999999999999,0.047400000000000005,0.0052,0.0432,0.0265,0.0321,0.1124,0.1249,0.059699999999999996,0.051500000000000004,0.0069,0.029300000000000003,0.0192,0.0085,0.0209,-0.0060999999999999995,-0.0161,0.060899999999999996,0.048600000000000004
1972-09-30,-0.0131,-0.004,-0.0757,-0.0291,-0.0181,0.0178,-0.0323,-0.0044,-0.045899999999999996,-0.035699999999999996,-0.0286,-0.0394,-0.0149,-0.0213,-0.0111,-0.0219,-0.0286,-0.1531,-0.0009,0.002,0.0431,-0.028399999999999998,-0.0115,-0.0262,-0.0634,-0.0353,-0.0021,0.0059,-0.002,-0.0381
1972-10-31,0.0196,-0.039,-0.010700000000000001,-0.0009,-0.036699999999999997,0.0209,-0.0123,0.0151,0.0011,0.009300000000000001,-0.0075,-0.0189,-0.0083,0.0246,-0.0362,-0.015600000000000001,-0.0034000000000000002,-0.049,0.0317,0.0677,0.023,-0.0236,-0.0346,0.033,0.0288,-0.0074,0.0073,0.0354,0.016200000000000003,-0.0268
1972-11-30,0.058600000000000006,0.0479,0.102,0.0471,0.0508,0.0029,0.0999,-0.005600000000000001,0.0602,0.09029999999999999,0.0791,0.1336,0.0608,0.0268,0.10210000000000001,0.0787,0.042300000000000004,0.15710000000000002,0.0613,0.064,0.0706,0.0462,0.0268,0.0548,0.057,0.0395,0.0604,0.06269999999999999,0.0472,0.0507
1972-12-31,0.0215,-0.008199999999999999,-0.0337,0.0576,0.0187,0.0443,-0.0297,0.0374,0.0097,-0.0106,-0.0187,-0.0564,-0.0043,0.0038,-0.0049,-0.0346,0.030699999999999998,-0.0336,0.0111,-0.0154,0.014499999999999999,-0.0086,0.020499999999999997,0.012,-0.038900000000000004,-0.0029,0.013999999999999999,0.0291,-0.0078000000000000005,-0.026000000000000002
1973-01-31,-0.028900000000000002,-0.0525,0.0014000000000000002,-0.1313,-0.0756,-0.0415,-0.06849999999999999,-0.011899999999999999,-0.025699999999999997,-0.0799,-0.08109999999999999,-0.0096,-0.0453,-0.057300000000000004,-0.058899999999999994,-0.0732,0.032799999999999996,0.13849999999999998,0.0501,-0.042699999999999995,-0.0212,-0.0676,0.0219,-0.0412,-0.10279999999999999,-0.0703,-0.0392,-0.046799999999999994,-0.0751,-0.020499999999999997
1973-02-28,-0.0379,0.0194,-0.0126,-0.11699999999999999,-0.0484,-0.0085,-0.09720000000000001,-0.0070999999999999995,-0.0037,-0.0824,-0.0746,-0.0155,-0.0392,-0.061200000000000004,-0.065,-0.048600000000000004,0.0499,-0.0009,-0.07440000000000001,-0.019799999999999998,-0.0464,-0.08789999999999999,-0.0287,-0.044500000000000005,-0.061799999999999994,-0.0633,-0.0579,-0.122,-0.061200000000000004,-0.06269999999999999
1973-03-31,-0.0121,0.0078000000000000005,0.0102,-0.042300000000000004,-0.0183,-0.0137,-0.0461,0.0078000000000000005,0.0073,0.0054,-0.013500000000000002,0.036699999999999997,-0.037599999999999995,-0.0002,-0.022000000000000002,-0.0147,-0.0137,0.0064,0.031,-0.0215,0.0053,-0.028999999999999998,-0.0125,0.0256,0.0327,-0.0601,-0.064,0.0111,-0.0038,-0.0106
1973-04-30,-0.04,-0.0509,-0.0906,-0.0872,-0.12140000000000001,-0.0545,-0.0797,-0.054900000000000004,-0.0364,-0.0679,-0.0383,-0.0115,-0.059500000000000004,-0.10060000000000001,-0.0313,-0.0733,-0.010700000000000001,-0.0953,-0.0095,-0.006,0.0088,-0.0781,-0.0664,-0.0391,-0.08560000000000001,-0.0774,-0.079,-0.17329999999999998,-0.0801,-0.0832
1973-05-31,-0.0087,-0.0053,-0.0192,-0.0596,-0.0305,-0.0042,-0.0713,0.0106,-0.0111,-0.056799999999999996,-0.040999999999999995,-0.0518,-0.0321,0.018000000000000002,-0.0601,-0.045,-0.0218,-0.0206,-0.0356,0.0034999999999999996,-0.0084,-0.09029999999999999,-0.024300000000000002,0.023399999999999997,-0.1043,-0.0736,-0.0158,-0.0554,-0.0325,-0.0613
1973-06-30,-0.0329,-0.0124,0.0353,-0.1005,-0.04190000000000001,0.013600000000000001,-0.1285,0.0001,-0.0155,-0.0525,-0.0248,-0.026699999999999998,-0.019,0.0333,-0.029300000000000003,-0.0803,0.0305,-0.1008,0.0168,-0.025,-0.0032,-0.07719999999999999,-0.0003,-0.002,-0.0525,-0.0536,-0.0546,-0.0922,0.0254,-0.0308
1973-07-31,0.057800000000000004,0.0542,0.0538,0.1559,0.1057,0.0464,0.12710000000000002,0.0687,0.0721,0.0944,0.1343,0.0707,0.1232,0.087,0.057999999999999996,0.141,0.0758,-0.038599999999999995,0.0034000000000000002,-0.024,-0.0032,0.18030000000000002,0.0461,0.061900000000000004,0.0803,0.1603,0.0992,0.17420000000000002,0.0897,0.0771
1973-08-31,-0.0196,-0.0171,-0.0739,-0.0194,-0.041100000000000005,-0.044500000000000005,-0.0795,-0.069,-0.0181,-0.047599999999999996,-0.0219,0.0111,0.023,-0.0526,-0.0326,-0.0401,0.005699999999999999,-0.1096,-0.037599999999999995,-0.021,-0.038900000000000004,-0.025699999999999997,-0.0374,0.044800000000000006,-0.039900000000000005,-0.0182,-0.0475,-0.014199999999999999,-0.0232,-0.0287
1973-09-30,0.06860000000000001,-0.009000000000000001,0.015300000000000001,0.0467,0.0827,-0.0108,0.1008,0.0078000000000000005,0.1035,0.064,0.0968,0.0987,0.08689999999999999,0.09630000000000001,0.0737,0.0863,0.1043,0.2912,0.0908,0.0791,0.0764,0.08779999999999999,-0.0325,0.0524,0.122,0.0983,0.06709999999999999,0.08869999999999999,0.0738,0.0529
1973-10-31,-0.0232,0.0173,-0.0054,-0.0721,-0.0407,-0.0088,-0.0697,0.0183,0.026000000000000002,0.015700000000000002,-0.0012,0.0741,0.0241,-0.030899999999999997,-0.0703,-0.0033,0.0692,0.1162,0.0513,-0.0341,-0.0556,-0.0433,0.0414,0.005,0.0015,-0.0014000000000000002,-0.0388,-0.0699,-0.0178,-0.0083
1973-11-30,-0.1222,-0.1391,-0.08039999999999999,-0.2596,-0.1681,-0.12050000000000001,-0.252,-0.0776,-0.1791,-0.2078,-0.1674,-0.1421,-0.1286,-0.0984,-0.21539999999999998,-0.1592,-0.0495,-0.12050000000000001,-0.061799999999999994,-0.1164,-0.0433,-0.1801,-0.113,-0.1222,-0.146,-0.18469999999999998,-0.1725,-0.31679999999999997,-0.12380000000000001,-0.1344
1973-12-31,-0.011699999999999999,0.0183,0.0225,-0.0351,-0.0436,-0.0301,-0.0864,-0.044800000000000006,0.0574,-0.07139999999999999,-0.0019,0.105,0.034300000000000004,-0.1073,-0.0356,0.0034000000000000002,0.08289999999999999,0.1036,0.0864,0.034300000000000004,0.0417,-0.0013,-0.0435,0.050499999999999996,0.0697,-0.0296,-0.008,0.0646,0.0209,0.0009
1974-01-31,0.018799999999999997,-0.0084,0.031400000000000004,0.0885,-0.0086,-0.0259,0.0975,-0.0256,0.0219,0.1091,0.049699999999999994,0.049,-0.0327,-0.0092,0.1159,0.06309999999999999,0.047599999999999996,0.0575,-0.0758,0.0455,0.0209,0.0181,0.011000000000000001,0.0026,0.0051,0.053200000000000004,0.0782,0.008,0.0034000000000000002,0.015700000000000002
1974-02-28,0.0039000000000000003,-0.017,0.0195,-0.016399999999999998,-0.027200000000000002,-0.0341,0.0229,-0.012199999999999999,0.0196,0.0038,0.040999999999999995,0.0346,0.0025,-0.018000000000000002,-0.0044,0.0512,0.0179,0.0555,-0.0163,0.0029,0.0471,-0.0184,-0.0048,0.0123,0.0791,0.023,0.013600000000000001,-0.0507,0.005600000000000001,-0.0096
1974-03-31,-0.025,-0.0218,-0.059699999999999996,0.044199999999999996,0.0401,-0.0025,-0.0161,0.0121,0.014499999999999999,0.028900000000000002,-0.0054,-0.026600000000000002,-0.0506,-0.022000000000000002,-0.0003,-0.0571,-0.0621,0.0461,-0.0332,-0.0366,-0.0458,-0.0159,-0.026699999999999998,0.0043,-0.048499999999999995,0.016,-0.0453,0.050300000000000004,-0.0414,-0.029500000000000002
1974-04-30,-0.0322,-0.0366,-0.0279,-0.0753,-0.0553,-0.0418,-0.047,-0.0148,0.0096,-0.0044,-0.04769999999999999,0.0017000000000000001,-0.0471,-0.0403,-0.0226,-0.0341,-0.0793,0.0254,-0.0639,-0.1223,-0.053200000000000004,-0.09960000000000001,-0.0349,-0.0106,-0.0392,-0.0195,-0.02,-0.0302,-0.0675,-0.052199999999999996
1974-05-31,-0.0374,-0.0452,0.0538,0.009899999999999999,-0.019799999999999998,0.0101,-0.07,-0.0012,-0.0011,-0.0689,-0.0833,-0.08929999999999999,-0.0484,-0.0602,0.023700000000000002,-0.061399999999999996,-0.0805,-0.0823,-0.075,-0.0493,-0.0155,-0.0946,-0.041100000000000005,-0.0582,-0.0475,-0.038900000000000004,0.0216,-0.021,-0.1012,-0.0663
1974-06-30,0.0005,-0.0326,-0.0049,-0.060700000000000004,0.0129,-0.0051,-0.03,-0.016200000000000003,0.0040999999999999995,-0.021,-0.0446,0.0294,-0.0083,-0.0803,-0.0345,-0.0038,0.0248,-0.0629,-0.0019,-0.0622,0.0027,-0.0453,-0.0282,0.0073,-0.013999999999999999,-0.042,-0.0208,-0.068,-0.0684,-0.06709999999999999
1974-07-31,-0.126,-0.1127,-0.067,-0.1305,-0.0643,-0.1349,-0.0407,-0.1414,-0.0429,-0.0264,-0.0636,0.0397,-0.0725,-0.0781,-0.10949999999999999,-0.0641,0.06,-0.08960000000000001,-0.0044,0.0074,-0.07629999999999999,-0.0666,-0.0858,-0.051399999999999994,-0.0693,-0.037200000000000004,-0.1361,-0.1462,-0.0722,-0.07769999999999999
1974-08-31,-0.11380000000000001,-0.17489999999999997,-0.028300000000000002,-0.0125,-0.11320000000000001,-0.1197,-0.0504,-0.0806,-0.1103,-0.0732,-0.1027,-0.0809,-0.0969,-0.1042,-0.045599999999999995,-0.0998,-0.1047,-0.0165,-0.08710000000000001,-0.08689999999999999,-0.0003,-0.1184,-0.048600000000000004,-0.08650000000000001,-0.0968,-0.098,-0.1401,-0.0783,-0.11789999999999999,-0.0897
1974-09-30,-0.1311,-0.16620000000000001,-0.1201,-0.20329999999999998,-0.06709999999999999,-0.1741,-0.09789999999999999,-0.15560000000000002,-0.1024,-0.07139999999999999,-0.1173,-0.0815,-0.1186,-0.12890000000000001,-0.095,-0.07919999999999999,-0.12890000000000001,-0.0608,-0.0801,-0.0132,-0.0381,-0.0802,-0.171,-0.1539,-0.0907,-0.10710000000000001,-0.1128,-0.2155,-0.0711,-0.1161
1974-10-31,0.20370000000000002,0.0962,0.22390000000000002,0.094,0.023,0.16699999999999998,0.0398,0.2959,0.1793,0.0583,0.1467,0.0973,0.22649999999999998,0.17420000000000002,-0.0227,0.1001,0.1974,0.465,0.2051,0.13019999999999998,0.1085,0.16949999999999998,0.1475,0.17350000000000002,0.1918,0.1728,0.0797,0.152,0.2101,0.204
1974-11-30,-0.0349,-0.04190000000000001,0.0092,-0.0337,-0.0239,-0.0524,-0.1167,-0.0123,-0.0998,-0.13449999999999998,-0.0454,-0.0131,-0.03,-0.0718,-0.0639,-0.0031,-0.0301,0.04019999999999999,-0.044000000000000004,-0.0015,-0.030699999999999998,-0.0584,-0.048600000000000004,-0.0701,-0.071,-0.045599999999999995,-0.0596,-0.0655,-0.021400000000000002,-0.0127
1974-12-31,0.0078000000000000005,-0.07440000000000001,0.0191,-0.10210000000000001,-0.0418,-0.0536,-0.029900000000000003,-0.0332,-0.0373,-0.0236,-0.060700000000000004,-0.0383,-0.038,-0.0443,-0.0024,-0.061500000000000006,-0.0745,0.0051,0.0086,-0.0083,0.015700000000000002,-0.020499999999999997,-0.0529,-0.0599,-0.0572,-0.0196,-0.027200000000000002,-0.1002,-0.0264,-0.0629
1975-01-31,0.1935,0.2582,0.0556,0.3147,0.2341,0.17329999999999998,0.32549999999999996,-0.0075,0.1036,0.1975,0.2584,0.1773,0.11779999999999999,0.19030000000000002,0.2256,0.17629999999999998,0.1272,0.1827,0.0655,0.1883,0.1109,0.2384,0.1522,0.1067,0.17559999999999998,0.17559999999999998,0.27140000000000003,0.2874,0.1732,0.1582
1975-02-28,0.0471,0.10769999999999999,-0.0333,0.1306,0.09269999999999999,0.1152,-0.0009,0.1607,0.0895,0.0311,0.039900000000000005,0.0161,0.0795,0.1235,0.0058,0.0776,0.0661,-0.0262,0.0236,0.0088,0.051500000000000004,0.0642,0.1325,0.0819,0.0558,0.0641,0.0382,0.16440000000000002,0.0026,0.0407
1975-03-31,0.0562,0.0481,0.057800000000000004,0.151,0.0901,0.035,0.2255,0.0129,0.059699999999999996,0.08710000000000001,0.08529999999999999,0.11630000000000001,0.0552,0.042300000000000004,0.06860000000000001,0.09539999999999998,0.0864,0.1757,-0.0265,-0.013300000000000001,-0.0088,0.0451,0.0086,0.015,0.0406,0.0765,0.11019999999999999,0.14859999999999998,0.025099999999999997,0.028300000000000002
1975-04-30,0.0149,-0.038599999999999995,0.0496,0.0851,0.0668,0.067,0.0547,0.006500000000000001,0.16,0.0929,0.0433,0.09519999999999999,0.057999999999999996,0.0848,0.0325,0.1015,0.0864,0.22010000000000002,0.0698,-0.0163,-0.0096,0.021400000000000002,0.055999999999999994,0.11539999999999999,0.0441,0.0489,0.0088,0.1367,0.013300000000000001,0.045899999999999996
1975-05-31,0.0684,0.0526,0.019799999999999998,0.0347,0.0379,0.0233,0.021099999999999997,0.0653,0.0024,0.0368,0.0542,-0.0495,0.0493,0.1265,0.0378,0.1074,0.0658,0.2332,0.1184,0.08539999999999999,0.0355,0.076,0.058899999999999994,0.0527,-0.0045000000000000005,0.0332,0.0454,0.0203,0.064,0.056600000000000004
1975-06-30,0.05,0.0327,0.0487,0.0588,0.0366,0.032400000000000005,0.10300000000000001,0.0096,0.043899999999999995,0.0672,0.056600000000000004,0.061399999999999996,0.0575,0.023399999999999997,0.0955,0.0805,0.048799999999999996,-0.031,0.0672,0.1074,0.0405,0.0753,0.0217,0.024300000000000002,0.0398,0.064,0.0776,0.0571,0.0634,0.0582
1975-07-31,-0.0557,-0.0452,-0.0664,-0.0652,-0.0579,-0.0799,-0.0362,-0.12029999999999999,-0.044199999999999996,-0.0346,-0.0545,-0.0658,-0.0455,-0.064,0.0121,-0.064,-0.042800000000000005,-0.0323,-0.042699999999999995,-0.048,-0.0421,-0.0647,-0.09449999999999999,-0.0637,-0.0264,-0.014499999999999999,-0.0818,-0.0849,-0.0732,-0.0473
1975-08-31,-0.0202,-0.0472,-0.0458,-0.0239,-0.0277,-0.0444,-0.058600000000000006,-0.0332,0.0182,-0.026600000000000002,-0.013999999999999999,0.0382,-0.0202,-0.0555,-0.0263,-0.013600000000000001,-0.0877,-0.0378,-0.008100000000000001,-0.0123,-0.0354,-0.0537,-0.0287,0.0161,-0.0317,-0.032799999999999996,0.0053,-0.0388,-0.061200000000000004,-0.046900000000000004
1975-09-30,-0.027999999999999997,-0.0567,0.015600000000000001,-0.023700000000000002,-0.0579,-0.0408,0.016399999999999998,-0.0652,-0.08539999999999999,-0.0044,-0.0676,-0.0535,-0.0409,-0.0742,-0.011699999999999999,-0.0424,-0.0362,0.0159,-0.012199999999999999,-0.0098,-0.0127,-0.0599,-0.006999999999999999,-0.0707,-0.037200000000000004,-0.035699999999999996,-0.0363,-0.031200000000000002,-0.0753,-0.0605
1975-10-31,0.1349,0.0089,0.0629,0.0064,0.0725,0.09449999999999999,0.1261,0.1067,0.0661,0.08529999999999999,0.0464,-0.0282,0.028399999999999998,0.0048,0.0953,0.0151,-0.028399999999999998,-0.1589,-0.0105,0.0655,0.0682,0.0374,0.084,0.0892,0.0487,0.0319,0.1061,0.11939999999999999,0.050300000000000004,0.04190000000000001
1975-11-30,0.0336,0.026699999999999998,0.0591,0.0349,0.0354,0.0382,0.08449999999999999,0.0513,0.021,0.0451,0.0345,0.016399999999999998,0.0,0.0659,0.041299999999999996,0.0001,-0.0222,0.029500000000000002,-0.0177,0.0316,0.042800000000000005,0.0332,0.050300000000000004,0.039599999999999996,0.047400000000000005,0.013999999999999999,0.044199999999999996,0.1103,0.0484,0.028999999999999998
1975-12-31,-0.0219,0.0046,-0.0033,-0.0301,-0.0049,-0.0335,-0.01,-0.0636,-0.0004,-0.0104,0.0064,0.021400000000000002,0.0013,-0.06570000000000001,0.011200000000000002,-0.0338,0.0154,0.031200000000000002,0.0003,0.013500000000000002,-0.0012,-0.014199999999999999,-0.0121,-0.0245,0.0226,0.0063,-0.037599999999999995,-0.0215,-0.0042,-0.0143
1976-01-31,0.0786,0.1607,0.07440000000000001,0.20679999999999998,0.1593,0.1234,0.226,0.0774,0.2003,0.2026,0.1815,0.21230000000000002,0.1906,0.174,0.1389,0.1775,0.1281,0.215,0.0821,0.08310000000000001,0.0949,0.1441,0.1832,0.17329999999999998,0.1434,0.163,0.0791,0.1168,0.1219,0.1165
1976-02-29,-0.0387,0.0172,-0.0109,0.0291,0.0196,-0.0212,0.048499999999999995,-0.06559999999999999,0.0263,0.042800000000000005,0.0509,0.052199999999999996,0.0446,0.0252,0.0432,0.0473,0.023799999999999998,0.0118,-0.033,-0.0355,0.0354,0.0633,0.0115,0.0134,0.0638,0.0741,0.0437,0.048,0.0195,0.0412
1976-03-31,0.0076,0.0024,0.0073,-0.0051,-0.018500000000000003,0.0311,0.051699999999999996,0.0654,-0.0358,0.008100000000000001,0.03,-0.0004,0.0037,-0.0004,0.047400000000000005,0.0616,0.053200000000000004,-0.0407,0.0748,0.014499999999999999,0.005699999999999999,-0.0274,0.03,0.0426,-0.0169,0.0053,0.0432,-0.0009,0.0325,0.0075
1976-04-30,-0.0096,-0.0424,-0.013999999999999999,-0.0171,-0.023700000000000002,-0.0435,-0.021,-0.0431,0.0001,-0.0415,-0.0015,0.0138,-0.0009,0.0148,0.0137,0.0275,0.0184,0.1177,0.019299999999999998,0.0063,0.0172,-0.031200000000000002,-0.034300000000000004,-0.016399999999999998,0.0051,-0.0121,-0.0518,-0.055999999999999994,-0.0262,0.0019
1976-05-31,-0.003,-0.0538,-0.023700000000000002,-0.014199999999999999,-0.0316,-0.028999999999999998,-0.0863,-0.0282,-0.0258,-0.0529,-0.0403,0.0049,0.0265,-0.0127,-0.0292,0.014199999999999999,-0.0014000000000000002,0.1012,0.0546,-0.0147,-0.028999999999999998,-0.0127,0.0054,-0.0204,0.0166,0.0098,-0.0639,-0.0748,-0.0217,-0.0137
1976-06-30,0.0554,0.0576,-0.0275,0.0463,0.0407,0.062400000000000004,0.0113,0.036699999999999997,-0.0027,0.0066,0.035,0.0471,0.0681,0.057,0.0319,0.114,0.0481,0.051699999999999996,0.051,0.0426,0.0359,0.079,0.0824,0.005,0.049100000000000005,0.019299999999999998,0.0079,0.0587,0.06480000000000001,0.032400000000000005
1976-07-31,0.0206,-0.0039000000000000003,0.0273,-0.039,0.016,-0.022799999999999997,-0.015700000000000002,-0.0038,-0.0225,-0.0167,-0.023399999999999997,-0.0246,-0.0204,-0.012,-0.0036,-0.0415,-0.0361,-0.0677,-0.0046,0.0282,0.0125,-0.0174,-0.0226,-0.0044,0.0007000000000000001,-0.0226,-0.0168,-0.0555,0.0118,0.0126
1976-08-31,-0.0037,-0.0111,0.0385,-0.0344,-0.0079,-0.0053,-0.0338,0.0217,-0.032400000000000005,-0.027000000000000003,-0.0144,-0.0366,-0.0245,-0.0167,-0.0024,0.004699999999999999,-0.0276,-0.0861,-0.006999999999999999,0.0297,0.047400000000000005,-0.0265,-0.0075,-0.0103,-0.0398,-0.0274,0.0473,-0.0346,-0.0016,-0.0203
1976-09-30,0.0042,-0.0207,0.0667,-0.0017000000000000001,0.050199999999999995,-0.0046,0.023,0.0363,0.004,-0.0064,0.0327,0.0169,0.0042,0.044199999999999996,0.058600000000000006,0.0395,0.0143,0.0739,0.058899999999999994,0.0408,0.016,0.032,0.0287,0.0318,-0.0034999999999999996,0.008,0.0037,-0.0023,0.005600000000000001,0.0121
1976-10-31,-0.0223,-0.0282,0.0014000000000000002,-0.0070999999999999995,-0.0044,-0.0271,-0.0095,-0.0374,-0.024900000000000002,-0.0102,0.0074,-0.059800000000000006,-0.0359,-0.0512,-0.0174,-0.0617,-0.0115,-0.0435,-0.023799999999999998,-0.008100000000000001,0.0129,-0.0317,-0.0451,-0.0196,-0.0382,-0.0426,-0.0023,-0.028399999999999998,0.0064,-0.0191
1976-11-30,0.0125,-0.08220000000000001,0.0242,-0.009000000000000001,0.044199999999999996,-0.012,0.0828,-0.09759999999999999,-0.05,0.0529,0.036699999999999997,-0.0012,0.0141,-0.0037,0.0058,0.0344,-0.008,0.0052,0.0083,0.0315,0.0315,0.0217,0.0155,0.0044,0.047599999999999996,0.026600000000000002,0.0553,0.0276,0.0177,0.0241
1976-12-31,0.039599999999999996,0.0934,0.0398,0.1245,0.087,0.0377,0.07,0.0629,0.1014,0.053,0.07780000000000001,0.07139999999999999,0.061799999999999994,0.0315,0.09960000000000001,0.0603,0.0626,0.0649,0.0632,0.065,0.0345,0.1047,0.037200000000000004,0.04,0.049400000000000006,0.0723,0.016,0.0408,0.0888,0.0796
1977-01-31,-0.0436,-0.11779999999999999,-0.049100000000000005,-0.0524,-0.0197,-0.0836,-0.0028000000000000004,-0.0883,-0.0555,-0.011399999999999999,-0.052199999999999996,-0.0325,-0.043899999999999995,-0.0332,-0.0308,-0.0191,-0.0274,-0.0131,0.0032,0.0084,0.0012,-0.011399999999999999,-0.0392,-0.0888,-0.0327,-0.0074,-0.07429999999999999,-0.11349999999999999,-0.0458,-0.0258
1977-02-28,-0.0086,0.0105,-0.0039000000000000003,-0.0501,-0.022799999999999997,-0.0218,-0.04650000000000001,-0.0021,-0.0077,-0.0464,-0.009399999999999999,-0.005699999999999999,-0.0074,-0.0051,-0.0311,-0.0075,-0.011200000000000002,0.031400000000000004,-0.0315,-0.0342,0.0098,-0.0274,-0.005600000000000001,0.0143,-0.0319,-0.0252,-0.015600000000000001,-0.023399999999999997,-0.0163,-0.015300000000000001
1977-03-31,-0.0098,-0.0337,-0.0278,-0.005600000000000001,-0.0129,-0.032400000000000005,-0.0098,-0.0179,-0.005,-0.0101,0.008100000000000001,0.006,0.042199999999999994,0.0401,-0.051100000000000007,-0.0012,0.020099999999999996,0.0131,-0.021400000000000002,0.0018,-0.0104,0.0076,-0.0002,-0.0078000000000000005,0.0006,0.0161,-0.030600000000000002,-0.054000000000000006,-0.0052,0.0076
1977-04-30,-0.0005,-0.0187,0.0206,-0.020099999999999996,0.0102,-0.0053,0.0246,-0.052199999999999996,-0.0048,0.0215,0.023799999999999998,0.0091,0.039,0.0435,0.022000000000000002,0.0254,-0.0022,-0.0384,0.026699999999999998,0.0194,0.0066,0.0038,-0.0363,0.0016,0.052300000000000006,-0.024900000000000002,-0.0401,0.0070999999999999995,0.023399999999999997,0.0151
1977-05-31,-0.0068000000000000005,-0.0246,0.0129,-0.021,0.005699999999999999,-0.0305,-0.048499999999999995,-0.0189,-0.0366,-0.044000000000000004,-0.0288,-0.0582,0.0003,-0.019799999999999998,-0.0046,0.0144,-0.0728,-0.10679999999999999,-0.0021,0.0167,0.0143,-0.0012,-0.0149,-0.0437,0.013000000000000001,0.0025,-0.0374,0.018600000000000002,-0.006500000000000001,0.0005
1977-06-30,0.043,0.016200000000000003,0.024300000000000002,0.0788,0.0827,0.0594,0.065,0.09029999999999999,0.0021,0.0545,0.0414,-0.0004,0.0325,0.059699999999999996,0.0458,0.09230000000000001,-0.0126,0.1023,0.0601,0.0571,0.0194,0.1177,0.0781,0.0258,0.023799999999999998,0.0281,0.0587,0.11220000000000001,0.06,0.050300000000000004
1977-07-31,0.025099999999999997,-0.0387,0.0187,-0.0037,-0.0017000000000000001,-0.0169,-0.012,-0.0223,-0.0344,-0.014199999999999999,-0.0327,-0.0741,-0.065,-0.0048,-0.0258,-0.0189,-0.045899999999999996,-0.0902,-0.0166,0.0087,-0.0085,-0.0027,-0.0012,-0.035699999999999996,-0.022400000000000003,-0.0254,0.0015,0.0013,0.0043,0.005699999999999999
1977-08-31,-0.0017000000000000001,0.018000000000000002,0.0231,0.0002,-0.011399999999999999,0.0252,0.0046,0.0384,-0.0294,-0.0128,-0.018799999999999997,-0.0527,-0.016,-0.0067,-0.0116,-0.030299999999999997,-0.0126,-0.050300000000000004,-0.058600000000000006,-0.0325,-0.022799999999999997,-0.0063,0.0046,-0.0141,-0.0373,0.006500000000000001,0.049400000000000006,0.053099999999999994,-0.0118,-0.0042
1977-09-30,0.0049,0.0143,-0.0105,-0.0194,-0.0113,-0.008199999999999999,0.0269,-0.0089,-0.0044,0.0001,-0.0089,-0.0575,0.0169,-0.024300000000000002,0.0294,-0.0329,-0.0132,-0.0004,0.0076,0.020099999999999996,0.0348,0.0086,-0.0183,-0.0104,-0.0172,-0.0058,-0.0126,0.024900000000000002,-0.0003,0.0109
1977-10-31,-0.045599999999999995,-0.0432,-0.0229,-0.0625,0.0126,-0.0661,-0.0184,-0.0175,-0.0318,-0.0371,-0.0199,-0.0001,-0.0527,-0.0166,-0.0458,-0.0308,-0.0713,-0.0231,-0.0358,-0.0315,-0.050499999999999996,-0.0323,-0.0327,-0.0604,-0.0388,-0.039,-0.029500000000000002,-0.042,-0.048,-0.040999999999999995
1977-11-30,0.0331,0.0554,0.0271,0.094,0.0692,0.0242,0.0882,0.060899999999999996,0.0292,0.0692,0.0712,0.0149,0.0702,0.049100000000000005,0.0192,0.0754,0.044500000000000005,0.043899999999999995,0.0345,0.0429,0.0216,0.08810000000000001,0.052199999999999996,0.0462,0.0721,0.0636,0.052199999999999996,0.09300000000000001,0.058600000000000006,0.062400000000000004
1977-12-31,-0.0008,-0.0254,-0.018500000000000003,0.0144,0.0412,-0.0053,0.0063,0.0062,0.013500000000000002,-0.0106,-0.0013,0.044199999999999996,0.011899999999999999,-0.015600000000000001,-0.0111,0.0113,0.0132,-0.026699999999999998,0.0197,-0.0033,0.0215,0.0194,0.0245,0.0006,0.013999999999999999,0.0316,-0.0231,0.021400000000000002,-0.001,0.0169
1978-01-31,-0.0516,-0.0033,-0.062,-0.07139999999999999,-0.0824,-0.0738,-0.0579,-0.0189,-0.0636,-0.0111,-0.061799999999999994,-0.045599999999999995,-0.0662,-0.028999999999999998,-0.0626,-0.0664,-0.0458,-0.0519,-0.0696,-0.0454,-0.0416,-0.055999999999999994,-0.0472,-0.061900000000000004,-0.013500000000000002,-0.0521,-0.06860000000000001,-0.0781,-0.0602,-0.0361
1978-02-28,-0.0004,0.0006,0.0068000000000000005,-0.0069,-0.0037,-0.031200000000000002,0.02,-0.0302,-0.048499999999999995,-0.0003,-0.0023,-0.0382,-0.0038,-0.0242,0.0118,0.0337,-0.023700000000000002,0.0226,-0.0116,-0.0042,0.0416,0.0126,-0.0352,-0.0406,-0.0147,0.015600000000000001,-0.0134,0.0393,0.0008,-0.001
1978-03-31,0.0263,0.0317,0.039900000000000005,0.09230000000000001,0.0966,0.024,0.0741,0.0417,0.0403,0.033,0.0567,0.061500000000000006,0.0344,0.031,0.0599,0.0951,0.0489,-0.061,0.022099999999999998,0.0248,0.0262,0.0766,-0.008199999999999999,0.0301,0.0487,0.0639,0.0169,0.07150000000000001,0.051699999999999996,0.0591
1978-04-30,0.0636,0.0433,0.0858,0.12050000000000001,0.0966,0.1371,0.0689,0.0924,0.1081,0.0555,0.10210000000000001,0.0888,0.1117,0.1235,0.081,0.1318,0.0256,0.1325,0.0659,0.0018,0.029300000000000003,0.0698,0.13390000000000002,0.115,0.0943,0.0771,0.1157,0.1052,0.0998,0.0817
1978-05-31,0.0432,0.0501,0.0256,0.0728,0.049100000000000005,0.0438,0.0335,0.051699999999999996,0.0036,0.0362,0.027000000000000003,0.0341,0.0521,0.0886,-0.0118,0.1115,0.053200000000000004,-0.0338,0.009399999999999999,0.0070999999999999995,-0.0039000000000000003,0.0664,0.0149,0.033,0.0256,0.042199999999999994,-0.0033,0.0796,0.0132,0.044000000000000004
1978-06-30,0.0064,-0.0171,0.0002,-0.0091,-0.0036,-0.0195,-0.0322,0.011399999999999999,-0.0246,-0.012,-0.0148,-0.0616,-0.009899999999999999,-0.024900000000000002,-0.028300000000000002,0.0353,-0.0438,-0.010700000000000001,-0.0379,0.0083,-0.0154,-0.0014000000000000002,-0.0036,-0.0051,-0.0059,-0.0109,-0.022000000000000002,0.0246,-0.0053,0.0096
1978-07-31,0.0229,0.0604,0.0451,0.0746,0.0705,0.0738,0.0171,0.08869999999999999,0.0542,0.036000000000000004,0.079,0.0814,0.0591,0.0882,0.0392,0.1508,0.0861,0.0241,0.0336,0.0282,0.0143,0.07730000000000001,0.08650000000000001,0.0975,0.12050000000000001,0.0558,0.0524,0.0588,0.052000000000000005,0.0625
1978-08-31,0.035699999999999996,-0.0037,0.0134,0.0779,0.0729,0.0274,0.059500000000000004,0.0097,0.0482,0.1052,0.0839,0.004699999999999999,0.0434,0.014499999999999999,0.0239,0.0444,0.049699999999999994,-0.008100000000000001,0.0524,0.0045000000000000005,0.0353,0.06509999999999999,0.0592,0.054299999999999994,0.039599999999999996,0.07719999999999999,0.0548,0.14,0.055999999999999994,0.0668
1978-09-30,-0.0075,0.0141,0.0206,-0.054000000000000006,-0.0305,-0.031400000000000004,-0.0148,-0.0271,-0.0037,0.0265,-0.0218,0.0126,-0.0076,-0.0478,0.0085,-0.0698,0.0298,0.0072,0.0484,-0.0025,0.012199999999999999,-0.0366,-0.0415,-0.030899999999999997,-0.036000000000000004,-0.0202,-0.0236,-0.0281,-0.0088,-0.0177
1978-10-31,-0.1016,-0.1458,-0.0824,-0.1812,-0.1336,-0.0929,-0.1542,-0.1284,-0.09630000000000001,-0.1856,-0.1616,-0.11960000000000001,-0.1402,-0.12619999999999998,-0.10550000000000001,-0.1583,-0.1043,-0.1797,-0.10490000000000001,-0.071,-0.045,-0.1789,-0.10640000000000001,-0.083,-0.1794,-0.1672,-0.12960000000000002,-0.2339,-0.11470000000000001,-0.1648
1978-11-30,0.0129,0.044199999999999996,0.0256,0.0708,0.0278,0.0322,0.0326,0.0518,0.0115,0.0436,0.006500000000000001,0.0124,0.0351,0.0263,0.0045000000000000005,0.09390000000000001,-0.0125,0.0659,0.0617,0.03,0.0302,0.053399999999999996,0.0513,0.0134,0.0361,0.0599,0.0197,0.049,0.0175,0.042699999999999995
1978-12-31,0.0147,0.0336,0.0248,0.0209,0.0259,0.0091,0.0141,0.0342,0.0007000000000000001,-0.0141,0.0121,0.0021,0.028999999999999998,-0.0025,-0.0040999999999999995,0.025699999999999997,0.045,-0.020499999999999997,0.028900000000000002,-0.0125,0.001,0.0123,0.066,0.008199999999999999,-0.0104,0.0271,-0.0158,-0.028900000000000002,0.0137,0.0298
1979-01-31,0.0301,0.0662,0.0054,0.054000000000000006,0.067,0.0335,0.10369999999999999,0.014199999999999999,0.06480000000000001,0.0819,0.0857,0.1351,0.0557,0.067,0.0583,0.0466,0.11019999999999999,0.0877,0.03,0.0637,0.0366,0.049400000000000006,0.04190000000000001,0.07769999999999999,0.0369,0.057999999999999996,0.0634,0.0683,0.053099999999999994,0.0701
1979-02-28,-0.04019999999999999,-0.0391,-0.0302,-0.0653,-0.0351,-0.052300000000000006,-0.0301,-0.0452,-0.0229,-0.0002,-0.030899999999999997,-0.035699999999999996,-0.0311,-0.0547,-0.0371,-0.11800000000000001,0.0149,0.0060999999999999995,0.0060999999999999995,-0.016399999999999998,-0.006500000000000001,-0.0593,-0.033,-0.0383,-0.055999999999999994,-0.0187,-0.0431,-0.045700000000000005,-0.0334,-0.029300000000000003
1979-03-31,0.0245,0.081,0.0525,0.0754,0.0334,0.047599999999999996,0.0953,0.0504,0.0971,0.07919999999999999,0.0861,0.08929999999999999,0.0716,0.0501,0.0668,0.0701,0.0809,0.1663,0.09179999999999999,0.0232,0.0016,0.09119999999999999,0.0764,0.07769999999999999,0.0978,0.0745,0.057999999999999996,0.0947,0.07440000000000001,0.0843
1979-04-30,-0.005,0.022099999999999998,-0.0021,0.023799999999999998,0.0169,0.0077,-0.0036,0.0043,-0.0196,0.0138,0.027999999999999997,-0.0069,-0.0038,-0.0002,0.0242,-0.0096,-0.0089,-0.0732,0.0451,-0.0275,-0.0215,0.038,0.0019,-0.0219,0.0037,-0.0042,0.008100000000000001,0.0681,0.0143,0.025099999999999997
1979-05-31,-0.013999999999999999,-0.047,-0.0281,-0.0204,-0.027000000000000003,-0.0271,0.0042,-0.0264,-0.0292,-0.0158,-0.0173,-0.026000000000000002,-0.0070999999999999995,-0.0097,-0.0146,-0.051,0.029900000000000003,0.0666,-0.0259,0.0144,0.0009,-0.0039000000000000003,-0.019799999999999998,-0.008,0.0092,-0.0138,-0.0275,-0.0313,0.0019,-0.013600000000000001
1979-06-30,0.0323,0.061200000000000004,0.0554,0.0223,0.0217,0.009300000000000001,0.0097,0.0483,0.0388,0.0373,0.0421,0.0216,0.0623,0.1027,0.026699999999999998,0.049800000000000004,0.085,0.1437,0.0919,0.049699999999999994,0.019299999999999998,0.0438,0.0040999999999999995,0.0207,0.0268,0.0356,0.024700000000000003,0.0245,0.08710000000000001,0.0632
1979-07-31,0.0089,0.0075,0.0479,0.0405,0.0321,0.0052,0.0172,0.0015,0.0409,0.0085,0.0374,0.044500000000000005,0.0311,0.0239,0.0078000000000000005,0.038,0.027999999999999997,-0.0334,0.0165,0.0207,-0.0011,0.043899999999999995,-0.0171,-0.0109,0.0796,0.011699999999999999,0.0097,0.0311,0.0326,0.011399999999999999
1979-08-31,0.0677,0.11939999999999999,0.0876,0.0581,0.08070000000000001,0.0667,0.0904,0.0858,0.0701,0.0412,0.08689999999999999,0.0721,0.060899999999999996,0.0556,0.0513,0.13570000000000002,0.0801,0.032400000000000005,0.08,0.020499999999999997,0.0152,0.0802,0.0587,0.0757,0.0574,0.0774,0.0924,0.061799999999999994,0.0504,0.0684
1979-09-30,-0.018000000000000002,-0.0084,-0.049800000000000004,0.0217,0.0055000000000000005,-0.0383,-0.0118,-0.0055000000000000005,0.026099999999999998,-0.0241,-0.0009,0.025099999999999997,-0.0124,-0.04019999999999999,0.0195,0.004,0.0675,0.032,0.059699999999999996,-0.0219,-0.023799999999999998,-0.0029,-0.0178,-0.0143,-0.0387,0.0347,-0.020099999999999996,-0.0398,-0.0111,-0.004
1979-10-31,-0.08349999999999999,-0.09609999999999999,-0.0377,-0.08900000000000001,-0.0712,-0.07519999999999999,-0.09230000000000001,-0.0434,-0.0793,-0.0926,-0.09939999999999999,-0.1162,-0.0848,-0.067,-0.1117,-0.0801,-0.1121,-0.1629,-0.0236,-0.0583,-0.0507,-0.0999,-0.0771,-0.0873,-0.11320000000000001,-0.08900000000000001,-0.086,-0.1188,-0.1008,-0.09359999999999999
1979-11-30,0.0492,0.0827,0.0661,0.0736,0.0282,0.0123,0.0766,0.08789999999999999,0.0662,0.0394,0.053399999999999996,0.0074,0.0747,0.0481,-0.0355,0.1225,0.1016,0.18309999999999998,0.08810000000000001,0.07780000000000001,0.0406,0.1043,0.08259999999999999,0.0040999999999999995,0.0674,0.0924,0.032799999999999996,0.0076,0.0633,0.0747
1979-12-31,0.0212,0.041100000000000005,0.030699999999999998,0.0872,0.052199999999999996,0.028999999999999998,0.050199999999999995,0.0208,0.053399999999999996,0.0799,0.045599999999999995,0.0825,0.030699999999999998,0.046,0.0115,0.083,0.1691,0.0583,0.0245,-0.0101,-0.0152,0.04190000000000001,0.018000000000000002,0.034,0.0375,0.09849999999999999,0.011399999999999999,0.0574,0.0179,0.0601
1980-01-31,0.0302,0.10890000000000001,-0.0063,0.0653,0.0388,0.0128,0.0139,-0.0129,0.0433,0.048799999999999996,0.08039999999999999,0.17579999999999998,0.0793,0.0809,0.0987,0.2427,0.15990000000000001,0.081,0.1413,0.0155,-0.0207,0.0687,0.0727,0.0529,0.09300000000000001,0.0546,-0.0045000000000000005,0.051,0.021,0.0782
1980-02-29,-0.057699999999999994,-0.023399999999999997,-0.048600000000000004,-0.0339,-0.0637,-0.0467,-0.008,-0.0464,-0.0126,-0.0115,-0.0225,0.0029,-0.0338,-0.0431,-0.0641,-0.0806,0.0519,-0.009000000000000001,0.1318,-0.0342,-0.013999999999999999,-0.0347,-0.0359,0.002,-0.0453,-0.0256,-0.0552,-0.0564,-0.0501,-0.0226
1980-03-31,-0.08220000000000001,-0.1414,-0.0067,-0.0874,-0.1161,-0.0446,-0.054900000000000004,-0.0285,-0.12140000000000001,-0.1452,-0.147,-0.18489999999999998,-0.1264,-0.08929999999999999,-0.0999,-0.12210000000000001,-0.21289999999999998,-0.21100000000000002,-0.1788,-0.066,-0.026600000000000002,-0.1524,-0.12689999999999999,-0.11289999999999999,-0.14,-0.1481,-0.0784,-0.1329,-0.0895,-0.1591
1980-04-30,0.0747,0.0415,0.0956,0.043,0.0286,0.0431,0.0241,0.0429,0.0504,0.0493,0.0368,0.023,0.0037,0.0242,-0.024900000000000002,-0.0202,0.0125,0.013300000000000001,0.0692,0.1204,0.0733,0.09,0.0054,0.035,0.0028000000000000004,0.0394,0.0481,0.0665,0.0688,0.0746
1980-05-31,0.079,0.0947,0.09029999999999999,0.046799999999999994,0.0975,0.0641,0.0179,0.0697,0.0757,0.0725,0.0859,0.052000000000000005,0.0591,0.0793,0.0325,0.0039000000000000003,0.07719999999999999,0.1655,0.0401,0.046,0.05,0.0759,0.048,0.0691,0.11460000000000001,0.1223,0.0958,0.1185,0.0786,0.0726
1980-06-30,0.0203,0.0371,0.0567,0.0021,0.028300000000000002,0.011699999999999999,0.0425,0.0022,0.0227,0.0181,0.0484,0.0241,0.0633,0.0064,0.0181,0.0031,0.1316,0.0634,0.0583,0.0455,-0.005699999999999999,0.0407,0.0311,0.0105,0.016399999999999998,0.0203,0.0245,0.04019999999999999,0.048499999999999995,0.0471
1980-07-31,0.0527,0.0902,0.073,0.0858,0.10980000000000001,0.1041,0.1503,0.0888,0.0857,0.1148,0.1275,0.1274,0.1182,0.1461,0.1285,0.11320000000000001,0.0819,0.0643,0.0196,-0.0012,0.01,0.1293,0.1521,0.0973,0.165,0.1195,0.10949999999999999,0.0955,0.032,0.10220000000000001
1980-08-31,0.0029,0.0124,-0.0070999999999999995,0.0392,0.049699999999999994,0.0085,0.0172,0.0027,0.0315,0.0492,0.0116,0.011200000000000002,0.0098,-0.0084,0.0329,0.0199,0.061500000000000006,0.0011,0.037000000000000005,-0.011699999999999999,0.063,0.0705,0.0359,-0.0013,0.0029,0.0696,0.0025,0.0058,0.0187,0.0487
1980-09-30,-0.008199999999999999,0.010700000000000001,-0.015700000000000002,0.0358,0.04190000000000001,0.0049,0.0276,0.0362,0.0207,-0.001,0.0167,0.0458,0.0591,0.0177,0.0181,0.0437,0.1232,0.07200000000000001,0.0652,0.0012,-0.016200000000000003,0.058499999999999996,0.0202,-0.002,0.0158,0.0723,-0.0073,0.0341,0.026000000000000002,0.046900000000000004
1980-10-31,-0.011699999999999999,0.0048,0.038900000000000004,0.0043,-0.0069,0.0051,0.008,-0.0124,-0.0096,0.0182,0.037200000000000004,-0.0103,0.0352,0.024700000000000003,-0.042300000000000004,-0.0276,-0.004,0.0075,0.0784,0.0192,-0.0321,0.0417,0.018000000000000002,0.0054,0.0571,-0.003,-0.018000000000000002,-0.013500000000000002,0.0008,0.036699999999999997
1980-11-30,-0.003,0.0015,0.024900000000000002,0.1747,0.037000000000000005,0.054400000000000004,0.0281,0.0888,0.0928,-0.017,0.067,0.056100000000000004,0.12619999999999998,0.1195,-0.0097,0.177,0.0724,0.1462,0.244,0.0739,-0.0046,0.0956,0.098,0.0592,0.1297,0.0909,0.0060999999999999995,-0.0109,0.0558,0.10869999999999999
1980-12-31,0.0302,-0.0405,0.0083,-0.0371,0.0141,-0.008199999999999999,-0.0146,0.0461,-0.0196,-0.027000000000000003,-0.0416,-0.0435,-0.0412,-0.0462,-0.0007000000000000001,0.0521,-0.07769999999999999,-0.0969,-0.106,-0.0192,0.012199999999999999,-0.030899999999999997,-0.0125,-0.0269,-0.056900000000000006,-0.0677,0.003,0.0012,0.031200000000000002,0.0199
1981-01-31,0.023399999999999997,0.0458,-0.010700000000000001,-0.0418,-0.011000000000000001,-0.009899999999999999,0.0783,-0.016200000000000003,0.0077,0.0725,-0.021099999999999997,0.0070999999999999995,-0.0667,-0.0248,-0.011899999999999999,-0.0776,-0.0808,-0.0803,-0.1018,-0.0256,0.0555,-0.019799999999999998,-0.0823,0.0129,0.0226,-0.030600000000000002,0.0042,0.0086,-0.0274,-0.0659
1981-02-28,0.022799999999999997,0.0317,0.032400000000000005,0.0356,0.0239,0.08990000000000001,0.0239,0.018000000000000002,0.039599999999999996,0.011899999999999999,0.0347,0.026000000000000002,0.0339,0.0206,0.0692,-0.0342,-0.0361,-0.0067,-0.0031,-0.0127,0.0213,0.009000000000000001,0.0051,0.0735,0.0199,-0.014199999999999999,0.0327,0.0727,0.018799999999999997,0.0124
1981-03-31,0.0696,0.07980000000000001,0.0546,0.1365,0.0805,0.0301,0.0877,0.0587,0.0256,0.048,0.083,0.19940000000000002,0.0552,0.09359999999999999,0.07719999999999999,0.0269,0.24480000000000002,0.043899999999999995,-0.0212,0.03,0.011699999999999999,0.0977,0.047,0.066,0.1176,0.129,0.1367,0.09630000000000001,0.0696,0.0575
1981-04-30,0.0,-0.020499999999999997,0.01,0.021,0.0556,-0.0048,-0.0329,0.030299999999999997,-0.0232,0.1066,-0.0199,-0.0161,-0.0002,0.049100000000000005,0.0172,0.009399999999999999,-0.06509999999999999,-0.0649,-0.0781,-0.0269,0.062,0.0455,-0.0006,-0.0377,0.0195,-0.0131,0.0406,0.044199999999999996,0.006500000000000001,0.023
1981-05-31,0.0275,0.0131,0.0187,0.0584,0.0492,-0.0017000000000000001,0.0166,0.0346,-0.0134,0.0064,0.0017000000000000001,-0.005,-0.009399999999999999,0.034,0.0291,-0.0091,-0.0014000000000000002,0.0034000000000000002,-0.04,0.0184,0.0721,0.030600000000000002,0.042800000000000005,-0.0040999999999999995,0.0527,0.0197,0.026099999999999998,0.0315,0.0274,0.0414
1981-06-30,-0.0085,0.0059,0.013300000000000001,-0.0616,-0.0083,-0.0163,0.0159,-0.055999999999999994,0.0227,-0.0033,-0.0161,-0.054000000000000006,-0.0308,-0.0463,-0.0274,-0.0258,-0.0253,0.0116,0.0475,0.0346,-0.0191,-0.042199999999999994,-0.0682,0.0005,-0.0703,-0.0255,-0.011699999999999999,-0.0125,0.017,-0.054900000000000004
1981-07-31,-0.013500000000000002,-0.0109,0.0222,-0.0681,-0.021099999999999997,-0.0286,0.0055000000000000005,-0.039,-0.038900000000000004,-0.03,-0.053099999999999994,0.0014000000000000002,0.0084,-0.0545,-0.0344,-0.0699,0.0472,0.0909,0.0793,0.027999999999999997,0.0034000000000000002,-0.0353,-0.0369,-0.0363,-0.0449,-0.0368,-0.028399999999999998,-0.061799999999999994,-0.030899999999999997,-0.0151
1981-08-31,-0.0462,-0.0575,-0.0572,-0.0621,-0.0408,-0.0622,-0.054000000000000006,-0.0775,-0.0646,-0.0632,-0.06280000000000001,-0.07400000000000001,-0.0676,-0.0451,-0.0897,-0.11699999999999999,0.0045000000000000005,-0.12369999999999999,-0.06269999999999999,-0.0085,-0.0077,-0.063,-0.07200000000000001,-0.0721,-0.0789,-0.032400000000000005,-0.061399999999999996,-0.1033,-0.0518,-0.0783
1981-09-30,-0.0202,-0.005699999999999999,0.0026,-0.0182,-0.049400000000000006,-0.0233,-0.032,-0.0129,-0.0897,-0.022400000000000003,-0.0909,-0.0944,-0.09789999999999999,-0.0537,-0.0395,-0.048,-0.1223,-0.0876,-0.1234,-0.0554,0.028399999999999998,-0.0677,-0.037000000000000005,-0.0677,-0.0567,-0.0849,-0.0275,-0.0305,-0.0252,-0.0836
1981-10-31,0.08990000000000001,0.083,0.0587,0.1151,0.08800000000000001,0.0155,0.0128,0.0796,0.062,0.058600000000000006,0.0026,0.0137,0.0437,0.0397,-0.087,0.0775,-0.005699999999999999,0.139,0.0956,0.0489,0.0602,0.10490000000000001,0.046900000000000004,0.0163,0.08960000000000001,0.08529999999999999,0.0557,0.1092,0.0747,0.09230000000000001
1981-11-30,0.0172,0.0335,0.0375,0.006,0.053,0.0594,0.0023,0.0394,0.039,0.0028000000000000004,0.062400000000000004,0.044000000000000004,0.0641,0.0352,0.0288,-0.0232,0.0277,0.0541,0.0687,0.059500000000000004,0.027000000000000003,0.0345,0.0171,0.09210000000000002,0.048600000000000004,0.0161,0.0116,0.0152,0.056600000000000004,0.0123
1981-12-31,0.0034000000000000002,-0.0213,-0.059500000000000004,-0.0146,-0.0311,-0.0128,-0.0264,-0.0074,-0.025,0.010700000000000001,-0.0182,-0.0268,-0.026000000000000002,-0.0054,0.0323,0.0017000000000000001,-0.067,-0.059000000000000004,-0.0642,-0.0235,-0.014499999999999999,-0.0184,0.0016,-0.019,-0.0393,-0.0265,-0.0171,-0.0342,-0.038599999999999995,-0.0296
1982-01-31,-0.0051,0.018500000000000003,0.0069,0.0447,-0.044199999999999996,0.0472,-0.015600000000000001,0.0144,-0.0482,0.022799999999999997,-0.0646,-0.0886,-0.054900000000000004,-0.0212,-0.009899999999999999,-0.031200000000000002,-0.1494,-0.07490000000000001,-0.0848,-0.0067,0.0067,-0.0401,0.030899999999999997,-0.0341,-0.0347,-0.0216,0.0121,-0.0067,-0.0212,-0.0383
1982-02-28,-0.0070999999999999995,-0.0155,-0.0366,-0.0616,-0.0141,-0.0334,-0.0406,-0.0174,-0.0728,-0.0443,-0.0592,-0.0472,-0.0814,-0.0393,-0.0331,-0.0629,-0.0802,-0.1293,-0.1118,-0.0034000000000000002,-0.056900000000000006,-0.0526,-0.051,-0.0252,-0.048,-0.0353,-0.0058,-0.0275,-0.029500000000000002,-0.04019999999999999
1982-03-31,0.0321,0.0473,0.0365,0.0521,-0.0009,0.01,0.006,-0.0256,-0.0132,0.0044,-0.0304,-0.051500000000000004,-0.043,0.0242,0.0446,0.0049,-0.1207,-0.06570000000000001,-0.0338,0.0166,0.020499999999999997,-0.022400000000000003,-0.0379,-0.0169,0.0095,-0.0037,0.050300000000000004,0.0721,-0.01,-0.0182
1982-04-30,0.0638,0.0993,0.0713,0.039900000000000005,0.0509,0.0208,0.0658,0.0739,0.0492,0.10220000000000001,0.030600000000000002,0.016,0.006,0.0665,0.0508,0.0679,-0.0031,0.0333,0.0433,0.0385,-0.013600000000000001,0.0782,0.0736,0.036000000000000004,0.0366,0.0332,0.059500000000000004,0.052000000000000005,0.0316,0.06269999999999999
1982-05-31,-0.024900000000000002,-0.0256,-0.047400000000000005,-0.0608,-0.054000000000000006,-0.0199,-0.002,-0.0305,-0.0446,-0.0292,-0.0576,-0.07,-0.0805,-0.0349,-0.0011,-0.053200000000000004,-0.0702,-0.1013,0.0248,-0.0054,0.002,-0.0525,-0.053899999999999997,-0.0553,-0.0641,-0.0227,-0.0264,-0.044199999999999996,-0.0552,-0.0405
1982-06-30,0.0206,0.020499999999999997,0.027000000000000003,0.0233,-0.0024,0.015600000000000001,0.028300000000000002,-0.0075,-0.0487,-0.0308,-0.0286,-0.0687,-0.062400000000000004,-0.020099999999999996,0.038599999999999995,-0.008,-0.0859,-0.0587,-0.06269999999999999,-0.022099999999999998,-0.0245,-0.027200000000000002,-0.022799999999999997,0.0024,0.0052,-0.011399999999999999,0.034300000000000004,0.018000000000000002,-0.0262,-0.034
1982-07-31,0.0072,0.08529999999999999,-0.055,-0.0097,-0.015,0.0165,-0.015700000000000002,0.0078000000000000005,-0.043899999999999995,0.015600000000000001,-0.0232,-0.045700000000000005,-0.058499999999999996,-0.0172,-0.0371,0.0334,-0.0729,-0.10779999999999999,-0.0809,-0.0259,0.012,-0.0108,0.0199,-0.0213,-0.0588,-0.0167,0.005699999999999999,-0.0013,-0.0304,-0.0018
1982-08-31,0.0712,0.0412,0.1359,0.0291,0.1192,0.1245,0.11449999999999999,0.1244,0.1531,0.0919,0.1478,0.1349,0.1112,0.15439999999999998,0.15810000000000002,0.19329999999999997,0.21030000000000001,0.10769999999999999,0.10039999999999999,0.1208,0.1085,0.1176,0.1282,0.1524,0.1175,0.1628,0.1168,0.11789999999999999,0.1148,0.0941
1982-09-30,0.035,0.0444,0.043899999999999995,-0.0032,0.0852,0.003,0.10980000000000001,0.013600000000000001,-0.0042,0.0265,0.0085,-0.052300000000000006,-0.0478,-0.025,-0.0152,0.0024,0.0046,-0.0263,0.0189,0.010700000000000001,0.01,0.0582,0.0089,0.0008,-0.030299999999999997,0.039,0.057,0.0127,0.06,0.0294
1982-10-31,0.0684,0.0747,0.1216,0.2046,0.1616,0.1195,0.1276,0.08220000000000001,0.1251,0.1679,0.1948,0.0929,0.1131,0.1794,0.1721,0.1367,0.13119999999999998,0.0919,0.0546,0.0473,0.0812,0.1784,0.16440000000000002,0.158,0.18359999999999999,0.1784,0.1722,0.124,0.1517,0.1506
1982-11-30,0.048600000000000004,0.0707,-0.0209,0.0796,0.1057,0.087,0.099,0.051699999999999996,0.0305,0.039900000000000005,0.1153,0.0364,0.0475,0.073,0.08449999999999999,0.0304,0.0387,-0.004,-0.0462,0.0012,0.06,0.1052,0.1047,0.0508,0.1152,0.1117,0.1198,0.0625,0.065,0.0875
1982-12-31,0.0118,-0.0397,-0.0040999999999999995,-0.1379,0.0362,-0.0123,0.0073,0.0058,-0.0202,0.0455,0.0308,0.0572,0.0463,0.0154,0.0593,0.024399999999999998,0.1295,0.013999999999999999,0.0557,0.0434,-0.0123,-0.0026,0.030600000000000002,0.0069,-0.008199999999999999,0.0014000000000000002,-0.0298,-0.014199999999999999,-0.0236,0.0046
1983-01-31,-0.0070999999999999995,0.0151,-0.0141,0.0516,-0.0305,0.038,-0.0173,0.014199999999999999,0.0917,0.042199999999999994,0.032799999999999996,0.0814,0.0599,0.0625,0.0235,0.08560000000000001,0.16870000000000002,0.071,0.036000000000000004,0.036699999999999997,0.1244,0.0808,0.0827,0.016200000000000003,0.0662,0.045899999999999996,0.0073,-0.0001,0.005699999999999999,0.061799999999999994
1983-02-28,0.0108,0.0415,0.02,0.0933,0.08529999999999999,0.0451,0.09789999999999999,0.028300000000000002,0.0418,0.0592,0.0449,0.0387,0.0064,0.0519,0.005,0.0572,-0.1503,-0.0796,-0.0051,0.0159,-0.0037,0.06559999999999999,0.0354,0.058600000000000006,0.0581,0.0867,0.0748,0.0931,0.0542,0.0467
1983-03-31,0.0562,0.1165,0.0571,-0.038,0.0863,0.0040999999999999995,0.1321,0.0454,0.0113,0.0808,0.054000000000000006,0.029300000000000003,0.0058,-0.0191,-0.009000000000000001,0.06,0.0354,-0.0015,0.059800000000000006,0.0025,0.0064,0.022799999999999997,0.0072,0.0253,0.018000000000000002,0.0361,0.1057,0.0424,0.0681,0.0207
1983-04-30,0.052000000000000005,0.0509,0.0454,0.052000000000000005,0.08869999999999999,0.06,0.087,0.050499999999999996,0.0877,0.0679,0.0452,0.0305,0.0567,0.008199999999999999,0.1588,0.0666,0.0965,0.0269,0.0942,0.0478,0.051399999999999994,0.0638,0.0756,0.0814,0.0325,0.06559999999999999,0.09699999999999999,0.0699,0.0922,0.0891
1983-05-31,-0.0077,-0.0351,-0.049800000000000004,0.0654,0.0019,-0.0588,0.0014000000000000002,-0.0275,0.043899999999999995,0.022099999999999998,0.0209,0.0962,0.049400000000000006,0.0709,-0.0141,0.011699999999999999,0.1084,0.1128,0.0125,0.0254,-0.0131,0.0392,0.024399999999999998,0.0195,0.0446,0.0217,0.0,0.0341,0.0054,0.062
1983-06-30,0.0171,0.0007000000000000001,-0.004,0.049,0.060899999999999996,0.0426,0.0895,0.0692,0.009399999999999999,0.0736,-0.0068000000000000005,-0.02,0.0366,0.0694,0.1033,0.0673,-0.0191,0.0931,0.064,-0.0055000000000000005,0.0018,0.0368,0.063,-0.0154,0.0824,0.0707,0.061900000000000004,0.0801,0.0034000000000000002,0.04019999999999999
1983-07-31,-0.0256,-0.0129,0.0116,-0.0632,-0.0406,-0.060700000000000004,-0.056600000000000004,-0.056799999999999996,0.0,-0.0054,-0.037000000000000005,-0.008199999999999999,-0.024700000000000003,-0.0729,-0.0213,-0.052000000000000005,-0.0045000000000000005,-0.015700000000000002,-0.022799999999999997,0.0102,-0.051699999999999996,-0.0817,-0.04650000000000001,-0.0187,-0.0524,-0.0717,-0.0222,-0.055,-0.028399999999999998,-0.0212
1983-08-31,0.02,0.0466,0.0571,-0.0216,-0.020499999999999997,-0.0125,-0.0652,-0.0101,0.0688,-0.0032,-0.0416,0.075,-0.016200000000000003,-0.022000000000000002,-0.0304,-0.057800000000000004,0.0182,0.0115,0.0693,0.0152,0.022000000000000002,-0.0246,-0.009000000000000001,-0.0031,-0.025,-0.026099999999999998,-0.054299999999999994,-0.0358,0.0072,-0.056100000000000004
1983-09-30,0.0524,0.0574,0.0855,0.023399999999999997,0.037200000000000004,0.0301,0.0109,0.013000000000000001,-0.0022,0.0178,0.0344,-0.0226,0.0398,0.0336,0.04650000000000001,0.0579,-0.1033,0.041299999999999996,-0.046799999999999994,0.0466,0.0226,0.0207,0.0235,0.03,0.013300000000000001,0.0263,0.0199,0.0369,0.0195,0.0256
1983-10-31,0.0345,-0.024700000000000003,0.026600000000000002,-0.047,-0.0519,-0.011899999999999999,-0.046900000000000004,-0.0218,-0.028900000000000002,-0.040999999999999995,-0.046,-0.052000000000000005,-0.0483,-0.025,0.0181,-0.0304,-0.1165,-0.0674,-0.02,0.0305,-0.0519,-0.10210000000000001,-0.0617,0.005699999999999999,0.0159,-0.0529,-0.0092,-0.030600000000000002,-0.0301,-0.075
1983-11-30,0.0336,-0.039900000000000005,0.0079,0.022099999999999998,0.0265,0.0836,0.015300000000000001,-0.030299999999999997,0.024399999999999998,0.0868,0.07730000000000001,0.09539999999999998,0.0601,0.10859999999999999,0.0025,0.0989,0.10439999999999999,0.0327,-0.0049,-0.016399999999999998,0.0317,0.060700000000000004,0.0173,0.08839999999999999,0.0711,0.0475,0.0414,0.0553,0.039900000000000005,0.039
1983-12-31,0.0005,-0.029900000000000003,0.0339,0.0308,-0.0216,0.0028000000000000004,-0.0338,-0.0363,-0.03,-0.019799999999999998,-0.012,0.0108,0.0116,-0.004,0.0064,-0.013999999999999999,-0.0195,-0.061200000000000004,0.0218,-0.0364,-0.015300000000000001,-0.0263,0.0096,-0.0194,-0.0062,-0.011000000000000001,-0.0596,-0.0449,-0.0076,-0.0262
1984-01-31,0.0129,-0.013600000000000001,0.0489,-0.0298,-0.04769999999999999,-0.0565,-0.0719,-0.005699999999999999,-0.0426,-0.040999999999999995,-0.0321,-0.0196,-0.0096,-0.0458,-0.0394,-0.0242,0.0070999999999999995,0.0084,0.0993,0.0144,0.040999999999999995,-0.081,-0.0596,-0.047,-0.042199999999999994,-0.0424,-0.0629,-0.042300000000000004,-0.0046,-0.04769999999999999
1984-02-29,-0.0397,-0.07780000000000001,-0.0768,-0.07690000000000001,-0.0776,-0.0541,-0.0168,-0.0203,-0.0706,-0.0781,-0.0669,-0.0764,-0.07429999999999999,-0.0736,-0.0665,-0.0693,0.053099999999999994,-0.0466,0.0403,-0.0334,-0.0368,-0.0649,-0.0582,-0.0453,-0.075,-0.046,-0.0436,-0.0576,-0.045899999999999996,-0.0698
1984-03-31,0.0169,-0.011899999999999999,-0.0176,0.0694,0.0582,0.025,0.006,-0.0067,0.0602,-0.018799999999999997,0.0444,0.057300000000000004,0.047400000000000005,-0.0045000000000000005,-0.0239,-0.0364,0.0401,0.025699999999999997,0.0025,-0.0031,-0.043,0.0132,0.020499999999999997,0.047,0.0152,0.031400000000000004,0.0031,0.039900000000000005,0.0208,0.006500000000000001
1984-04-30,0.0034000000000000002,0.0068000000000000005,-0.0139,-0.013000000000000001,0.0232,-0.0013,-0.0040999999999999995,0.0232,0.0116,0.0037,-0.021099999999999997,-0.0557,-0.0137,0.0316,0.011200000000000002,0.0212,-0.0613,0.0213,0.04,-0.005,0.022000000000000002,-0.0305,-0.0005,0.0018,-0.0382,-0.0075,0.0083,-0.018500000000000003,-0.011699999999999999,0.0015
1984-05-31,-0.0206,-0.003,-0.0075,-0.057999999999999996,-0.0297,-0.02,-0.0623,-0.0646,-0.06849999999999999,-0.039,-0.0913,-0.095,-0.07339999999999999,-0.0866,-0.061500000000000006,-0.0264,-0.051699999999999996,-0.0347,-0.0513,-0.0083,-0.035699999999999996,-0.053399999999999996,-0.053099999999999994,-0.0678,-0.0481,-0.0707,-0.0509,-0.032400000000000005,-0.07400000000000001,-0.0728
1984-06-30,0.0672,0.0051,0.0675,-0.002,0.08039999999999999,0.033,0.044199999999999996,0.038599999999999995,0.0015,0.0215,0.015,-0.015,-0.008199999999999999,0.0518,0.04,0.0987,-0.0962,-0.048,-0.019799999999999998,0.0044,0.12210000000000001,0.0704,0.013999999999999999,0.059699999999999996,0.024900000000000002,0.062400000000000004,0.0762,0.0741,0.022799999999999997,0.0492
1984-07-31,-0.0104,-0.019799999999999998,0.004,-0.0194,-0.0103,0.0001,-0.0495,-0.0377,-0.0231,-0.0789,-0.022799999999999997,-0.0922,-0.0519,-0.024399999999999998,0.0406,0.0341,-0.15539999999999998,-0.0949,-0.0745,-0.0001,0.0281,-0.065,-0.014499999999999999,0.0175,-0.026600000000000002,-0.0369,0.0102,-0.019,-0.0069,-0.0179
1984-08-31,0.0739,0.0572,0.098,0.1153,0.1125,0.0741,0.0958,0.10439999999999999,0.13720000000000002,0.08199999999999999,0.12789999999999999,0.1402,0.1265,0.1499,0.09699999999999999,0.1458,0.1819,0.1263,0.1402,0.07780000000000001,0.0672,0.1441,0.1374,0.1079,0.1085,0.1388,0.0908,0.0758,0.1092,0.1109
1984-09-30,0.0286,0.0040999999999999995,0.0397,-0.0381,-0.0148,-0.016200000000000003,-0.009399999999999999,-0.044199999999999996,-0.030299999999999997,-0.0292,0.0036,-0.034,-0.0168,-0.0591,0.0236,-0.0268,-0.0148,0.0015,0.0227,0.048600000000000004,0.0292,-0.0323,-0.037000000000000005,-0.043899999999999995,0.0059,-0.0022,0.0028000000000000004,-0.0111,0.0321,-0.016200000000000003
1984-10-31,0.0166,0.0473,0.0318,-0.024700000000000003,-0.0072,0.015,-0.0116,0.0166,-0.0131,0.0163,0.008199999999999999,-0.0183,-0.0304,0.0074,0.021,0.0588,-0.078,-0.0886,-0.0431,0.0335,-0.008,-0.021099999999999997,-0.0007000000000000001,0.0304,0.025,0.0066,-0.0115,0.0031,0.0125,0.0048
1984-11-30,-0.0022,0.0042,0.016399999999999998,-0.0322,0.01,-0.0083,-0.0054,-0.0008,-0.0060999999999999995,0.0015,0.0014000000000000002,-0.011899999999999999,-0.0209,-0.0431,-0.028300000000000002,-0.0557,-0.002,0.0384,-0.0104,0.030600000000000002,-0.0024,-0.044199999999999996,-0.035699999999999996,-0.0087,-0.0187,-0.0189,-0.0282,-0.0421,0.0028000000000000004,-0.0285
1984-12-31,0.024900000000000002,0.018799999999999997,0.0171,0.0132,0.048,0.028300000000000002,0.0013,0.0271,0.006,0.026600000000000002,0.0154,0.022099999999999998,0.0105,0.0452,0.0453,0.0429,-0.0754,-0.0464,-0.0054,0.0265,0.0512,0.032400000000000005,0.0241,0.024900000000000002,0.039599999999999996,0.0337,-0.0009,0.023799999999999998,0.0449,0.0323
1985-01-31,0.0085,0.046,0.0226,0.13949999999999999,0.115,0.075,0.12359999999999999,0.08310000000000001,0.0711,0.08449999999999999,0.1186,0.1061,0.11779999999999999,0.1344,0.0889,0.1011,0.1241,0.085,0.0653,0.024,0.058600000000000006,0.156,0.1186,0.0668,0.09849999999999999,0.1563,0.1275,0.10640000000000001,0.0888,0.11380000000000001
1985-02-28,0.061,0.013300000000000001,0.0984,0.0281,0.019299999999999998,0.0067,0.0176,0.036000000000000004,0.0217,0.031,0.0,-0.0043,0.0015,-0.0111,-0.0232,0.0596,-0.0262,-0.0098,0.0392,0.0137,0.0269,0.023399999999999997,-0.0173,0.0038,0.026099999999999998,0.0019,0.0236,0.0406,0.0217,0.0311
1985-03-31,0.0697,0.0455,0.0313,0.0085,0.039599999999999996,-0.0298,0.0066,0.030699999999999998,-0.021,-0.0364,-0.0481,-0.0339,-0.0429,-0.0536,-0.0489,-0.041100000000000005,0.0832,-0.0341,0.015,0.0613,0.0548,-0.0361,-0.059000000000000004,-0.0212,-0.0315,-0.0079,-0.0072,0.013000000000000001,0.0008,-0.0144
1985-04-30,-0.0182,0.0165,-0.08130000000000001,-0.006999999999999999,0.0040999999999999995,-0.010700000000000001,0.0008,-0.0177,0.0078000000000000005,-0.0292,-0.020499999999999997,-0.049800000000000004,-0.0333,-0.0241,-0.0431,-0.0333,-0.027999999999999997,-0.0242,0.038599999999999995,0.016,0.009000000000000001,-0.024399999999999998,-0.035,-0.0012,-0.0337,-0.0053,0.0027,0.0064,0.0258,-0.0154
1985-05-31,0.1159,0.08410000000000001,0.001,0.0591,0.0719,0.0463,0.0962,0.09369999999999999,0.0783,0.0366,0.06570000000000001,0.0171,0.034,0.0702,0.0753,0.08869999999999999,-0.0037,0.053899999999999997,0.0058,0.0538,0.0663,0.042800000000000005,0.0294,0.0395,0.1125,0.0521,0.11349999999999999,0.0658,0.062,0.0702
1985-06-30,0.0329,0.0385,0.0271,0.0673,0.0216,0.0259,0.0111,0.0227,0.0134,0.0364,0.0172,-0.0074,0.001,0.015300000000000001,0.0067,0.0118,-0.031,-0.048499999999999995,-0.006,0.0362,0.040999999999999995,0.0183,-0.0098,0.027999999999999997,0.0271,0.0281,0.0138,0.0034999999999999996,0.029900000000000003,0.0288
1985-07-31,-0.0292,0.0116,-0.052199999999999996,-0.008199999999999999,-0.0345,0.0253,0.0177,-0.004699999999999999,0.0412,0.037599999999999995,0.029900000000000003,0.0783,0.038900000000000004,0.042,0.013600000000000001,0.0346,0.10859999999999999,0.0365,-0.0063,-0.04650000000000001,-0.045700000000000005,0.018500000000000003,0.046,0.0381,0.037599999999999995,0.0026,-0.056900000000000006,-0.0034999999999999996,-0.0137,0.0339
1985-08-31,0.0263,0.0206,-0.0229,0.0333,-0.0182,-0.0229,0.0239,-0.008199999999999999,-0.011699999999999999,0.009000000000000001,-0.024,-0.0189,-0.025099999999999997,0.0037,-0.0227,-0.001,-0.0088,0.0169,0.0158,0.0192,0.0053,-0.0183,-0.024399999999999998,-0.0147,-0.015,-0.0102,-0.0033,-0.0192,-0.0026,-0.004
1985-09-30,0.0429,-0.0089,-0.058600000000000006,-0.0319,-0.0525,-0.0308,-0.0277,-0.0392,-0.0341,-0.0087,-0.0432,-0.045,-0.0446,-0.0332,-0.021400000000000002,-0.0801,-0.09939999999999999,0.004,-0.0131,-0.0538,-0.0408,-0.069,-0.0454,-0.038900000000000004,-0.0675,-0.0447,-0.0424,-0.0401,-0.0449,-0.0654
1985-10-31,0.0397,0.055,-0.0139,0.038599999999999995,0.0384,0.045599999999999995,0.0717,0.0287,0.050499999999999996,0.0809,0.0281,-0.0437,0.0196,0.046799999999999994,0.0183,-0.0021,-0.0248,0.0207,0.0599,0.0633,0.0416,0.0418,0.0292,0.0292,0.021099999999999997,0.0404,0.08220000000000001,0.026600000000000002,0.0767,0.0274
1985-11-30,0.0946,0.0258,0.1014,0.0649,0.0724,0.1157,0.08470000000000001,0.0956,0.058600000000000006,0.038599999999999995,0.0913,0.0601,0.075,0.07400000000000001,0.081,0.061799999999999994,0.0584,0.0235,0.0031,0.040999999999999995,0.0741,0.0864,0.0864,0.0864,0.06480000000000001,0.0876,0.0741,0.09230000000000001,0.07629999999999999,0.0731
1985-12-31,0.027000000000000003,0.1245,0.0989,0.04769999999999999,0.0684,0.0593,0.0196,0.0352,0.0666,0.0758,0.0495,0.0274,0.037200000000000004,0.031200000000000002,0.052199999999999996,0.029500000000000002,-0.033,-0.0298,-0.0268,0.049800000000000004,0.0603,0.057699999999999994,0.0849,0.0492,0.015,0.06269999999999999,0.0414,0.0391,0.0496,0.0622
1986-01-31,0.015600000000000001,-0.0098,0.0555,0.030899999999999997,0.0,-0.009399999999999999,0.048799999999999996,0.0106,0.0182,0.0313,0.018799999999999997,0.0271,0.0208,0.0022,0.0462,-0.0011,0.0321,-0.025099999999999997,-0.0684,0.0379,-0.0378,0.0024,-0.0018,0.0371,0.0571,0.026600000000000002,0.016399999999999998,0.009399999999999999,0.035,0.0316
1986-02-28,0.09359999999999999,0.0736,0.1225,0.09179999999999999,0.1297,0.10710000000000001,0.0962,0.060700000000000004,0.1207,0.1018,0.12359999999999999,0.053099999999999994,0.0875,0.0877,0.10619999999999999,0.10619999999999999,-0.0471,-0.027000000000000003,0.0091,0.0659,0.0739,0.0791,0.048,0.09609999999999999,0.0702,0.0902,0.0719,0.0962,0.0864,0.09539999999999998
1986-03-31,0.0851,0.09949999999999999,0.1158,0.0621,0.0623,0.0553,0.060700000000000004,0.1208,0.0592,0.0815,0.09970000000000001,0.0395,0.0482,0.039,0.1059,0.0605,0.0101,0.1225,0.008100000000000001,0.0398,0.0418,0.0404,-0.0017000000000000001,0.0484,0.0323,0.07200000000000001,0.0909,0.067,0.058499999999999996,0.0564
1986-04-30,0.0129,-0.028999999999999998,0.0365,0.066,-0.0115,-0.0163,-0.026099999999999998,0.0070999999999999995,0.013999999999999999,-0.0168,-0.0169,-0.0546,-0.0070999999999999995,-0.0086,-0.0728,-0.046799999999999994,-0.0509,-0.049699999999999994,0.0083,-0.0393,0.024300000000000002,0.0379,0.0366,-0.019299999999999998,-0.0256,0.0187,-0.0064,0.0452,-0.0321,-0.0161
1986-05-31,0.0791,0.0696,0.1018,0.0493,0.107,0.0458,0.0943,0.0725,0.059699999999999996,0.0408,0.0412,0.0161,0.0096,0.0159,0.0316,0.0217,0.0353,0.0171,0.0741,0.0363,0.045899999999999996,0.0377,0.006999999999999999,0.057800000000000004,0.0074,0.0542,0.1177,0.0579,0.05,0.0692
1986-06-30,0.068,0.0895,0.095,0.028300000000000002,0.0239,0.0175,0.042,0.056799999999999996,0.0011,0.051100000000000007,-0.0087,-0.0334,-0.036699999999999997,-0.0394,-0.0026,0.0126,-0.0473,-0.0368,-0.0203,0.050499999999999996,0.0538,0.001,-0.0406,0.0106,-0.0213,0.0089,0.0479,0.0194,0.0202,0.0026
1986-07-31,-0.050499999999999996,-0.032400000000000005,-0.027000000000000003,-0.1281,-0.08,-0.0786,-0.08779999999999999,-0.0536,-0.0713,-0.0733,-0.0802,-0.16260000000000002,-0.09029999999999999,-0.0707,-0.0825,-0.0872,-0.0275,-0.0354,-0.051399999999999994,0.051500000000000004,-0.0298,-0.1074,-0.07769999999999999,-0.0451,-0.0967,-0.0959,-0.0915,-0.11230000000000001,-0.0545,-0.0767
1986-08-31,0.0269,-0.0158,0.044800000000000006,0.015700000000000002,0.0265,0.0434,0.0297,0.04,0.06480000000000001,0.0106,0.0843,0.09820000000000001,0.0677,0.0818,0.06709999999999999,0.0512,0.1594,0.09119999999999999,0.1684,0.07919999999999999,0.0684,0.0572,0.0711,0.08130000000000001,0.06280000000000001,0.0233,0.014499999999999999,0.011699999999999999,0.0704,0.0814
1986-09-30,-0.12179999999999999,-0.084,-0.11220000000000001,-0.102,-0.1066,-0.0949,-0.0969,-0.126,-0.050499999999999996,-0.0654,-0.0594,0.0478,-0.062,-0.0753,-0.0692,-0.0759,0.048499999999999995,-0.046900000000000004,-0.0083,-0.0911,-0.0944,-0.0796,-0.0679,-0.0707,0.0236,-0.0862,-0.08410000000000001,-0.0812,-0.1032,-0.0964
1986-10-31,0.1074,0.079,0.10779999999999999,0.0675,0.061399999999999996,0.0818,0.08220000000000001,0.07980000000000001,0.083,0.0562,0.0579,0.0382,0.0239,0.0435,0.08070000000000001,0.016200000000000003,-0.0043,-0.0103,0.0194,0.0521,0.0463,0.0729,-0.0037,0.06480000000000001,0.0622,0.061399999999999996,0.0784,0.0672,0.0345,0.0851
1986-11-30,0.005,0.0033,-0.0009,-0.0319,0.008100000000000001,0.0625,0.0058,0.0137,0.0388,0.0867,0.0258,-0.07429999999999999,0.0207,0.030299999999999997,0.0182,0.027000000000000003,0.0204,0.0226,0.0326,0.0055000000000000005,0.0398,0.0235,0.0374,0.024,-0.003,0.012,0.0173,0.0072,-0.009399999999999999,0.027000000000000003
1986-12-31,-0.029500000000000002,-0.021099999999999997,-0.0246,-0.0508,-0.024399999999999998,0.0104,-0.0718,-0.012199999999999999,-0.037599999999999995,0.0040999999999999995,-0.0194,-0.023399999999999997,0.0007000000000000001,-0.0576,-0.0509,-0.037599999999999995,-0.0175,-0.044800000000000006,-0.0042,-0.033,-0.0371,-0.0179,-0.0375,-0.0039000000000000003,-0.056100000000000004,-0.0354,-0.0675,-0.0421,-0.0232,-0.0536
1987-01-31,0.1255,0.2208,0.21359999999999998,0.1932,0.1361,0.1421,0.1165,0.1315,0.1523,0.0682,0.1711,0.13,0.13949999999999999,0.1677,0.1907,0.0435,0.14300000000000002,0.06559999999999999,0.1423,0.09300000000000001,0.053,0.1932,0.15789999999999998,0.2011,0.0784,0.1148,0.1033,0.11130000000000001,0.1043,0.17129999999999998
1987-02-28,0.0447,0.0334,-0.028399999999999998,0.0928,0.0969,0.0388,0.1344,0.1112,0.0524,0.0641,0.0452,0.0738,0.07429999999999999,0.0493,0.035699999999999996,0.0694,0.1474,-0.0015,-0.0179,-0.0215,0.0003,0.0611,0.09570000000000001,0.0138,0.0496,0.0541,0.11689999999999999,0.099,0.0394,0.0458
1987-03-31,0.0235,0.0084,0.0075,0.0233,-0.0038,0.0206,0.011899999999999999,0.0015,0.054400000000000004,0.0206,0.044500000000000005,0.0843,0.0155,0.0006,0.0645,-0.0256,0.1859,-0.0058,0.11960000000000001,-0.0168,0.0139,0.0022,0.0264,0.039599999999999996,-0.0218,0.0158,0.0191,0.041100000000000005,-0.0148,0.0378
1987-04-30,-0.057999999999999996,0.043,-0.029300000000000003,0.0256,-0.040999999999999995,-0.024,-0.04650000000000001,-0.0245,0.0121,0.0616,-0.035699999999999996,0.0313,-0.0027,-0.0060999999999999995,0.0803,-0.1051,0.0415,-0.0113,0.0013,-0.0433,-0.024700000000000003,-0.0105,0.0466,-0.0317,-0.0129,-0.0425,-0.0242,-0.0084,-0.0495,-0.0255
1987-05-31,0.0358,-0.0461,0.012199999999999999,-0.0029,0.0415,0.0134,-0.013600000000000001,0.0125,0.0066,0.0867,-0.0259,0.0437,0.033,-0.0025,-0.0219,0.005,-0.0425,0.0466,0.03,-0.018500000000000003,0.0329,0.0147,-0.0006,-0.037599999999999995,0.0712,-0.006999999999999999,0.0054,-0.0007000000000000001,-0.0075,0.065
1987-06-30,0.0674,0.021099999999999997,0.057800000000000004,0.0508,0.083,0.052199999999999996,0.09519999999999999,0.0478,0.050300000000000004,0.0060999999999999995,0.0581,0.0356,0.0366,0.043,0.020499999999999997,0.052000000000000005,-0.0199,0.0189,0.0587,0.034,0.0695,0.022400000000000003,0.0031,0.0653,0.0553,0.0369,0.075,0.0209,0.049400000000000006,0.0009
1987-07-31,0.0305,0.0837,0.0928,0.0596,0.0861,0.050499999999999996,0.0499,0.0579,0.055999999999999994,0.044500000000000005,0.0727,0.1942,0.1152,0.046900000000000004,0.0644,0.1069,0.17670000000000002,0.054299999999999994,0.0317,-0.0167,0.0584,0.0086,0.0139,0.0433,0.04190000000000001,0.0461,0.0668,0.0268,0.0189,0.079
1987-08-31,0.0305,0.0213,0.1863,0.057,-0.0048,0.055099999999999996,0.0101,0.022099999999999998,0.025,-0.0179,0.023,-0.0433,0.013600000000000001,0.0472,0.048499999999999995,0.0102,-0.0277,0.0554,0.019,0.0371,0.0508,0.06559999999999999,0.07150000000000001,0.0666,0.0001,0.023399999999999997,0.0336,0.0253,0.0581,0.0262
1987-09-30,-0.0298,0.0079,0.0036,-0.0213,-0.0296,-0.0103,-0.0817,-0.025699999999999997,-0.0039000000000000003,-0.0086,-0.0086,0.0405,0.037000000000000005,0.022099999999999998,-0.0662,-0.0222,0.0513,-0.058600000000000006,-0.0384,-0.0231,0.0334,0.0138,-0.0349,0.0070999999999999995,-0.02,-0.0342,-0.0713,-0.0472,-0.0227,-0.0321
1987-10-31,-0.17420000000000002,-0.1813,-0.21789999999999998,-0.3247,-0.22760000000000002,-0.2162,-0.3091,-0.203,-0.2796,-0.32630000000000003,-0.2827,-0.3066,-0.3146,-0.3207,-0.27440000000000003,-0.3046,-0.3235,-0.30260000000000004,-0.18739999999999998,-0.0693,-0.1216,-0.2804,-0.2532,-0.271,-0.284,-0.2875,-0.2889,-0.2364,-0.21239999999999998,-0.2775
1987-11-30,-0.0806,-0.0481,-0.0825,-0.0815,-0.0814,-0.1033,-0.1217,-0.0931,-0.056799999999999996,-0.051699999999999996,-0.0481,0.025699999999999997,-0.0124,-0.0666,-0.0583,-0.0906,0.0704,-0.0287,-0.1073,-0.0255,-0.08900000000000001,-0.0894,-0.0986,-0.0313,-0.07719999999999999,-0.0453,-0.0956,-0.0687,-0.0719,-0.0719
1987-12-31,0.0679,0.1277,0.042800000000000005,0.1353,0.0877,0.0719,0.07780000000000001,0.0535,0.1463,0.1369,0.0863,0.10640000000000001,0.11449999999999999,0.1351,0.0959,0.0646,0.051,0.1094,0.0672,0.005600000000000001,0.0391,0.1642,0.1099,0.1079,0.071,0.10490000000000001,0.08,0.0819,0.0358,0.1251
1988-01-31,0.0345,-0.0031,0.0297,-0.0089,0.0194,0.0105,0.0828,0.0637,-0.0231,0.0143,0.0358,-0.0341,0.021400000000000002,-0.002,0.06860000000000001,0.13570000000000002,-0.08900000000000001,0.0015,0.0851,0.0977,0.1003,-0.0146,-0.023399999999999997,-0.029500000000000002,0.041299999999999996,0.0338,0.0707,0.0436,0.0883,0.0189
1988-02-29,0.0425,0.0556,0.0613,0.1038,0.0718,0.0296,0.1174,0.0421,0.0825,0.22690000000000002,0.1222,0.09630000000000001,0.10890000000000001,0.076,0.0788,0.0495,0.0812,0.08900000000000001,0.0356,-0.0141,0.0124,0.062400000000000004,0.0738,0.086,0.08710000000000001,0.0836,0.1192,0.0587,0.0308,0.0351
1988-03-31,-0.0055000000000000005,0.0068000000000000005,-0.0346,-0.0332,-0.045599999999999995,-0.0617,-0.0049,-0.024900000000000002,-0.02,0.08800000000000001,0.0132,-0.0352,0.0451,-0.042,0.015300000000000001,0.0002,0.0906,0.051699999999999996,0.026000000000000002,-0.0318,-0.039599999999999996,-0.0068000000000000005,-0.053399999999999996,-0.0326,0.0373,0.0236,-0.013600000000000001,-0.0191,-0.0258,-0.0068000000000000005
1988-04-30,0.0044,-0.0232,-0.0006,0.0286,-0.0092,0.0024,-0.0011,-0.020099999999999996,0.0178,0.0008,0.0147,0.056799999999999996,0.024399999999999998,0.0138,0.033,0.0189,0.013300000000000001,0.061399999999999996,0.0461,-0.003,0.0074,-0.0066,0.03,0.010700000000000001,-0.0168,0.0076,0.0219,0.0033,-0.0046,-0.0033
1988-05-31,0.0045000000000000005,-0.0239,-0.0384,-0.006999999999999999,0.0039000000000000003,0.018500000000000003,-0.0208,-0.0037,-0.021,0.024300000000000002,-0.013500000000000002,-0.0059,-0.0059,-0.0106,0.0086,0.0209,0.0074,-0.0008,-0.0040999999999999995,0.0362,0.023399999999999997,-0.0191,-0.0132,-0.0059,-0.015300000000000001,-0.018000000000000002,-0.014499999999999999,-0.0062,0.019799999999999998,-0.0192
1988-06-30,0.0089,0.091,0.0195,0.08439999999999999,0.060599999999999994,0.042,0.07400000000000001,0.0278,0.09630000000000001,0.0381,0.0926,0.0643,0.0588,0.0859,0.0765,0.047599999999999996,0.0167,0.0028000000000000004,-0.021099999999999997,0.0323,0.0291,0.07690000000000001,0.0926,0.12179999999999999,0.1128,0.0731,0.0676,0.055999999999999994,0.0554,0.0676
1988-07-31,0.028300000000000002,-0.0294,0.06559999999999999,-0.008100000000000001,-0.0012,0.0184,-0.0768,0.0051,-0.0385,0.0027,-0.0275,0.013600000000000001,-0.0274,-0.0391,-0.005,0.0006,-0.011899999999999999,-0.0351,0.036699999999999997,-0.0022,0.0015,-0.029500000000000002,-0.0492,-0.03,-0.0269,-0.0246,-0.0038,-0.0182,0.0025,-0.022099999999999998
1988-08-31,0.0072,0.013000000000000001,-0.0015,-0.037200000000000004,-0.0336,-0.0256,-0.0021,-0.0108,-0.042199999999999994,-0.030899999999999997,-0.037599999999999995,-0.050300000000000004,-0.054000000000000006,-0.063,-0.06559999999999999,-0.0334,-0.0455,-0.0509,-0.0146,-0.0012,-0.028999999999999998,-0.0473,-0.0821,-0.0368,-0.025099999999999997,-0.0218,-0.023,-0.0297,-0.0002,-0.0232
1988-09-30,0.053,0.1014,0.08289999999999999,0.0316,0.0711,0.044500000000000005,0.0155,0.037599999999999995,0.0208,0.0341,0.0004,0.006999999999999999,0.021,0.0616,0.0381,0.058600000000000006,-0.0333,0.0356,-0.0253,0.026699999999999998,0.0707,0.0452,0.0263,0.0348,0.0716,0.0405,0.0897,0.1007,0.0388,0.0848
1988-10-31,0.1809,0.0042,0.0039000000000000003,0.016200000000000003,0.014199999999999999,0.0236,0.0424,0.0126,0.0104,0.016200000000000003,-0.0015,0.044000000000000004,-0.0045000000000000005,-0.008,0.044000000000000004,0.0158,-0.004699999999999999,0.0199,0.0189,0.025099999999999997,0.0297,-0.005600000000000001,0.0027,-0.0062,0.0138,-0.0059,0.0217,-0.0042,-0.002,-0.0227
1988-11-30,-0.0069,-0.0004,0.0176,-0.0431,-0.0385,-0.042800000000000005,-0.0725,-0.0213,-0.0254,-0.0601,-0.023700000000000002,-0.0209,-0.0075,0.0141,-0.0006,-0.030699999999999998,0.0178,-0.059800000000000006,-0.0023,-0.005,0.0005,-0.0275,-0.0316,-0.021099999999999997,0.0034000000000000002,-0.0351,-0.026000000000000002,-0.016,-0.026000000000000002,-0.0323
1988-12-31,0.0271,0.0054,0.08449999999999999,0.0487,0.0291,0.031400000000000004,0.0455,0.0176,0.049400000000000006,0.0751,0.036699999999999997,0.042300000000000004,0.030600000000000002,0.0168,-0.0045000000000000005,-0.0026,-0.023799999999999998,0.0176,0.0183,0.0104,0.0125,0.04,0.0431,0.0353,0.0291,0.0356,0.01,0.031,-0.0016,0.0325
1989-01-31,0.0504,0.052199999999999996,0.0513,0.0924,0.076,0.056100000000000004,0.0516,0.0681,0.10439999999999999,0.09029999999999999,0.0622,0.1183,0.040999999999999995,0.07690000000000001,0.0837,0.0593,0.0077,0.16579999999999998,0.0616,0.026699999999999998,0.0836,0.0659,0.0693,0.0643,0.0951,0.0574,0.063,0.051100000000000007,0.0674,0.0512
1989-02-28,-0.0207,0.0005,-0.0070999999999999995,0.0129,-0.028399999999999998,-0.0101,0.0187,-0.0124,-0.0225,0.06570000000000001,0.0077,-0.0356,-0.0139,-0.04769999999999999,-0.0455,-0.008100000000000001,0.0717,-0.0092,-0.0129,-0.0178,-0.0137,-0.0254,-0.0387,-0.0301,-0.0058,-0.0256,-0.017,-0.0184,-0.0040999999999999995,-0.006999999999999999
1989-03-31,0.0434,0.0781,0.1025,0.0782,0.030600000000000002,0.0036,0.07400000000000001,0.049100000000000005,0.0258,0.0576,0.016399999999999998,-0.0189,0.017,-0.0101,-0.0263,0.038599999999999995,-0.0325,0.0332,0.038900000000000004,0.0055000000000000005,0.0529,-0.0086,-0.0574,0.006,-0.0105,0.0148,0.0304,0.0259,0.0482,0.0258
1989-04-30,0.053,0.0693,0.049800000000000004,0.0753,0.07150000000000001,0.0562,0.0347,0.054299999999999994,0.048499999999999995,0.0501,0.06,0.0339,0.044500000000000005,0.0781,-0.004699999999999999,0.044500000000000005,-0.0332,0.0786,0.024399999999999998,0.0397,0.09539999999999998,0.066,0.0487,0.053399999999999996,0.0567,0.0424,0.0567,0.0742,0.0385,0.055
1989-05-31,0.0379,0.0892,0.07490000000000001,0.0576,0.0204,0.018000000000000002,0.054299999999999994,0.0337,0.0083,0.0245,0.037200000000000004,0.0116,0.050499999999999996,0.1158,0.0144,0.0245,-0.0529,-0.0069,0.0274,0.0528,0.0592,0.0593,0.0195,0.0292,0.0317,0.035,0.0538,0.10710000000000001,0.0406,0.0587
1989-06-30,0.0208,-0.014499999999999999,0.0025,0.0455,0.053099999999999994,0.018500000000000003,-0.0121,-0.029500000000000002,-0.0282,-0.013500000000000002,-0.0078000000000000005,-0.0385,-0.0326,-0.0431,0.006500000000000001,-0.0454,0.0554,-0.0121,-0.0101,0.0342,0.0018,-0.021099999999999997,-0.0286,-0.038900000000000004,-0.0128,-0.0177,-0.0252,0.015700000000000002,0.009300000000000001,-0.0172
1989-07-31,0.12560000000000002,0.16649999999999998,0.1432,0.08800000000000001,0.06280000000000001,0.0722,0.0916,0.13570000000000002,0.0669,0.0722,0.0935,0.0663,0.0712,0.1105,0.0429,0.0728,-0.0092,0.025699999999999997,0.0378,0.0581,0.0913,0.0415,0.029500000000000002,0.07629999999999999,0.079,0.0584,0.10439999999999999,0.08410000000000001,0.0809,0.0977
1989-08-31,-0.0453,-0.04190000000000001,0.026000000000000002,0.0183,-0.011000000000000001,0.0246,0.0527,0.004,0.07139999999999999,0.0298,0.0317,0.0797,0.0336,0.0,0.0805,0.0316,0.0712,0.07400000000000001,0.035,-0.008,0.008,0.0217,0.0225,0.056900000000000006,0.12380000000000001,0.0166,0.0366,-0.0052,0.0199,0.0227
1989-09-30,-0.008199999999999999,0.015,0.0084,0.0212,-0.0271,-0.0407,0.0381,0.023399999999999997,-0.0341,-0.029300000000000003,-0.0177,-0.0242,-0.0231,-0.0141,-0.057,-0.0079,0.0374,0.0068000000000000005,0.013600000000000001,0.0048,0.0403,0.013000000000000001,-0.0395,-0.041100000000000005,-0.04019999999999999,-0.0197,-0.028300000000000002,-0.0042,0.0209,0.0421
1989-10-31,-0.031200000000000002,0.0166,0.0197,-0.024,-0.0751,-0.0151,-0.0542,0.0037,-0.0584,-0.0596,-0.0788,-0.09210000000000002,-0.0535,-0.028900000000000002,-0.0659,-0.0479,-0.001,-0.0524,0.0078000000000000005,0.0101,-0.0196,-0.04019999999999999,-0.050300000000000004,-0.0276,-0.1047,-0.0454,-0.0437,-0.0273,-0.0409,-0.0341
1989-11-30,0.0359,0.0375,-0.0028000000000000004,0.015700000000000002,-0.0070999999999999995,0.011000000000000001,-0.019799999999999998,0.045599999999999995,0.024900000000000002,0.015300000000000001,0.0327,0.023399999999999997,0.04769999999999999,0.09519999999999999,-0.0194,-0.0031,0.115,0.0637,0.0398,0.032400000000000005,0.021099999999999997,-0.0137,-0.0263,0.032,-0.0052,0.0049,0.0098,0.0177,-0.005,-0.0302
1989-12-31,0.0349,0.016,-0.0049,-0.0649,0.006500000000000001,0.022799999999999997,-0.0189,0.0104,0.0426,0.0038,0.003,0.0059,0.0187,0.039900000000000005,-0.023799999999999998,-0.0008,0.0158,0.0338,0.0602,0.048,0.058499999999999996,0.0177,-0.014499999999999999,0.0363,0.0262,0.031,0.0058,-0.0060999999999999995,-0.025099999999999997,0.0583
1990-01-31,-0.10289999999999999,-0.0902,-0.08650000000000001,-0.0866,-0.0951,-0.0779,-0.094,-0.073,-0.07339999999999999,-0.1017,-0.0587,-0.08779999999999999,-0.034,-0.0383,-0.0339,-0.0409,0.046900000000000004,-0.0304,-0.042800000000000005,-0.0535,-0.1304,-0.0611,-0.009399999999999999,-0.0764,-0.0848,-0.0766,-0.055999999999999994,-0.1252,-0.0962,-0.0833
1990-02-28,-0.004699999999999999,0.0048,-0.0256,0.0173,-0.0043,0.0014000000000000002,0.0197,-0.0208,0.025699999999999997,0.019799999999999998,0.0394,0.0332,0.051500000000000004,0.0176,0.061200000000000004,0.0443,-0.0042,0.0721,0.030899999999999997,0.0021,-0.0026,0.0446,0.0353,0.018799999999999997,0.0576,0.0233,0.0209,0.0045000000000000005,0.022799999999999997,0.0139
1990-03-31,0.0527,0.0622,0.06849999999999999,0.0168,-0.0046,0.0415,0.0754,0.038,0.0143,0.0231,0.0365,0.0629,0.037000000000000005,0.0412,0.0356,0.0828,-0.055999999999999994,0.0557,-0.0062,-0.0075,0.042199999999999994,0.0558,0.040999999999999995,0.0233,0.0285,0.0338,0.060599999999999994,-0.0032,-0.016,0.0479
1990-04-30,-0.0023,0.0232,0.04769999999999999,0.0044,-0.06269999999999999,-0.019,-0.0113,0.0034000000000000002,-0.0345,-0.0259,-0.035699999999999996,-0.0702,-0.0246,-0.0072,-0.0453,-0.0555,-0.08839999999999999,-0.0911,-0.0354,-0.0552,-0.0329,-0.0276,-0.0146,-0.0274,-0.0398,-0.0219,-0.0168,-0.053200000000000004,-0.04190000000000001,0.0134
1990-05-31,0.0882,0.1592,0.011200000000000002,0.1322,0.0984,0.09849999999999999,0.07719999999999999,0.1281,0.0738,0.0416,0.0989,0.0738,0.060599999999999994,0.09960000000000001,0.0805,0.1066,0.0774,0.1318,0.0601,0.054299999999999994,0.092,0.12140000000000001,0.1164,0.0592,0.046,0.09,0.1188,0.1306,0.0926,0.106
1990-06-30,0.0235,0.0102,0.0915,-0.0387,-0.012,0.020099999999999996,-0.0213,0.044199999999999996,-0.0226,-0.048600000000000004,-0.030299999999999997,-0.0146,-0.0197,0.0002,-0.029300000000000003,0.0034999999999999996,-0.057999999999999996,-0.0666,-0.0202,0.0075,-0.047400000000000005,0.0264,-0.02,-0.0012,-0.0159,0.0027,0.0169,0.0116,-0.0189,0.0143
1990-07-31,0.006,0.0001,0.0564,-0.0784,-0.0553,-0.0183,-0.049699999999999994,0.026699999999999998,0.0087,-0.012,0.022099999999999998,0.0571,-0.0187,0.0154,-0.027000000000000003,-0.027200000000000002,0.10550000000000001,-0.009000000000000001,0.0837,0.009000000000000001,-0.044199999999999996,-0.0836,-0.0652,0.013500000000000002,-0.0248,-0.0414,-0.0371,-0.0733,-0.0472,-0.0262
1990-08-31,-0.0716,-0.049,-0.030600000000000002,-0.153,-0.0942,-0.0906,-0.1666,-0.0665,-0.129,-0.14029999999999998,-0.1246,-0.10220000000000001,-0.1316,-0.13470000000000001,-0.1458,-0.13269999999999998,-0.067,-0.11019999999999999,-0.0124,-0.0664,-0.1038,-0.1024,-0.1222,-0.1104,-0.12869999999999998,-0.09699999999999999,-0.1268,-0.1249,-0.1099,-0.1091
1990-09-30,-0.015600000000000001,-0.0666,0.009300000000000001,-0.0394,-0.0638,-0.0747,-0.1294,-0.0432,-0.0665,-0.1704,-0.08869999999999999,-0.061399999999999996,-0.0993,-0.10099999999999999,-0.1107,-0.1012,-0.0174,0.0344,-0.0165,0.0048,0.0182,-0.0796,-0.0616,-0.0725,-0.0775,-0.0521,-0.09359999999999999,-0.1243,-0.1142,-0.08529999999999999
1990-10-31,0.0313,0.0751,0.0644,-0.0137,-0.0384,0.0199,-0.0719,0.0146,0.005600000000000001,-0.1099,-0.06849999999999999,-0.1142,-0.10279999999999999,-0.0302,-0.027200000000000002,0.028900000000000002,-0.1679,-0.095,-0.0394,0.0722,0.0302,-0.0213,-0.0382,-0.0015,-0.0252,-0.036000000000000004,-0.0304,-0.036699999999999997,-0.0716,-0.029500000000000002
1990-11-30,0.053899999999999997,0.0526,0.0797,0.1222,0.10439999999999999,0.0756,0.1551,0.0968,0.10099999999999999,0.0851,0.0852,0.029300000000000003,0.0901,0.0638,0.029500000000000002,0.0219,-0.0196,-0.0443,0.016399999999999998,0.0231,0.0212,0.10369999999999999,0.1047,0.0681,0.054000000000000006,0.0617,0.1175,0.08529999999999999,0.1429,0.021
1990-12-31,0.0467,0.0236,0.0536,0.0273,0.0601,0.0332,0.079,0.0287,0.0342,0.0833,0.0279,0.0795,0.049,0.0552,-0.0125,0.039,0.10279999999999999,0.0209,-0.0206,0.0079,0.0151,0.0526,0.0393,0.0682,0.0526,0.0451,0.0288,0.049800000000000004,0.0554,0.0635
1991-01-31,0.0318,0.04650000000000001,0.0268,0.0492,0.0888,0.0079,0.1827,0.0478,0.0567,0.1106,0.09210000000000002,0.0817,0.063,0.11560000000000001,0.0737,0.0666,-0.0934,-0.039,-0.0203,-0.0137,0.0002,0.1381,0.1436,0.0545,0.12390000000000001,0.0344,0.11720000000000001,0.0108,0.0722,0.1024
1991-02-28,0.11939999999999999,0.10869999999999999,0.07719999999999999,0.10949999999999999,0.0342,0.0625,0.1578,0.1016,0.0605,0.1191,0.1274,0.0668,0.0756,0.0707,0.10490000000000001,0.015700000000000002,0.07980000000000001,0.1317,0.08539999999999999,0.0484,0.030299999999999997,0.0565,0.059800000000000006,0.0521,0.055999999999999994,0.0868,0.07690000000000001,0.1573,0.1082,0.0473
1991-03-31,0.060700000000000004,0.057,0.0137,-0.0155,0.012,0.0414,0.0462,0.062400000000000004,-0.0025,0.034300000000000004,-0.0078000000000000005,0.0052,-0.0174,0.022000000000000002,-0.0055000000000000005,0.0024,-0.0143,-0.036699999999999997,0.0132,0.0172,0.023,0.0464,-0.0060999999999999995,0.0168,-0.0178,0.0313,0.09380000000000001,0.09720000000000001,0.0583,0.0044
1991-04-30,-0.0089,-0.04019999999999999,-0.0348,-0.0286,0.0246,-0.014499999999999999,0.015,-0.0121,0.0331,0.0275,-0.012199999999999999,-0.0013,-0.0265,0.0097,-0.0273,-0.005699999999999999,0.0034999999999999996,0.06,0.0239,-0.0005,0.0113,-0.0078000000000000005,-0.0301,0.0192,0.038,0.018600000000000002,0.026099999999999998,-0.0178,0.0178,-0.001
1991-05-31,0.028399999999999998,0.0383,0.039599999999999996,0.0394,0.045700000000000005,0.04,0.0235,0.0447,0.1003,0.045700000000000005,0.066,0.0424,0.0836,0.10460000000000001,0.1611,0.061399999999999996,0.021400000000000002,-0.0735,-0.0139,0.0015,-0.0146,0.048600000000000004,0.0347,0.0901,0.0789,0.06509999999999999,0.0825,0.06280000000000001,0.0467,0.045700000000000005
1991-06-30,-0.0421,-0.0575,-0.0637,-0.0429,-0.0738,-0.0754,-0.0282,-0.04190000000000001,-0.032400000000000005,0.014499999999999999,-0.0658,-0.047400000000000005,-0.0664,-0.046900000000000004,-0.0277,-0.0351,0.0794,0.0356,-0.037000000000000005,-0.023700000000000002,-0.0149,-0.0596,-0.0919,-0.028999999999999998,-0.0524,-0.0273,-0.044000000000000004,-0.0724,-0.053399999999999996,-0.056299999999999996
1991-07-31,0.054900000000000004,0.091,0.07429999999999999,0.043899999999999995,0.019,0.049400000000000006,0.037200000000000004,0.0851,0.0492,0.105,0.04769999999999999,0.0446,0.0121,0.0037,-0.013600000000000001,0.057800000000000004,-0.024,-0.013000000000000001,0.0507,0.04,0.0311,0.046,0.0415,0.0002,0.057300000000000004,0.056600000000000004,0.056299999999999996,0.0121,0.0575,0.022400000000000003
1991-08-31,0.0635,0.059500000000000004,0.0696,-0.0016,0.022000000000000002,0.0438,0.0861,0.029500000000000002,0.0076,0.0042,0.026099999999999998,0.0079,0.0046,0.0203,-0.0348,0.0275,-0.0722,0.0373,0.0161,0.0352,0.0066,0.054400000000000004,0.0137,0.0102,0.0148,-0.0168,0.049400000000000006,0.0054,0.0446,0.0253
1991-09-30,-0.0346,-0.0463,-0.0207,-0.0025,-0.0415,0.0086,0.0276,-0.0033,-0.0315,0.042300000000000004,-0.049,-0.0333,-0.029900000000000003,-0.0591,-0.0233,-0.0004,0.0408,-0.0039000000000000003,-0.0069,0.037200000000000004,0.0037,0.011399999999999999,-0.0213,-0.0154,-0.0032,-0.0207,-0.0415,0.0196,-0.0025,-0.0322
1991-10-31,-0.012199999999999999,0.0209,-0.0574,0.026699999999999998,0.0036,0.0115,-0.0437,0.0653,0.0176,-0.0132,-0.0245,-0.009399999999999999,-0.0086,0.005,-0.023799999999999998,0.0323,0.0175,0.048499999999999995,0.0204,0.0125,0.019299999999999998,0.0636,0.0013,0.0409,0.07,0.0269,-0.031200000000000002,0.0209,0.020499999999999997,0.0104
1991-11-30,-0.0011,0.030299999999999997,-0.0334,-0.0693,-0.0479,-0.020099999999999996,-0.0353,-0.0253,-0.0588,-0.0475,-0.0424,-0.0771,-0.0916,-0.058499999999999996,-0.0882,-0.0591,0.0091,-0.1097,-0.0774,0.019,-0.0475,-0.0263,-0.0501,-0.0695,-0.0858,-0.039,-0.0044,-0.0435,-0.052199999999999996,-0.026699999999999998
1991-12-31,0.1531,0.1543,0.149,0.0809,0.1233,0.121,0.15130000000000002,0.166,0.10289999999999999,0.1341,0.1656,0.07,0.0888,0.18109999999999998,0.0596,0.09960000000000001,-0.006500000000000001,0.0089,0.0215,0.0501,0.09849999999999999,0.1424,0.0705,0.0974,0.14300000000000002,0.1152,0.1331,0.1268,0.13369999999999999,0.1344
1992-01-31,-0.0545,-0.030600000000000002,-0.0493,0.1162,0.024,0.0785,0.0378,-0.054400000000000004,0.0105,0.10099999999999999,0.0429,0.032400000000000005,0.0593,-0.0116,0.1069,0.0406,0.07780000000000001,-0.09380000000000001,-0.041100000000000005,-0.045700000000000005,-0.0288,0.0296,0.0735,0.0179,-0.0111,-0.0176,-0.0039000000000000003,0.10300000000000001,0.008,0.026699999999999998
1992-02-29,-0.0079,0.0149,0.0024,0.1043,0.056299999999999996,-0.013000000000000001,0.0219,-0.0274,0.0281,0.0825,0.0108,0.0706,0.047,0.0344,0.1445,-0.032,-0.0111,0.0665,-0.0058,-0.0124,-0.014499999999999999,0.0268,0.044500000000000005,0.03,0.051100000000000007,0.0315,0.0296,-0.0005,0.0292,0.004
1992-03-31,-0.0296,0.0138,-0.0383,-0.013300000000000001,-0.01,-0.02,-0.0395,-0.0553,0.0074,0.0384,-0.0381,-0.013000000000000001,-0.018600000000000002,-0.030899999999999997,0.0144,-0.0083,-0.08929999999999999,-0.0489,-0.0271,-0.0053,-0.0087,-0.043899999999999995,-0.049400000000000006,-0.0007000000000000001,-0.0241,-0.0043,-0.013600000000000001,-0.0139,-0.009000000000000001,-0.0814
1992-04-30,-0.0131,0.0191,0.0786,-0.0196,0.0504,0.0111,-0.0526,-0.023,0.063,0.0128,0.0034999999999999996,0.0369,0.0179,-0.0003,0.1117,0.026600000000000002,-0.0217,-0.0546,0.09539999999999998,0.0269,0.071,-0.036000000000000004,0.002,0.037000000000000005,0.0268,-0.0106,-0.0461,0.03,0.0095,-0.001
1992-05-31,0.008,0.0361,0.0014000000000000002,0.02,-0.0015,0.0031,-0.013500000000000002,0.0111,-0.0088,-0.019799999999999998,0.0052,0.0096,-0.0055000000000000005,-0.0028000000000000004,-0.019,-0.0219,0.0867,-0.0034000000000000002,0.0317,0.0254,-0.026099999999999998,0.0161,-0.0075,-0.0089,-0.0033,0.015700000000000002,-0.0018,0.0108,0.025099999999999997,-0.050199999999999995
1992-06-30,-0.0002,-0.055,-0.0928,-0.0369,-0.032799999999999996,-0.0642,-0.0504,-0.0478,-0.046799999999999994,-0.0733,-0.0558,0.019299999999999998,-0.0572,0.012,0.0454,-0.0484,0.08900000000000001,-0.09720000000000001,-0.0346,0.0054,0.0149,-0.055999999999999994,-0.0271,-0.0128,-0.0398,-0.031400000000000004,-0.0178,-0.0229,0.0121,-0.044500000000000005
1992-07-31,0.0537,0.0455,0.0461,0.0183,0.030699999999999998,0.0677,0.0555,0.0579,0.042,0.0719,0.051100000000000007,-0.0014000000000000002,0.0273,-0.005699999999999999,-0.0092,0.028999999999999998,0.0006,0.0643,0.0528,0.0673,0.0546,0.0322,0.026699999999999998,-0.0101,0.0083,0.0417,0.0426,0.0052,0.0345,0.0572
1992-08-31,0.019,0.0127,-0.0021,-0.022400000000000003,-0.0111,-0.028900000000000002,-0.0106,-0.0346,-0.0481,-0.0146,0.0004,-0.0916,-0.0356,-0.0281,-0.1108,-0.0451,-0.0504,-0.012,0.0256,-0.004699999999999999,-0.0097,-0.0177,-0.053200000000000004,-0.032400000000000005,-0.059500000000000004,-0.0202,0.0011,-0.027999999999999997,-0.033,-0.0305
1992-09-30,0.0268,-0.021099999999999997,0.0137,0.0562,-0.0063,0.0339,0.0546,-0.048600000000000004,0.0005,0.023,0.0291,-0.0049,0.015600000000000001,0.0677,-0.0177,-0.0218,-0.0029,0.1317,0.0007000000000000001,0.0083,0.0191,0.038,0.023799999999999998,0.009899999999999999,0.0414,0.025,0.0434,0.0588,0.033,0.049699999999999994
1992-10-31,-0.0268,0.020499999999999997,-0.0421,0.0414,0.008199999999999999,0.025,0.0092,0.0334,0.0079,0.0014000000000000002,0.0089,0.0154,-0.0053,-0.0134,0.0027,0.0358,-0.0579,0.0002,-0.0352,-0.0042,-0.0055000000000000005,0.0611,-0.0003,0.025099999999999997,0.0601,0.0275,0.0449,0.0374,0.0281,0.0152
1992-11-30,0.0363,0.0070999999999999995,0.0197,0.07780000000000001,0.0725,0.0438,0.10490000000000001,0.0484,0.0219,0.057300000000000004,0.0203,0.0709,0.028900000000000002,0.0828,0.0816,0.0131,-0.0693,-0.105,-0.0269,-0.0023,0.0388,0.0545,0.0677,0.0416,0.054400000000000004,0.0653,0.0697,0.0866,0.0658,0.068
1992-12-31,-0.0097,0.028900000000000002,-0.028399999999999998,0.0248,-0.0059,-0.0105,-0.0095,-0.013500000000000002,0.0095,0.0513,-0.0026,0.0404,0.0191,0.0253,0.0318,0.0868,0.0364,-0.0015,0.020099999999999996,0.0271,0.0564,0.0051,0.0032,-0.0027,0.0137,0.0279,0.0022,-0.0032,0.046,0.0296
1993-01-31,-0.030899999999999997,0.0086,-0.0575,0.062400000000000004,0.028999999999999998,0.0233,-0.0138,-0.0687,-0.022799999999999997,0.0253,0.0096,0.0653,0.0356,0.009399999999999999,0.0974,-0.0356,-0.031200000000000002,-0.0365,0.0279,0.0246,0.013300000000000001,0.028900000000000002,0.051,0.005600000000000001,0.0285,0.0226,-0.0027,0.0111,0.037200000000000004,0.0068000000000000005
1993-02-28,-0.021400000000000002,-0.023700000000000002,-0.0317,-0.0451,0.0,0.0344,-0.0684,-0.0901,0.009899999999999999,0.0325,0.061200000000000004,-0.0052,0.0348,-0.0216,-0.0005,0.0197,0.0447,-0.0191,0.0604,0.0623,0.055999999999999994,-0.0262,0.0075,0.0054,0.004699999999999999,-0.016200000000000003,-0.0171,-0.0014000000000000002,0.0091,-0.0174
1993-03-31,-0.0227,0.0246,-0.0089,0.0401,0.011899999999999999,0.011000000000000001,0.0483,0.0073,0.0212,0.0277,0.0165,-0.0078000000000000005,0.024700000000000003,0.061500000000000006,0.061399999999999996,0.0348,0.11460000000000001,-0.019,0.041100000000000005,0.0176,0.0335,0.03,0.0151,-0.015700000000000002,0.0409,0.022400000000000003,0.028999999999999998,0.0401,0.043,0.0083
1993-04-30,-0.12179999999999999,-0.09179999999999999,-0.1586,-0.0288,-0.0218,-0.0513,-0.0591,0.0129,0.0334,-0.047,-0.0202,-0.022099999999999998,0.030600000000000002,-0.0022,0.0392,0.0172,0.0265,-0.046900000000000004,0.011200000000000002,-0.0015,-0.0288,-0.0504,-0.0269,0.0021,0.0044,-0.0365,-0.0928,-0.0637,-0.0378,-0.033
1993-05-31,0.025699999999999997,0.0318,0.0479,0.1081,0.0229,0.013999999999999999,0.0288,0.036000000000000004,0.0169,0.0002,0.0148,0.0424,0.0401,0.029900000000000003,0.0042,0.048600000000000004,0.0617,0.0819,0.0181,-0.0004,0.0416,0.061200000000000004,0.09230000000000001,0.0040999999999999995,0.0253,0.049100000000000005,0.0592,0.0722,0.004,0.0318
1993-06-30,-0.0169,0.0202,-0.0027,-0.0151,-0.0115,0.0183,-0.1114,-0.0298,-0.04190000000000001,-0.0462,-0.0045000000000000005,0.0121,0.0147,0.028300000000000002,0.0401,0.0137,0.0313,-0.0433,-0.0109,0.0319,0.0464,0.0008,-0.0048,-0.019,-0.0127,-0.0037,-0.0344,-0.042300000000000004,0.0391,-0.009899999999999999
1993-07-31,-0.0447,0.0004,-0.04650000000000001,-0.0141,0.009000000000000001,-0.0213,-0.04769999999999999,-0.059800000000000006,0.0106,-0.029300000000000003,-0.0026,-0.021099999999999997,-0.0019,0.021,0.025099999999999997,0.0344,0.0698,0.0695,0.0046,0.0194,0.021400000000000002,-0.0346,-0.0281,-0.0254,0.0375,0.0132,0.0012,0.0227,0.0241,-0.0278
1993-08-31,0.0575,0.0215,-0.0128,0.0737,0.0344,0.037000000000000005,0.025,0.030299999999999997,0.032799999999999996,0.0917,0.0512,0.0288,0.0814,0.0049,-0.008199999999999999,0.0332,-0.0832,0.0592,0.042800000000000005,0.037000000000000005,0.0525,0.038599999999999995,0.0783,0.0236,0.0433,0.0453,0.0364,0.0484,0.031200000000000002,0.0634
1993-09-30,-0.023799999999999998,-0.015,-0.038599999999999995,0.0663,-0.011399999999999999,-0.0168,-0.0354,0.0084,-0.0236,-0.0315,-0.0125,-0.043899999999999995,-0.0148,-0.0127,0.009300000000000001,-0.0067,-0.08800000000000001,0.0655,0.013300000000000001,-0.0064,-0.0048,0.0383,-0.0005,-0.0263,-0.011000000000000001,-0.0079,-0.005,0.013999999999999999,0.023799999999999998,-0.014199999999999999
1993-10-31,0.08460000000000001,0.021099999999999997,0.0984,0.029900000000000003,0.0717,0.0758,0.0645,0.0593,0.0259,0.0204,0.0274,0.0388,0.032799999999999996,0.013500000000000002,0.0946,0.0076,0.07400000000000001,-0.0073,-0.0196,-0.0197,0.0242,0.029300000000000003,0.011899999999999999,-0.0045000000000000005,0.0323,0.025,0.0458,0.0662,-0.0379,-0.0366
1993-11-30,0.0069,-0.0045000000000000005,0.0591,-0.0286,0.0015,0.014199999999999999,0.0196,0.0098,0.011699999999999999,0.0023,0.0294,0.0072,-0.0216,0.0022,0.0155,0.0199,-0.0265,-0.003,-0.0599,-0.0552,-0.0596,-0.0202,-0.0007000000000000001,0.0687,0.015600000000000001,-0.011000000000000001,0.0163,-0.0058,-0.0384,-0.005699999999999999
1993-12-31,-0.0002,0.042699999999999995,-0.009399999999999999,0.0049,0.0362,0.0176,0.006500000000000001,0.0232,0.0297,0.0027,0.0149,0.0674,0.0449,0.0655,0.0443,0.0655,0.12,0.047599999999999996,0.0059,0.0161,-0.0053,0.0106,0.0415,0.0329,0.021099999999999997,0.0294,-0.0393,0.0582,0.0225,0.030600000000000002
1994-01-31,0.0181,-0.0495,0.1023,0.0433,-0.0060999999999999995,0.024700000000000003,-0.0003,0.0174,0.0796,-0.0693,0.0338,0.1039,0.0605,0.0218,0.08800000000000001,0.022799999999999997,0.0091,-0.0336,0.0489,-0.012,0.0217,0.0374,0.0455,0.0655,0.0473,0.0278,0.0014000000000000002,0.0562,0.041100000000000005,0.056100000000000004
1994-02-28,-0.0216,0.0163,-0.07150000000000001,-0.0083,-0.0304,-0.011399999999999999,0.0292,-0.0542,-0.0091,0.0040999999999999995,-0.0149,-0.030699999999999998,0.0096,-0.0152,-0.049800000000000004,0.0191,-0.006500000000000001,-0.0203,-0.0296,-0.049800000000000004,-0.055,0.0051,0.016,-0.0195,-0.0452,-0.0087,0.0278,0.0144,-0.0403,-0.0377
1994-03-31,-0.0426,-0.032,-0.1105,-0.1003,-0.044000000000000004,-0.0501,-0.0044,-0.0675,-0.0317,-0.0069,-0.0562,-0.0564,-0.0337,-0.0429,-0.0689,-0.0421,0.0253,-0.0993,-0.0356,-0.0394,-0.0361,-0.045,-0.036699999999999997,-0.06269999999999999,-0.0603,-0.0564,-0.0435,-0.0832,-0.032400000000000005,-0.053
1994-04-30,0.0098,0.0182,0.11259999999999999,-0.026699999999999998,-0.0146,0.0163,-0.013600000000000001,0.0225,0.025699999999999997,0.0286,-0.0027,-0.009399999999999999,-0.0147,-0.0353,-0.0007000000000000001,-0.0052,-0.1043,-0.0038,0.042,0.0213,0.0159,0.0053,-0.024300000000000002,-0.0086,-0.0028000000000000004,-0.0052,0.0027,0.0137,0.025099999999999997,0.018000000000000002
1994-05-31,-0.0074,-0.0219,-0.0684,0.0139,0.011200000000000002,0.0097,-0.0218,0.0431,0.0358,-0.0528,0.0084,0.0349,-0.023700000000000002,0.0305,-0.0196,0.0313,0.0149,-0.0177,0.009399999999999999,-0.0536,0.0163,0.0415,0.0063,0.028900000000000002,-0.020099999999999996,0.0053,-0.0254,-0.0034999999999999996,0.0436,-0.013600000000000001
1994-06-30,0.008,-0.0458,0.0311,-0.0466,-0.0425,-0.0323,-0.0274,-0.0342,-0.0265,-0.0555,-0.0321,0.0076,-0.021099999999999997,-0.0493,-0.034300000000000004,-0.019799999999999998,-0.031,0.0555,-0.027200000000000002,-0.0315,0.0062,-0.045,-0.050300000000000004,-0.0189,-0.022000000000000002,-0.0412,-0.016200000000000003,-0.0679,-0.0258,-0.0084
1994-07-31,0.023700000000000002,0.055099999999999996,0.0553,0.0223,0.0194,0.0277,0.030299999999999997,0.011000000000000001,0.0415,-0.013999999999999999,0.043,0.07200000000000001,0.0394,0.0719,0.0409,0.0019,0.006,-0.0079,0.0327,0.0519,0.031,0.0101,0.0509,0.062,0.015600000000000001,0.02,0.0102,-0.0042,0.0281,0.0241
1994-08-31,0.0737,0.0518,0.0978,0.0316,0.0359,0.07,0.0527,0.10869999999999999,0.061,0.0492,0.046900000000000004,0.054400000000000004,0.0437,0.0045000000000000005,-0.0163,0.0473,0.048499999999999995,0.0555,-0.0011,0.0066,0.0102,0.079,0.0922,0.0548,0.019299999999999998,0.034,0.043899999999999995,0.0417,0.0354,0.042699999999999995
1994-09-30,0.0025,0.0252,-0.0281,-0.0245,-0.030600000000000002,-0.013999999999999999,-0.0233,0.0171,-0.011000000000000001,-0.057,-0.0298,0.0032,-0.0304,-0.0179,-0.0553,-0.052300000000000006,0.0605,-0.0013,-0.021,-0.0279,-0.0115,0.0058,-0.009899999999999999,0.0055000000000000005,-0.0689,-0.006,-0.0253,-0.0378,-0.047599999999999996,-0.0348
1994-10-31,0.022400000000000003,0.0375,-0.0242,0.0058,0.0097,0.0147,0.016399999999999998,0.0091,0.0012,0.0124,-0.0078000000000000005,-0.0401,0.0361,0.0087,-0.0154,0.0204,-0.0906,-0.032400000000000005,0.07429999999999999,0.0159,-0.0013,0.0547,0.0694,-0.032799999999999996,0.0223,-0.0006,0.013000000000000001,0.04,0.0032,0.0111
1994-11-30,-0.0208,0.0086,-0.020099999999999996,-0.0161,-0.0248,-0.0213,-0.04190000000000001,0.0043,-0.0738,-0.0294,-0.0496,-0.0863,-0.0708,-0.0556,-0.050300000000000004,-0.0294,-0.09849999999999999,-0.0834,-0.0484,0.0028000000000000004,-0.0542,-0.03,-0.022799999999999997,-0.044500000000000005,-0.044500000000000005,-0.0391,-0.024700000000000003,-0.0558,-0.0536,-0.061399999999999996
1994-12-31,0.0155,0.019,-0.0204,0.0255,0.0268,0.009000000000000001,0.0095,0.005699999999999999,0.0375,0.011200000000000002,0.009399999999999999,0.043899999999999995,0.0187,0.0891,0.04769999999999999,0.0524,0.0255,0.0571,-0.0101,0.0034999999999999996,0.0086,0.0222,0.0275,0.0359,-0.0024,0.0165,-0.0471,0.013000000000000001,0.0134,0.0298
1995-01-31,0.0232,0.0282,0.045899999999999996,0.0608,0.0032,0.0271,-0.0387,0.060599999999999994,-0.0274,-0.011699999999999999,0.0151,-0.0637,-0.0048,0.009300000000000001,-0.061,0.0013,-0.0666,-0.0327,0.0038,0.0622,0.0416,-0.0092,-0.0059,-0.0102,0.0334,0.009399999999999999,0.008100000000000001,0.0692,0.056299999999999996,0.0223
1995-02-28,0.0124,0.0487,-0.0125,0.04019999999999999,0.0542,0.0329,0.027200000000000002,0.0232,0.059500000000000004,0.0253,0.0541,0.0319,0.0548,0.058499999999999996,0.049699999999999994,0.0616,0.0464,-0.06509999999999999,0.0452,0.008199999999999999,0.0151,0.062400000000000004,0.0665,0.083,0.0731,0.05,0.0209,0.0349,0.049100000000000005,0.0059
1995-03-31,0.0368,0.024399999999999998,0.0593,0.0401,0.0127,0.019,0.016,0.0277,0.0567,-0.028399999999999998,0.0067,0.0227,0.06,-0.0025,0.0167,0.0746,0.1183,0.024900000000000002,0.0528,-0.0175,0.0024,0.050199999999999995,0.0432,0.0275,0.0319,0.022000000000000002,0.04019999999999999,0.0222,0.0118,0.0339
1995-04-30,0.0393,0.0322,-0.0433,0.0166,-0.0208,0.0379,-0.0159,0.03,0.030899999999999997,0.0084,0.0255,0.0018,0.0433,0.029300000000000003,0.0253,0.039,-0.017,-0.0584,0.022400000000000003,0.023799999999999998,0.016200000000000003,0.039599999999999996,0.0928,0.0089,0.0265,0.0311,-0.035699999999999996,0.0222,0.0179,0.0134
1995-05-31,0.0323,0.08380000000000001,0.0392,0.0231,0.0405,0.0258,0.003,0.0163,0.031400000000000004,0.0392,0.022000000000000002,0.0161,0.0375,0.0308,0.055099999999999996,0.0548,-0.0127,0.0179,0.0408,0.0604,0.0091,0.0036,0.0334,0.0206,-0.0058,0.0215,0.027999999999999997,0.0382,0.0622,0.04650000000000001
1995-06-30,0.027200000000000002,-0.0009,-0.0091,0.009300000000000001,0.026600000000000002,-0.0021,0.048600000000000004,0.044800000000000006,0.0134,-0.015300000000000001,0.037599999999999995,0.0703,0.0288,-0.0055000000000000005,0.0102,0.0492,0.0054,0.023399999999999997,-0.030899999999999997,-0.0046,0.0387,0.0768,0.1015,0.039599999999999996,0.0436,0.0446,0.0513,0.027200000000000002,0.0177,0.0253
1995-07-31,-0.0084,0.023700000000000002,-0.036000000000000004,0.041299999999999996,0.0331,-0.009399999999999999,0.07150000000000001,0.0547,0.0287,0.0425,0.0281,0.0682,0.08310000000000001,0.036699999999999997,0.0245,0.0658,0.059500000000000004,-0.0063,0.023,-0.0037,0.0507,0.048600000000000004,0.0873,0.021400000000000002,0.0922,0.030699999999999998,0.0409,0.018799999999999997,0.042,0.0617
1995-08-31,0.0134,-0.0161,0.0454,-0.0015,0.0233,0.008100000000000001,0.0077,0.0103,-0.0036,-0.0104,0.0105,-0.0062,-0.010700000000000001,0.0006,0.003,-0.013300000000000001,0.0064,0.0507,-0.016,0.009899999999999999,0.0438,0.0131,-0.0016,0.008199999999999999,0.0034000000000000002,-0.011699999999999999,-0.0346,-0.0315,0.052000000000000005,-0.021400000000000002
1995-09-30,0.0821,0.0924,0.0297,-0.019,0.0256,0.053899999999999997,0.0403,0.0738,0.0276,-0.032799999999999996,0.0241,-0.049699999999999994,-0.0252,0.061200000000000004,-0.0040999999999999995,0.053099999999999994,0.0013,0.011200000000000002,0.0129,0.063,0.0575,0.0235,0.0129,-0.0069,0.0278,0.0049,0.0335,0.026600000000000002,0.057699999999999994,-0.0165
1995-10-31,0.0033,0.0391,0.028399999999999998,-0.032400000000000005,-0.0327,0.027200000000000002,-0.035,0.0103,-0.0555,-0.0932,-0.012,-0.061500000000000006,-0.034300000000000004,-0.005699999999999999,-0.0555,-0.0192,-0.0967,-0.1304,-0.0023,0.0148,0.0015,0.0362,0.0003,-0.0315,-0.017,-0.009000000000000001,-0.0814,0.0118,-0.0192,-0.040999999999999995
1995-11-30,0.0397,0.0481,0.0308,0.021400000000000002,0.0666,0.062400000000000004,0.0009,0.0493,0.0655,0.073,0.0473,0.0857,0.0495,0.056299999999999996,0.054400000000000004,0.0889,0.0928,0.0241,0.048,0.0158,0.0279,0.029500000000000002,-0.0141,0.0642,0.0622,0.03,0.0692,0.056100000000000004,0.0674,0.054900000000000004
1995-12-31,0.0305,-0.0078000000000000005,0.049699999999999994,-0.0172,0.0128,-0.0189,0.0352,0.058899999999999994,0.019799999999999998,-0.0013,0.0027,-0.0163,-0.0013,0.0655,0.044800000000000006,0.039,0.0179,0.0713,0.057999999999999996,0.051,0.0412,-0.010700000000000001,-0.0458,0.0031,-0.0146,0.0199,-0.015600000000000001,0.0,0.0124,0.0062
1996-01-31,0.0334,0.0326,0.018000000000000002,0.0472,-0.0052,0.026600000000000002,-0.0302,0.0605,0.052000000000000005,-0.0298,0.031,0.042699999999999995,0.019299999999999998,0.0525,0.031,0.0066,0.1612,-0.0248,-0.0040999999999999995,0.018600000000000002,0.022799999999999997,0.0172,0.021099999999999997,0.013300000000000001,-0.0018,-0.0036,-0.014199999999999999,0.0623,0.0383,0.029300000000000003
1996-02-29,0.0173,0.0562,0.0326,0.0177,0.0233,-0.0039000000000000003,0.032799999999999996,-0.011200000000000002,0.028300000000000002,0.0049,-0.0139,-0.009899999999999999,0.0382,-0.0064,0.0173,0.031200000000000002,0.0159,0.0321,0.0103,-0.026699999999999998,-0.023799999999999998,0.042300000000000004,0.0693,-0.0118,0.0415,0.0313,0.0553,0.038,0.0212,0.0163
1996-03-31,-0.0379,0.019299999999999998,-0.0776,0.0115,0.0029,0.016,0.1066,0.0021,0.056900000000000006,0.0263,0.0207,0.060700000000000004,0.0148,0.0297,0.0599,0.0378,0.0005,0.0369,0.0501,-0.0052,-0.020099999999999996,0.013600000000000001,-0.0455,0.032400000000000005,0.0327,0.0254,0.0824,0.0096,0.0102,0.0509
1996-04-30,-0.0018,-0.0091,-0.0158,0.0242,0.029300000000000003,0.038599999999999995,0.0558,-0.0060999999999999995,-0.006999999999999999,0.0322,0.0338,0.013999999999999999,0.0394,0.0063,0.0294,0.0108,0.0054,-0.004,0.0347,-0.026600000000000002,0.0288,0.0748,0.1057,0.0255,0.026000000000000002,0.050300000000000004,0.043899999999999995,0.0259,-0.0105,0.0265
1996-05-31,0.054299999999999994,0.0968,0.054900000000000004,0.0273,0.0341,0.0317,0.0739,0.0391,-0.0034999999999999996,0.0536,0.0194,-0.0034000000000000002,0.011899999999999999,0.061799999999999994,0.0152,0.0263,0.030600000000000002,0.1454,0.0049,0.0132,-0.0002,0.0331,0.0432,0.0127,-0.0042,0.042199999999999994,0.0504,0.0037,0.0143,0.039
1996-06-30,0.022400000000000003,0.06559999999999999,0.0368,-0.025699999999999997,-0.0067,0.0138,0.0021,-0.0025,-0.0239,0.001,0.0019,-0.06480000000000001,-0.0424,0.0297,-0.0526,0.0096,-0.1202,0.0797,0.0096,0.0527,0.0055000000000000005,-0.0079,-0.0632,-0.0137,-0.014199999999999999,-0.042,-0.0116,-0.0053,0.0069,-0.0121
1996-07-31,-0.023799999999999998,-0.0579,0.0018,-0.1137,-0.0695,-0.032799999999999996,-0.051100000000000007,-0.0626,-0.0304,-0.031400000000000004,-0.051500000000000004,-0.0669,-0.0814,-0.0481,-0.0429,-0.011399999999999999,-0.0276,-0.0818,-0.0463,-0.0581,-0.0849,-0.0746,-0.0754,-0.015700000000000002,-0.0716,-0.0788,-0.07690000000000001,-0.07519999999999999,-0.0245,-0.0716
1996-08-31,-0.004,0.0216,-0.1317,0.0032,0.035,0.0155,0.0567,0.0431,0.0318,0.042300000000000004,0.030600000000000002,0.0621,0.048,0.017,0.032799999999999996,0.0405,0.0315,0.0045000000000000005,0.0294,0.028900000000000002,-0.0132,0.0285,0.051,0.039900000000000005,0.0356,0.0382,0.0722,0.037599999999999995,0.0425,0.0524
1996-09-30,0.0928,0.0070999999999999995,0.0138,0.0758,0.0215,0.0636,0.0639,0.0736,0.06269999999999999,0.013999999999999999,0.0541,0.0204,0.061,0.09960000000000001,-0.0067,0.052199999999999996,-0.0382,0.1177,0.039900000000000005,0.0068000000000000005,0.016200000000000003,0.0885,0.1066,0.0462,0.010700000000000001,0.048799999999999996,0.0349,0.0040999999999999995,0.0583,0.051399999999999994
1996-10-31,0.0194,0.008100000000000001,0.032799999999999996,-0.015600000000000001,-0.0005,0.01,-0.0059,-0.0085,0.0151,0.011699999999999999,0.013300000000000001,-0.0268,-0.0063,0.0537,0.048799999999999996,0.0256,-0.0128,-0.0127,0.059699999999999996,0.0361,-0.0031,-0.0353,-0.0123,0.0268,0.0213,0.0013,-0.020499999999999997,-0.0355,0.0546,0.004699999999999999
1996-11-30,0.0581,0.027000000000000003,0.1076,0.0849,0.0579,0.054000000000000006,0.0023,0.0661,0.051100000000000007,0.0032,0.0291,0.0767,0.0895,0.0691,0.0688,0.0471,0.019299999999999998,0.0524,0.0554,0.026000000000000002,0.054900000000000004,0.060599999999999994,0.1401,0.0489,0.0678,0.048600000000000004,0.0212,0.039,0.08380000000000001,0.0649
1996-12-31,-0.0229,0.0053,0.0926,-0.0605,-0.0226,0.0039000000000000003,0.019799999999999998,-0.0262,-0.0207,0.024300000000000002,0.0195,-0.0124,-0.0092,-0.028900000000000002,-0.024700000000000003,0.0492,-0.0235,0.1185,0.0077,0.0013,0.028999999999999998,-0.029500000000000002,-0.0242,0.009300000000000001,-0.0132,-0.0013,-0.0424,-0.0297,-0.016399999999999998,-0.0222
1997-01-31,0.032,0.1137,0.045899999999999996,0.038,0.0088,0.0673,0.0521,0.09570000000000001,0.0378,0.055999999999999994,0.061900000000000004,0.044800000000000006,0.055999999999999994,0.0408,0.0353,0.0178,-0.038,0.09789999999999999,0.0434,0.0092,0.0229,0.0576,0.1036,0.010700000000000001,0.022000000000000002,-0.0003,0.0028000000000000004,0.0176,0.06559999999999999,0.07440000000000001
1997-02-28,0.027200000000000002,0.0274,0.1245,-0.0019,0.024900000000000002,0.0281,0.0317,0.009300000000000001,0.010700000000000001,0.022000000000000002,-0.0337,0.0019,-0.0197,-0.0088,0.0023,-0.0143,0.1711,-0.024700000000000003,-0.0575,-0.005699999999999999,0.025699999999999997,-0.0499,-0.0816,0.044199999999999996,-0.0113,-0.0084,0.0574,-0.028399999999999998,0.0393,-0.0471
1997-03-31,-0.013000000000000001,-0.0653,-0.1361,-0.0321,0.006999999999999999,-0.0625,-0.0495,-0.0748,-0.0217,-0.0222,-0.053099999999999994,-0.0436,-0.0177,-0.0298,-0.0405,-0.009899999999999999,-0.1143,-0.0478,0.0526,-0.0279,-0.0783,-0.059699999999999996,-0.052199999999999996,-0.0436,-0.0013,-0.0673,-0.0074,0.012,-0.0653,-0.042699999999999995
1997-04-30,0.037000000000000005,0.1139,0.0321,0.0348,-0.009000000000000001,0.0873,-0.027000000000000003,0.060700000000000004,0.0331,-0.050499999999999996,0.0725,0.008100000000000001,0.039,0.0986,0.0429,0.0113,-0.0675,0.0479,0.0002,-0.0139,0.024900000000000002,0.09179999999999999,0.0602,0.0363,0.0572,0.0038,0.016399999999999998,0.059000000000000004,0.0602,0.0069
1997-05-31,0.0255,0.0642,0.0999,0.049699999999999994,0.0702,0.08039999999999999,0.059500000000000004,0.0701,0.0454,0.0555,0.0664,0.0874,0.1185,0.0908,0.0608,0.07,0.0728,-0.035699999999999996,0.07339999999999999,0.0363,0.06559999999999999,0.1009,0.10210000000000001,0.0781,0.0617,0.0873,0.064,0.0108,0.0567,0.0812
1997-06-30,0.0694,0.0006,0.0265,0.0129,0.0604,0.0415,0.045,0.08869999999999999,0.061399999999999996,0.0060999999999999995,0.0553,0.0352,0.069,0.0662,0.030600000000000002,0.0381,0.0121,0.0103,0.0128,0.031400000000000004,0.0346,0.034,0.009300000000000001,0.0313,0.0227,0.0172,0.06709999999999999,0.0111,0.06,0.0444
1997-07-31,0.0564,0.018500000000000003,0.015700000000000002,0.0187,0.048499999999999995,0.0462,0.0346,0.021,0.0709,0.0132,0.09390000000000001,0.09369999999999999,0.1005,0.08710000000000001,0.0801,0.0837,0.0246,0.0968,0.07429999999999999,0.028300000000000002,0.0225,0.0791,0.18899999999999997,0.0559,0.08039999999999999,0.049800000000000004,0.0895,0.0727,0.1052,0.0315
1997-08-31,-0.0421,-0.1264,-0.030699999999999998,-0.021099999999999997,-0.024900000000000002,-0.0839,-0.056100000000000004,-0.061,-0.0458,0.0046,-0.060599999999999994,-0.0161,0.0141,-0.0929,0.0129,-0.0642,0.0085,-0.0492,0.003,-0.0116,-0.0241,-0.023700000000000002,-0.0079,-0.0262,-0.041299999999999996,0.0149,-0.0285,-0.0499,-0.0562,-0.0055000000000000005
1997-09-30,0.06509999999999999,0.081,-0.0316,0.051100000000000007,0.0712,0.0526,0.059800000000000006,0.0661,0.005600000000000001,0.060899999999999996,0.0455,0.006,0.012,0.08220000000000001,0.056900000000000006,0.0349,0.054000000000000006,-0.041299999999999996,0.06269999999999999,0.0462,0.0965,0.0395,0.038900000000000004,0.0192,0.0866,0.0435,0.054299999999999994,0.0572,0.0821,0.052300000000000006
1997-10-31,-0.0137,-0.059699999999999996,-0.0432,-0.0037,-0.010700000000000001,-0.0356,-0.07629999999999999,0.0009,-0.042800000000000005,-0.042300000000000004,-0.031200000000000002,-0.0775,-0.0839,-0.0521,-0.0384,-0.11320000000000001,-0.151,-0.159,-0.02,0.0089,0.0288,-0.0305,-0.10679999999999999,-0.0616,-0.014199999999999999,-0.021099999999999997,-0.0124,-0.055099999999999996,-0.021099999999999997,-0.0951
1997-11-30,0.0731,0.0733,0.092,0.0729,0.0405,0.0536,0.009399999999999999,0.0277,0.0313,-0.0215,0.0254,-0.0466,-0.0318,0.11710000000000001,-0.0223,0.06280000000000001,-0.10529999999999999,-0.07780000000000001,-0.0348,0.0718,0.10679999999999999,0.0248,0.0064,0.0297,-0.0078000000000000005,0.0124,0.0647,0.0345,0.0354,0.0233
1997-12-31,0.0315,0.042199999999999994,0.0557,0.024,0.0617,0.029900000000000003,-0.08259999999999999,0.0352,-0.0014000000000000002,0.015600000000000001,0.039,-0.0083,-0.008199999999999999,-0.0018,0.0462,-0.0212,-0.0571,0.0171,-0.0147,0.0801,0.0416,-0.0051,-0.047599999999999996,-0.061,0.019799999999999998,0.0031,-0.0064,-0.013999999999999999,0.0579,0.06509999999999999
1998-01-31,-0.0325,-0.0199,-0.0759,0.056799999999999996,-0.0062,0.0064,0.0022,0.056600000000000004,-0.024700000000000003,-0.005600000000000001,0.005,0.032,-0.032799999999999996,0.048499999999999995,0.0074,0.008199999999999999,-0.0111,-0.08800000000000001,-0.056600000000000004,-0.0438,0.0509,0.0354,0.0508,0.022799999999999997,-0.0019,-0.009300000000000001,0.0175,-0.023399999999999997,-0.0264,-0.0322
1998-02-28,0.0397,0.046900000000000004,0.0463,0.0653,0.0611,0.0916,0.1085,0.0553,0.0812,0.0699,0.086,0.039599999999999996,0.1155,0.0159,0.1233,0.1223,0.0213,0.0814,0.0678,0.0264,0.0241,0.10619999999999999,0.0965,0.0574,0.0394,0.0727,0.1112,0.10769999999999999,0.0891,0.0727
1998-03-31,0.0443,0.12480000000000001,-0.0329,0.0014000000000000002,0.055,0.0408,0.047599999999999996,0.0358,0.0556,0.0608,0.0849,0.0236,0.0242,0.096,0.0601,-0.0007000000000000001,0.1012,0.052000000000000005,0.048,0.067,0.1009,0.0812,-0.0218,0.0264,0.0684,0.032400000000000005,0.0747,0.0642,0.058899999999999994,0.050499999999999996
1998-04-30,-0.0353,-0.0308,-0.10949999999999999,0.0933,0.0158,0.0109,0.0154,0.0191,0.0282,0.038,-0.018600000000000002,0.0443,0.0129,-0.0087,0.0149,0.008199999999999999,0.0362,-0.0039000000000000003,0.0374,-0.024900000000000002,-0.0321,-0.0037,0.0761,0.0246,-0.029300000000000003,0.017,-0.0031,0.0051,0.0209,0.0452
1998-05-31,0.0109,0.028999999999999998,0.0063,-0.0678,-0.008100000000000001,-0.011899999999999999,-0.0073,-0.025,0.0113,-0.03,-0.0319,-0.0931,-0.0621,-0.0253,0.09630000000000001,-0.030299999999999997,-0.1252,-0.0252,-0.042699999999999995,-0.0109,-0.0182,-0.0616,-0.07139999999999999,-0.0471,-0.047,-0.0368,0.038,0.0088,-0.023,-0.0345
1998-06-30,0.005600000000000001,0.0677,0.0588,-0.0241,0.0588,0.0369,0.0192,0.062,-0.034300000000000004,-0.0697,-0.0058,-0.0594,-0.057,0.0599,0.0223,-0.0236,-0.0583,-0.0252,-0.0123,0.03,0.029300000000000003,0.1346,0.0464,-0.068,0.009899999999999999,0.0023,0.0689,0.006500000000000001,0.037000000000000005,-0.0015
1998-07-31,-0.0814,-0.0449,0.10550000000000001,-0.0245,-0.0281,-0.0344,-0.10980000000000001,-0.0026,-0.08789999999999999,-0.0913,-0.0509,-0.0633,-0.1009,-0.0231,-0.004699999999999999,-0.0538,-0.0703,0.08259999999999999,-0.068,-0.0541,0.0384,-0.0526,0.0385,-0.0668,-0.0608,-0.0397,-0.021400000000000002,-0.0431,-0.011699999999999999,0.0023
1998-08-31,-0.0895,-0.1974,-0.051500000000000004,-0.2267,-0.105,-0.10859999999999999,-0.2213,-0.12369999999999999,-0.1191,-0.1656,-0.195,-0.1776,-0.1977,-0.11359999999999999,-0.1981,-0.1954,-0.1917,-0.2484,-0.10039999999999999,0.0196,-0.12359999999999999,-0.1818,-0.17489999999999997,-0.1518,-0.1685,-0.1793,-0.1315,-0.1483,-0.21969999999999998,-0.1862
1998-09-30,0.0432,-0.0508,0.1253,-0.0126,-0.0034000000000000002,-0.0501,0.042199999999999994,0.1209,0.0068000000000000005,-0.0872,-0.0052,0.091,0.0225,0.0002,0.019,0.0594,0.30879999999999996,0.0518,0.13119999999999998,0.0817,0.1027,0.15439999999999998,0.1318,0.0501,0.0182,0.10830000000000001,-0.0043,0.0089,0.024300000000000002,0.085
1998-10-31,0.0933,0.1575,0.1079,0.0712,0.0766,0.18710000000000002,0.06,0.0383,0.0177,0.028300000000000002,0.1213,0.08220000000000001,0.1369,0.09949999999999999,0.10769999999999999,0.1425,0.0416,0.0298,0.011000000000000001,-0.0177,0.0674,0.006999999999999999,0.10060000000000001,0.0978,0.08109999999999999,0.042800000000000005,0.12359999999999999,0.10619999999999999,0.0909,0.0708
1998-11-30,0.043899999999999995,0.057800000000000004,0.092,0.12539999999999998,0.0843,0.0088,0.0545,0.061900000000000004,0.0443,0.0868,0.0388,-0.0212,0.028999999999999998,0.039599999999999996,0.051500000000000004,0.0919,-0.0028000000000000004,0.061,0.005,0.013300000000000001,0.0366,0.1272,0.10339999999999999,0.0647,0.0296,0.0197,0.1104,0.036000000000000004,0.061900000000000004,-0.0049
1998-12-31,-0.0182,-0.0034000000000000002,-0.0316,-0.0308,0.0947,0.053099999999999994,0.0426,0.049400000000000006,-0.045599999999999995,0.0453,0.0526,-0.0076,0.002,0.11689999999999999,0.0373,-0.0562,-0.0043,0.2242,-0.0172,0.0286,0.1439,0.1467,0.1409,-0.0003,0.0388,0.0443,0.1051,0.0727,0.031200000000000002,-0.011000000000000001
1999-01-31,-0.039,-0.0165,-0.1223,0.0818,-0.006999999999999999,-0.0204,0.0584,0.0028000000000000004,-0.052199999999999996,-0.07150000000000001,0.09699999999999999,0.037000000000000005,0.0576,0.0226,0.0781,0.0021,-0.0231,0.1902,-0.0559,-0.0625,0.0913,0.14429999999999998,0.1329,-0.0255,0.0078000000000000005,-0.006999999999999999,0.0332,0.0183,0.0033,-0.0587
1999-02-28,-0.0415,-0.0132,-0.16,0.0483,-0.0046,-0.013600000000000001,0.0131,0.0017000000000000001,0.0111,-0.0859,-0.0669,-0.053099999999999994,-0.0349,-0.043899999999999995,-0.054299999999999994,0.0358,-0.0178,0.0621,-0.0359,-0.0363,-0.028900000000000002,-0.0987,-0.1231,-0.0155,-0.012199999999999999,-0.0594,-0.01,0.0711,0.0063,-0.004699999999999999
1999-03-31,-0.0325,-0.0167,-0.0913,-0.0489,0.0285,0.0481,0.0113,0.025099999999999997,0.0359,-0.0673,0.0582,-0.0253,0.0275,0.0906,-0.0089,0.0436,0.0036,0.2982,0.1471,-0.016399999999999998,-0.0068000000000000005,0.1191,0.0509,0.0167,0.0298,-0.0319,0.035,0.036000000000000004,0.0297,-0.0138
1999-04-30,0.015600000000000001,0.050499999999999996,0.0009,0.0484,0.0579,0.0418,0.0851,-0.0553,0.22010000000000002,0.0848,0.045,0.3024,0.16390000000000002,-0.024,0.0933,0.1454,0.2143,0.2291,0.1545,0.0735,0.0775,-0.025,0.061900000000000004,0.1985,0.1157,0.0529,-0.0051,-0.0077,0.0635,0.1769
1999-05-31,0.0363,-0.0060999999999999995,0.1,-0.053899999999999997,-0.0143,-0.029900000000000003,-0.026000000000000002,-0.0203,-0.059800000000000006,0.0248,-0.013300000000000001,-0.0738,-0.0199,-0.0258,-0.05,-0.019299999999999998,-0.10640000000000001,-0.1222,-0.026699999999999998,0.0673,0.0066,-0.0241,0.0003,-0.041100000000000005,-0.048799999999999996,0.0264,-0.0348,-0.0691,-0.0384,-0.0015
1999-06-30,0.0055000000000000005,-0.0435,0.0481,0.0552,0.0414,0.0116,0.0174,0.0443,0.0262,0.0347,-0.0716,0.08800000000000001,0.09519999999999999,0.10369999999999999,-0.0146,0.0669,0.0855,-0.2302,-0.0055000000000000005,-0.0449,0.0588,0.0882,0.1286,0.0377,0.01,0.0604,0.0906,0.0379,0.028300000000000002,0.0311
1999-07-31,-0.0374,0.0026,-0.0691,-0.0649,-0.0053,-0.0097,-0.0908,-0.044000000000000004,-0.001,-0.0326,-0.0127,-0.0113,-0.0151,-0.0276,-0.0767,-0.0012,-0.0824,-0.10710000000000001,0.0216,-0.0058,-0.0172,-0.0637,0.0241,0.0048,-0.0209,-0.005,-0.061500000000000006,-0.0252,-0.0575,-0.1723
1999-08-31,-0.02,-0.038599999999999995,0.005600000000000001,-0.013500000000000002,-0.096,0.0263,-0.1165,0.037599999999999995,-0.0574,-0.0868,-0.028399999999999998,-0.004699999999999999,-0.020099999999999996,0.022799999999999997,0.04190000000000001,-0.021400000000000002,0.0014000000000000002,0.1151,0.016,0.0058,-0.0825,0.015300000000000001,0.078,-0.0387,-0.0825,-0.04650000000000001,-0.063,-0.0408,-0.0512,-0.0719
1999-09-30,-0.0455,-0.15,-0.0705,-0.0276,0.011699999999999999,-0.1,0.039,-0.0707,-0.0541,-0.1354,-0.1008,-0.0255,-0.0148,0.045700000000000005,-0.0672,-0.062,0.0429,-0.1112,-0.0369,-0.042800000000000005,0.04650000000000001,0.031200000000000002,-0.0245,-0.0335,-0.0633,-0.052000000000000005,0.0252,0.0209,-0.0558,-0.0658
1999-10-31,0.0911,0.1646,-0.24960000000000002,0.0115,0.1027,0.11699999999999999,0.0052,0.1073,0.022099999999999998,0.024,0.0038,0.0105,0.0229,0.1219,0.0278,0.0014000000000000002,-0.0383,0.24850000000000003,-0.0255,0.0216,0.083,0.0265,0.0317,0.045899999999999996,0.0764,-0.0641,0.059699999999999996,-0.0451,0.1402,-0.08560000000000001
1999-11-30,-0.0683,0.0886,0.035,0.0599,-0.0821,0.0027,-0.09720000000000001,0.0152,-0.0062,0.0215,0.0278,0.0735,0.002,-0.0341,-0.0347,-0.0447,0.0069,-0.0144,0.0403,-0.0736,0.0461,0.1012,0.1416,-0.0075,-0.0504,0.0449,0.0406,0.0475,-0.0365,-0.0168
1999-12-31,-0.0579,-0.0883,-0.1032,0.0713,0.1294,0.037200000000000004,0.038,-0.0562,0.06559999999999999,0.0255,0.0374,0.22399999999999998,0.1157,0.17329999999999998,0.033,0.0361,0.0675,0.19820000000000002,-0.0023,-0.023700000000000002,0.0453,0.2445,0.1729,0.0695,0.0008,0.0797,0.0821,-0.0712,-0.0108,0.09519999999999999
2000-01-31,-0.0821,-0.0229,-0.0877,0.0281,-0.0084,-0.06570000000000001,-0.1183,0.07629999999999999,-0.0925,-0.0759,-0.10769999999999999,-0.0233,-0.005600000000000001,-0.1247,-0.0118,-0.09230000000000001,-0.0684,0.4075,-0.0129,0.0554,-0.0385,-0.0999,-0.0128,-0.0882,-0.0943,0.08789999999999999,-0.1429,-0.0732,-0.0449,-0.0364
2000-02-29,-0.0701,-0.1166,-0.04,-0.0302,-0.0039000000000000003,-0.1168,-0.1057,-0.025099999999999997,-0.07400000000000001,-0.06,-0.0617,0.0726,0.0922,-0.0072,-0.0872,-0.07150000000000001,-0.042300000000000004,-0.0345,-0.0581,-0.0707,-0.0369,0.0764,0.24719999999999998,-0.11699999999999999,-0.0529,0.0144,-0.0416,-0.1204,-0.08800000000000001,-0.0089
2000-03-31,0.0929,0.0018,0.0521,0.1082,0.1246,-0.1476,0.2494,-0.0003,0.1247,0.0521,0.12369999999999999,0.0347,0.0599,0.1698,0.0992,0.1014,0.0475,-0.0723,0.1376,0.058899999999999994,0.0827,0.0285,0.0472,0.0859,0.1268,0.0725,0.1441,0.1609,0.16949999999999998,-0.0029
2000-04-30,-0.04769999999999999,0.0369,0.0383,0.0408,-0.0747,0.046799999999999994,0.0365,0.0504,-0.0384,0.0637,0.0125,-0.0105,0.050300000000000004,0.006500000000000001,0.1173,0.050300000000000004,-0.0375,-0.1536,-0.013000000000000001,0.0742,-0.0833,-0.16440000000000002,-0.0603,-0.0108,0.0344,-0.0323,-0.055,0.037200000000000004,-0.0369,0.0962
2000-05-31,0.1492,0.11900000000000001,0.1946,0.0132,-0.0601,0.028999999999999998,-0.0537,0.037200000000000004,0.0005,-0.039599999999999996,-0.0697,-0.0449,-0.0987,0.0024,-0.1499,-0.0079,0.015,-0.1276,0.11019999999999999,0.039599999999999996,-0.09970000000000001,-0.09269999999999999,-0.11470000000000001,-0.0191,-0.035699999999999996,0.014499999999999999,-0.0313,-0.0425,0.049699999999999994,0.0593
2000-06-30,0.0172,0.0608,0.0304,-0.0103,-0.0034999999999999996,-0.0292,-0.0774,0.1099,-0.0637,-0.08929999999999999,-0.0158,0.16079999999999997,0.0106,0.0068000000000000005,-0.121,-0.09759999999999999,-0.056100000000000004,0.1481,-0.0617,-0.046799999999999994,0.039900000000000005,0.11349999999999999,0.1282,-0.0587,-0.0191,-0.022099999999999998,-0.019799999999999998,-0.0394,-0.042800000000000005,0.0187
2000-07-31,-0.0106,0.06570000000000001,-0.043899999999999995,-0.0173,-0.015700000000000002,-0.024,0.0556,-0.06509999999999999,0.0086,0.0455,-0.0219,-0.062,-0.061900000000000004,0.0002,0.049,0.0716,-0.071,0.11380000000000001,-0.027000000000000003,0.0387,-0.0727,-0.0791,-0.032799999999999996,0.0449,0.0959,0.042699999999999995,-0.0196,-0.020099999999999996,0.0863,-0.0129
2000-08-31,-0.0285,-0.10949999999999999,0.19039999999999999,0.0541,0.025,0.0385,0.0304,0.035,0.0265,-0.0337,0.0552,0.2505,0.0934,0.073,0.0594,0.1027,0.0438,0.1794,0.0874,0.1166,-0.0149,0.1115,0.1284,0.0204,-0.028300000000000002,0.1036,-0.0529,-0.0070999999999999995,0.1011,0.13119999999999998
2000-09-30,0.0496,0.0546,0.0095,-0.0892,0.0036,-0.0147,-0.0063,0.036699999999999997,-0.0349,0.0591,-0.036000000000000004,-0.12269999999999999,-0.1636,-0.1061,-0.051399999999999994,0.0756,-0.0707,-0.1373,0.0462,0.08800000000000001,-0.044500000000000005,-0.0898,-0.1773,-0.0553,-0.0274,0.0364,0.0245,0.016200000000000003,0.0248,-0.0115
2000-10-31,0.0603,0.0895,0.228,-0.0362,-0.0275,0.0953,0.039,0.0206,0.0258,-0.0279,0.0613,-0.1215,-0.048499999999999995,-0.1093,0.0292,0.14150000000000001,-0.0388,0.0716,-0.028399999999999998,-0.0167,-0.0017000000000000001,-0.0761,-0.0666,0.10300000000000001,0.0774,-0.025699999999999997,-0.0208,0.0426,-0.0053,-0.0521
2000-11-30,0.042199999999999994,0.04190000000000001,0.0407,-0.1285,-0.055099999999999996,0.0025,0.0418,0.0075,0.0092,-0.008199999999999999,-0.0256,-0.1565,-0.0989,-0.0953,-0.1336,-0.0070999999999999995,0.049,0.09300000000000001,-0.0255,0.0296,-0.1653,-0.19949999999999998,-0.24280000000000002,0.0048,0.0138,-0.0683,-0.0023,0.0508,-0.0512,-0.0812
2000-12-31,0.054400000000000004,-0.0259,0.1707,-0.0897,0.11109999999999999,0.0304,0.1459,0.0349,0.10099999999999999,0.057800000000000004,0.12390000000000001,0.0189,0.0956,0.0641,-0.0012,-0.0002,0.0554,0.4409,0.0738,0.0647,-0.042699999999999995,-0.0644,-0.08289999999999999,0.11109999999999999,0.042800000000000005,0.1284,0.0433,0.0241,0.098,-0.009000000000000001
2001-01-31,-0.0444,-0.0472,0.0007000000000000001,0.214,0.0235,-0.036699999999999997,0.034300000000000004,-0.0851,-0.048499999999999995,0.0889,-0.009899999999999999,0.061500000000000006,0.1112,0.0232,0.1509,-0.057300000000000004,0.016,-0.0248,-0.034300000000000004,-0.1023,0.155,0.1773,0.1393,-0.0363,0.057699999999999994,-0.0187,0.09759999999999999,-0.0377,-0.0046,-0.0332
2001-02-28,0.0134,-0.0632,0.0947,-0.06309999999999999,0.0034999999999999996,-0.0116,-0.1106,-0.0054,-0.018600000000000002,-0.025,0.0066,-0.2384,-0.0904,-0.1424,-0.006500000000000001,0.034,0.02,0.23079999999999998,-0.0013,0.061799999999999994,-0.10300000000000001,-0.1631,-0.3153,0.025,-0.0504,-0.0478,-0.0617,-0.0006,-0.0507,0.013600000000000001
2001-03-31,-0.036699999999999997,-0.09480000000000001,-0.0018,-0.0827,-0.0654,-0.0895,-0.0109,-0.0859,-0.045700000000000005,-0.0435,-0.0155,-0.084,-0.020099999999999996,-0.1188,-0.0212,-0.0931,-0.023,0.1892,-0.0019,0.0105,-0.06,-0.13019999999999998,-0.1414,-0.0592,-0.0222,-0.0611,-0.02,-0.05,-0.0332,-0.077
2001-04-30,-0.017,-0.0213,0.056799999999999996,0.1411,0.0504,0.016200000000000003,0.0717,0.0425,0.0608,0.0525,0.028999999999999998,0.1333,0.1502,0.0969,0.0747,0.1264,0.0689,0.08439999999999999,0.1002,0.0541,0.0401,0.1887,0.1593,0.058499999999999996,0.035,0.08109999999999999,0.049699999999999994,0.0675,0.040999999999999995,0.1275
2001-05-31,0.0274,0.0467,0.022400000000000003,0.1003,0.034,0.0546,0.0401,0.0277,0.011899999999999999,0.024700000000000003,0.0206,0.0021,-0.0021,0.0447,-0.032799999999999996,0.023799999999999998,0.11199999999999999,-0.1369,0.0019,0.004699999999999999,-0.0163,0.0132,-0.0635,0.0144,0.0508,-0.004,0.0168,0.042199999999999994,0.036699999999999997,0.0126
2001-06-30,-0.0063,-0.0492,-0.005,-0.0489,0.0044,0.0076,-0.0189,-0.0298,-0.028300000000000002,0.0433,0.001,-0.073,-0.0462,-0.08070000000000001,0.0461,-0.1366,-0.0401,-0.1655,-0.0742,-0.061500000000000006,-0.0268,0.0394,-0.015700000000000002,-0.0416,-0.0325,-0.0204,-0.026099999999999998,-0.037000000000000005,0.0069,-0.0077
2001-07-31,0.0313,0.0079,-0.0919,-0.0662,-0.0109,0.0464,0.0009,0.022799999999999997,-0.0294,0.1005,0.0024,-0.0231,-0.0242,-0.0583,0.0379,0.0339,-0.061900000000000004,-0.1649,-0.0212,-0.0384,-0.0096,-0.0984,-0.0433,0.0557,0.0019,0.002,0.054299999999999994,0.0383,-0.0063,-0.0907
2001-08-31,0.0364,0.0613,0.0467,-0.005,-0.0774,0.0108,-0.0451,-0.031,-0.0121,-0.0362,0.001,-0.0633,-0.0537,-0.0226,-0.1377,-0.056299999999999996,0.0254,0.0676,-0.035699999999999996,0.0053,-0.0864,-0.1298,-0.1116,-0.0187,-0.047400000000000005,-0.0421,-0.0839,0.011399999999999999,-0.0526,-0.0525
2001-09-30,-0.005,-0.0322,0.028999999999999998,-0.1759,-0.1131,-0.05,-0.17739999999999997,-0.0063,-0.0951,-0.1555,-0.1368,-0.22,-0.1985,-0.1338,-0.1787,-0.23809999999999998,-0.013500000000000002,-0.15689999999999998,-0.061200000000000004,-0.066,-0.0235,-0.13,-0.2451,-0.0882,-0.17550000000000002,-0.08560000000000001,-0.0977,-0.13419999999999999,-0.0553,-0.1134
2001-10-31,0.0182,0.013600000000000001,-0.0282,0.08130000000000001,0.0008,0.012199999999999999,0.0759,0.0126,0.0361,0.0567,0.047,0.025,0.10490000000000001,0.0036,-0.0172,0.041299999999999996,-0.0404,0.3,0.0496,0.0176,-0.09570000000000001,0.1076,0.19579999999999997,0.0128,0.048600000000000004,-0.073,0.0344,0.0286,-0.015300000000000001,-0.0083
2001-11-30,0.0076,-0.0003,0.011899999999999999,0.10869999999999999,0.1233,0.060700000000000004,0.0977,0.050199999999999995,0.11109999999999999,0.0724,0.0796,0.1574,0.0786,0.10619999999999999,0.17379999999999998,0.0787,0.017,-0.1409,-0.0412,-0.0143,0.058499999999999996,0.1133,0.20190000000000002,0.0953,0.1199,-0.0359,0.1305,0.059000000000000004,0.0673,0.0576
2001-12-31,0.0255,0.0161,-0.0173,0.055099999999999996,0.0323,0.0183,0.0705,-0.0282,-0.0137,0.1223,0.0797,-0.027200000000000002,0.066,0.043899999999999995,-0.0341,0.0526,0.042699999999999995,0.10220000000000001,0.0593,0.0404,0.026000000000000002,0.0334,-0.0394,0.0229,0.0305,0.0105,0.0496,0.0414,0.0315,0.0436
2002-01-31,0.0132,-0.037599999999999995,0.08439999999999999,0.056299999999999996,-0.0342,0.0268,0.053899999999999997,-0.0241,-0.0173,0.0425,0.017,-0.0026,0.021400000000000002,0.018500000000000003,0.030899999999999997,0.0537,0.0177,-0.09449999999999999,-0.0279,-0.0433,-0.07150000000000001,-0.0409,0.0335,0.0017000000000000001,0.0691,0.0337,0.0209,0.06309999999999999,-0.011899999999999999,-0.0652
2002-02-28,0.0128,0.0817,0.0504,0.0108,0.06509999999999999,0.026699999999999998,-0.0073,-0.0045000000000000005,0.048,0.0572,0.048499999999999995,0.0003,0.0359,-0.0034000000000000002,0.059699999999999996,0.0824,0.0483,-0.0118,0.056100000000000004,-0.0036,-0.0275,-0.0784,-0.1668,0.0526,0.0176,-0.026699999999999998,0.0034000000000000002,-0.0132,-0.0111,0.0255
2002-03-31,0.0159,0.08349999999999999,0.0159,0.0885,0.0329,0.045,0.0478,0.0054,0.0513,0.0072,0.0173,0.0604,0.1033,0.051,0.07490000000000001,0.0315,0.08070000000000001,0.149,0.0764,0.10289999999999999,0.0036,0.038,0.0973,0.0177,0.0292,0.0527,0.015300000000000001,0.0546,0.0629,-0.004699999999999999
2002-04-30,0.0144,0.0504,0.0329,0.039,-0.0425,0.0009,0.028900000000000002,-0.0755,-0.0484,0.09630000000000001,0.0383,-0.0713,-0.0262,-0.014199999999999999,0.0168,-0.033,-0.0008,-0.0645,-0.0455,-0.0042,-0.1276,-0.1371,-0.0852,0.0218,-0.0603,-0.0060999999999999995,-0.022099999999999998,0.039900000000000005,-0.0102,-0.1217
2002-05-31,0.021,-0.005,0.0452,-0.0405,-0.0026,-0.002,-0.016,-0.022799999999999997,0.0208,0.0005,-0.013999999999999999,0.0036,-0.046,0.0348,0.0063,0.005,0.0665,0.0558,-0.008,-0.0692,0.03,-0.0415,-0.0271,0.0040999999999999995,-0.001,-0.051399999999999994,-0.0127,-0.0002,-0.0016,-0.0124
2002-06-30,-0.0287,-0.0024,-0.22089999999999999,-0.0694,-0.0546,-0.0294,-0.0163,-0.0953,-0.0096,-0.052300000000000006,-0.0226,-0.0518,-0.0737,-0.0688,-0.0946,-0.0028000000000000004,-0.0956,-0.0613,0.0006,-0.0581,-0.14400000000000002,-0.0591,-0.1852,-0.0275,-0.0089,-0.060700000000000004,-0.0512,-0.0429,-0.047599999999999996,-0.045899999999999996
2002-07-31,-0.0925,-0.0729,0.0392,-0.14679999999999999,-0.0518,-0.0242,-0.1002,-0.0276,-0.0925,-0.2286,-0.10619999999999999,-0.2039,-0.1441,-0.09119999999999999,-0.1251,-0.08259999999999999,-0.0974,-0.302,-0.1165,-0.1219,-0.1167,-0.10439999999999999,-0.092,-0.061900000000000004,-0.0828,-0.1054,-0.1199,-0.094,-0.0703,0.04769999999999999
2002-08-31,-0.0105,0.024,0.0891,0.05,0.0352,0.0176,-0.011000000000000001,0.006500000000000001,0.018600000000000002,-0.0245,-0.0199,-0.0483,-0.0079,0.0007000000000000001,-0.0147,-0.0965,0.0828,0.09880000000000001,0.0058,0.034,0.002,0.0155,-0.0342,-0.0087,-0.022099999999999998,0.0452,0.0191,-0.0392,0.0225,-0.0388
2002-09-30,-0.042199999999999994,-0.0556,-0.21530000000000002,-0.0525,-0.0378,-0.0256,-0.0603,-0.058899999999999994,-0.1115,-0.0658,-0.0983,-0.18460000000000001,-0.0999,-0.0974,-0.1329,-0.0949,-0.0761,-0.0814,-0.0785,-0.10880000000000001,-0.09849999999999999,-0.1424,-0.1748,-0.10300000000000001,-0.0645,-0.0636,-0.0949,-0.1363,-0.1041,-0.1463
2002-10-31,0.08070000000000001,-0.0043,0.0492,0.1115,0.056299999999999996,0.031400000000000004,0.0965,0.056799999999999996,0.0564,0.0393,0.0322,0.0642,0.0974,0.0533,-0.0858,-0.0008,-0.0901,0.0416,0.031400000000000004,-0.0060999999999999995,0.2194,0.19260000000000002,0.1559,0.0412,0.0466,0.0541,0.0646,-0.0036,0.0728,0.0113
2002-11-30,0.0017000000000000001,-0.030699999999999998,-0.06570000000000001,0.09480000000000001,-0.012,-0.0194,0.0528,0.0378,0.0946,0.1206,0.049699999999999994,0.182,0.1211,0.1127,0.17489999999999997,0.0716,0.037200000000000004,0.1033,0.029500000000000002,0.0158,0.11810000000000001,0.10400000000000001,0.2141,0.0779,0.038900000000000004,-0.0333,0.0292,0.0567,0.0322,0.059800000000000006
2002-12-31,0.0013,-0.0319,0.0897,-0.1318,-0.0102,-0.0003,-0.0483,-0.0409,-0.042699999999999995,-0.049100000000000005,-0.0202,-0.1027,-0.0919,-0.0449,-0.0774,-0.0281,0.12689999999999999,0.1211,0.0074,0.0383,-0.0951,-0.0862,-0.1594,-0.051699999999999996,-0.0098,-0.0268,-0.0803,-0.056299999999999996,-0.0425,-0.07
2003-01-31,-0.038599999999999995,-0.0584,-0.061900000000000004,-0.0802,0.012199999999999999,-0.026600000000000002,-0.043899999999999995,-0.006,-0.0591,-0.048,-0.0347,-0.0478,-0.057999999999999996,-0.046900000000000004,-0.029900000000000003,-0.0348,-0.0105,-0.1424,-0.0239,-0.0321,-0.041100000000000005,-0.021,-0.0096,-0.0147,-0.051,-0.0227,-0.051,-0.0593,-0.0161,-0.0512
2003-02-28,-0.05,-0.008199999999999999,0.013000000000000001,-0.0219,-0.04769999999999999,-0.0276,-0.031200000000000002,-0.0196,-0.0416,-0.0416,0.0017000000000000001,0.022799999999999997,0.018000000000000002,-0.0009,-0.058899999999999994,-0.0862,-0.0668,0.146,0.018500000000000003,-0.0398,-0.0645,-0.013600000000000001,0.030699999999999998,-0.0155,-0.0313,-0.0345,-0.0052,-0.0483,-0.0326,0.015700000000000002
2003-03-31,0.0004,0.0105,-0.19870000000000002,0.0040999999999999995,-0.022000000000000002,0.0647,0.057,0.0373,0.0342,-0.0147,0.0097,-0.0326,-0.018500000000000003,-0.0446,-0.0368,-0.0546,-0.030299999999999997,-0.035,0.0154,0.0431,-0.0043,0.0088,-0.022099999999999998,0.0073,0.0444,-0.0051,0.055099999999999996,0.0518,0.0021,0.0506
2003-04-30,0.0417,0.0218,0.027000000000000003,0.1472,0.0809,0.0342,0.0754,0.042699999999999995,0.09939999999999999,0.1264,0.07719999999999999,0.10220000000000001,0.0873,0.1005,0.1882,0.091,0.057999999999999996,0.022799999999999997,-0.005,0.0723,0.11259999999999999,0.0801,0.105,0.0311,0.10640000000000001,0.0608,0.0973,0.0951,0.1114,0.1368
2003-05-31,0.0516,0.10220000000000001,0.32530000000000003,0.0682,0.0649,0.0288,0.0401,0.0394,0.008199999999999999,0.038599999999999995,0.1061,0.13140000000000002,0.0617,0.0582,0.037000000000000005,0.11359999999999999,0.11689999999999999,0.2551,0.085,0.1016,0.0632,0.0572,0.1386,0.0275,0.0458,0.0693,0.0252,0.08410000000000001,0.056100000000000004,-0.0101
2003-06-30,0.0070999999999999995,0.008100000000000001,0.1092,0.0499,-0.0155,-0.025699999999999997,-0.0040999999999999995,0.0416,-0.0116,-0.0239,0.0005,0.0215,0.0248,-0.0068000000000000005,0.026000000000000002,0.0641,0.0709,0.0070999999999999995,-0.009899999999999999,0.0106,0.0209,0.008100000000000001,0.0034000000000000002,0.011200000000000002,-0.0017000000000000001,0.0431,0.027999999999999997,0.0673,0.0064,0.0079
2003-07-31,0.003,-0.0184,-0.1125,-0.0063,-0.0108,0.0076,0.036699999999999997,0.0048,0.0789,0.1366,0.0067,0.0692,0.1002,0.06509999999999999,0.0625,0.042800000000000005,0.1143,-0.1255,-0.0252,-0.054299999999999994,-0.0171,0.027999999999999997,0.0849,0.0481,0.019299999999999998,-0.0129,0.0433,0.0232,0.0437,0.0023
2003-08-31,0.0008,-0.0206,0.0241,0.0458,0.0070999999999999995,0.0118,0.0496,-0.0282,0.017,0.0667,0.055999999999999994,0.0464,0.0764,0.06570000000000001,0.08710000000000001,0.08,0.091,0.07519999999999999,0.061799999999999994,0.0192,0.0126,0.0352,0.08199999999999999,0.0369,0.011000000000000001,0.0316,0.0791,0.0074,-0.0053,0.035699999999999996
2003-09-30,0.0171,-0.015600000000000001,0.0814,-0.029300000000000003,-0.0009,0.0217,-0.013300000000000001,0.003,-0.0603,-0.034300000000000004,-0.0012,-0.0316,-0.0781,-0.044199999999999996,-0.0507,-0.0678,0.0016,-0.0233,-0.0218,0.0384,-0.0552,0.0062,-0.0264,-0.0215,-0.0143,0.0054,-0.057999999999999996,0.0199,0.0058,-0.0022
2003-10-31,0.0415,0.0571,0.0616,0.0461,0.0751,0.0438,0.1223,0.0087,0.0662,0.0341,0.1056,0.19210000000000002,0.127,0.10060000000000001,0.0932,0.11109999999999999,0.13390000000000002,0.09759999999999999,0.015600000000000001,0.0151,0.0683,0.0331,0.1309,0.0793,0.0925,0.0464,0.09849999999999999,0.0693,0.0696,-0.0088
2003-11-30,0.023799999999999998,0.0235,0.1142,0.051100000000000007,0.0208,-0.0089,0.0347,0.0182,0.0302,-0.008199999999999999,0.0382,0.0356,0.039900000000000005,0.073,0.037200000000000004,-0.0029,0.09970000000000001,0.0158,0.0064,0.0095,-0.0063,0.0079,0.0304,0.0097,-0.0128,0.043899999999999995,-0.0045000000000000005,0.0391,0.0096,0.0002
2003-12-31,0.0166,0.0664,0.057,0.058899999999999994,0.0301,0.0226,0.009000000000000001,0.0564,0.094,0.0109,0.0461,0.1065,0.035,0.0604,0.1472,0.1091,0.0334,0.2648,0.13470000000000001,0.058600000000000006,0.0757,0.044199999999999996,0.0008,0.08960000000000001,0.0148,0.031200000000000002,-0.0317,-0.0040999999999999995,0.0414,0.08220000000000001
2004-01-31,0.0123,-0.028900000000000002,0.0206,0.0021,0.0121,0.0215,-0.020099999999999996,0.031,-0.019299999999999998,0.013300000000000001,-0.0219,0.0005,-0.015300000000000001,-0.0084,-0.026099999999999998,0.0242,-0.1015,-0.0738,0.0031,0.0191,0.0165,0.0392,0.048499999999999995,-0.0341,-0.0384,0.03,-0.002,0.006,0.0338,0.060700000000000004
2004-02-29,0.0622,0.025699999999999997,0.0388,0.0143,0.0106,0.0298,0.055099999999999996,0.0089,0.026600000000000002,0.105,0.0678,0.0637,0.0048,-0.032400000000000005,-0.0124,-0.0073,0.0611,0.07139999999999999,0.0452,0.021099999999999997,-0.0042,-0.030600000000000002,-0.027200000000000002,0.0353,0.0034999999999999996,0.023799999999999998,0.0672,0.0723,0.028900000000000002,-0.019799999999999998
2004-03-31,0.0168,-0.0019,-0.0406,0.013999999999999999,-0.0014000000000000002,0.015,0.030600000000000002,-0.0391,-0.0166,-0.021099999999999997,0.0349,-0.044800000000000006,0.0116,0.0073,-0.0207,-0.0473,0.0275,0.0696,-0.0006,0.011399999999999999,-0.0203,-0.0154,-0.0252,0.0064,-0.0046,0.0192,-0.0011,0.008,-0.0070999999999999995,-0.0475
2004-04-30,0.031,0.0038,0.018500000000000003,-0.0235,-0.002,0.022099999999999998,-0.015700000000000002,0.0351,-0.0063,-0.038,-0.0434,-0.0872,-0.025699999999999997,-0.024700000000000003,0.036699999999999997,0.024900000000000002,-0.1761,0.0292,0.026600000000000002,-0.035699999999999996,-0.0043,-0.0051,-0.0806,0.0124,0.0021,0.0092,-0.0321,-0.0101,-0.0426,-0.0144
2004-05-31,-0.0139,0.0226,-0.126,0.0089,0.0048,0.015300000000000001,0.0042,-0.0042,0.0060999999999999995,-0.046,0.021400000000000002,0.058499999999999996,0.0215,0.0069,-0.0281,0.0092,0.050199999999999995,0.0665,0.0048,0.0126,-0.0296,0.021,0.06860000000000001,0.0063,0.0191,0.0016,0.0074,-0.029500000000000002,0.015600000000000001,0.0345
2004-06-30,0.0232,-0.0024,0.0611,0.0348,-0.020099999999999996,0.022000000000000002,0.0434,-0.005,0.054400000000000004,0.0279,0.015700000000000002,0.0942,0.06,0.0662,0.056900000000000006,0.0895,0.0016,0.1381,0.0536,0.0203,0.008,0.0348,0.0125,0.051399999999999994,0.064,0.0281,-0.0034000000000000002,-0.0058,0.0054,0.049800000000000004
2004-07-31,-0.0524,-0.10039999999999999,-0.0375,-0.06559999999999999,-0.0435,-0.0519,-0.0519,-0.0593,-0.0331,-0.0178,-0.035699999999999996,-0.0019,-0.0621,-0.0727,-0.0366,0.0092,0.026699999999999998,-0.015,0.034,0.0106,-0.01,-0.061399999999999996,-0.1033,-0.053099999999999994,-0.0444,-0.11359999999999999,-0.0347,0.026099999999999998,-0.022799999999999997,0.0023
2004-08-31,-0.0003,0.018799999999999997,0.0322,-0.013000000000000001,0.0,0.0467,0.0,0.016399999999999998,0.0301,0.0121,0.0401,-0.0023,-0.0242,0.010700000000000001,-0.034,0.0008,0.0666,-0.050199999999999995,-0.013300000000000001,0.036699999999999997,0.011699999999999999,-0.0287,-0.0594,0.0014000000000000002,-0.009000000000000001,-0.0245,-0.008100000000000001,-0.0259,0.031200000000000002,-0.0083
2004-09-30,-0.008199999999999999,-0.0795,-0.0252,0.0463,0.0127,-0.0288,0.0277,-0.0141,0.044800000000000006,0.0352,0.0492,0.0797,0.0601,0.0208,0.0209,0.005600000000000001,0.0591,0.08779999999999999,0.0882,0.0138,0.013300000000000001,0.0425,0.0253,0.0002,0.0316,-0.0003,0.028900000000000002,0.0482,0.0012,0.0196
2004-10-31,0.0361,0.0108,0.029500000000000002,0.027000000000000003,0.0231,-0.036000000000000004,0.0507,-0.024300000000000002,0.0032,0.0633,0.008,-0.0358,-0.0097,0.0276,-0.0432,-0.0236,-0.0165,-0.0012,0.006500000000000001,0.0424,0.0331,0.042,0.055099999999999996,-0.033,0.0674,0.027200000000000002,0.0331,0.029500000000000002,0.0062,0.0066
2004-11-30,0.0335,-0.006999999999999999,0.17309999999999998,0.0694,0.0275,0.0406,0.0405,0.0067,0.0876,0.0507,0.067,0.1305,0.0774,0.0806,0.08070000000000001,0.0678,0.0329,0.257,0.06309999999999999,0.0489,0.0363,0.064,0.052199999999999996,0.0587,0.054000000000000006,0.084,0.024700000000000003,0.07429999999999999,0.0461,0.0366
2004-12-31,0.050199999999999995,0.0436,0.0738,0.07769999999999999,0.011899999999999999,0.0412,0.056100000000000004,0.056600000000000004,0.0279,0.042,0.061200000000000004,-0.016200000000000003,0.0318,0.039599999999999996,0.050199999999999995,0.0049,-0.026099999999999998,-0.0302,-0.0231,0.0248,0.0418,0.0323,0.030299999999999997,0.036000000000000004,0.041299999999999996,0.059500000000000004,0.030699999999999998,0.0508,0.0416,0.0369
2005-01-31,0.0048,-0.0067,0.0441,-0.046900000000000004,-0.0338,-0.0126,-0.0256,-0.0408,-0.014499999999999999,-0.0332,0.0316,-0.0037,-0.051100000000000007,-0.0034999999999999996,-0.0801,-0.011699999999999999,-0.0273,0.0455,0.029900000000000003,0.0176,-0.0424,-0.057,-0.06280000000000001,-0.032799999999999996,-0.0689,-0.0273,-0.009399999999999999,0.0037,-0.0208,-0.0079
2005-02-28,-0.0089,0.0147,0.0316,-0.0095,0.0011,0.0002,0.0209,0.024399999999999998,0.0827,0.008100000000000001,0.037599999999999995,0.0977,0.0622,0.029900000000000003,-0.0034000000000000002,0.0431,0.0931,0.142,0.1957,0.0236,-0.0044,-0.015300000000000001,0.0175,0.024,0.023799999999999998,0.031200000000000002,0.0007000000000000001,0.0113,-0.0025,-0.005
2005-03-31,-0.0124,-0.009899999999999999,0.0032,-0.008199999999999999,-0.0144,-0.0059,-0.0108,-0.0048,-0.0204,-0.0642,-0.0364,-0.0755,-0.0292,-0.024399999999999998,-0.0855,0.0236,-0.0526,-0.0358,-0.0344,0.0060999999999999995,-0.0004,-0.0212,-0.0259,-0.0053,-0.0086,-0.018000000000000002,0.0070999999999999995,0.0029,-0.0323,0.0055000000000000005
2005-04-30,-0.0001,0.022099999999999998,-0.0138,-0.0466,-0.0259,-0.025699999999999997,-0.073,0.0395,-0.0745,-0.0593,-0.018500000000000003,-0.0971,-0.0541,-0.0793,-0.1118,-0.008199999999999999,-0.099,-0.0608,-0.0558,0.0213,-0.02,-0.045599999999999995,-0.0432,-0.0791,-0.061399999999999996,-0.0269,-0.056600000000000004,-0.0584,-0.0087,-0.0073
2005-05-31,0.0213,0.0241,0.031,0.0441,-0.0084,0.0169,0.0663,0.0148,0.0022,0.059000000000000004,0.058600000000000006,0.0019,0.056900000000000006,0.07339999999999999,0.1023,0.053099999999999994,0.0232,0.10339999999999999,0.0195,0.0166,0.015,0.0512,0.10339999999999999,0.0064,0.049699999999999994,0.042699999999999995,0.0667,0.081,0.0332,0.0134
2005-06-30,-0.021,-0.0394,-0.022400000000000003,-0.0075,-0.0028000000000000004,-0.0256,0.0581,-0.0058,-0.0096,0.0165,0.0361,-0.027000000000000003,0.0058,-0.0286,0.0291,0.0018,0.0587,0.073,0.0575,0.0556,0.0019,-0.011699999999999999,-0.0113,-0.0317,-0.0292,0.015,0.0304,-0.0246,0.0242,-0.0268
2005-07-31,0.0246,0.0166,0.0378,0.0355,0.028399999999999998,0.0344,0.032799999999999996,0.037200000000000004,0.0463,0.0281,0.09570000000000001,0.1315,0.1038,0.0667,0.0756,0.0242,0.0426,0.20920000000000002,0.0554,0.0298,0.0313,0.0533,0.0666,0.0509,0.0819,0.0521,0.0603,0.0455,0.0174,-0.0024
2005-08-31,-0.02,0.005,0.0447,-0.0097,0.0158,-0.010700000000000001,-0.039599999999999996,-0.0031,-0.0605,-0.022000000000000002,-0.023700000000000002,-0.0078000000000000005,0.011899999999999999,0.0039000000000000003,-0.0414,-0.0004,0.0281,0.0877,0.057300000000000004,0.0125,-0.012,0.0040999999999999995,-0.011899999999999999,-0.0298,-0.0338,-0.0139,-0.066,-0.0482,-0.014499999999999999,-0.0207
2005-09-30,0.0092,0.0054,0.047400000000000005,-0.018600000000000002,-0.0333,0.015300000000000001,-0.018500000000000003,-0.019299999999999998,-0.018500000000000003,-0.045700000000000005,0.0274,0.0308,-0.0019,0.0227,-0.0518,0.0152,0.1424,0.0949,0.07200000000000001,0.0438,-0.0147,-0.0024,0.0146,-0.0012,0.0385,-0.0008,-0.022000000000000002,-0.0027,0.011699999999999999,0.0021
2005-10-31,-0.0288,0.0052,0.0173,-0.0397,-0.0611,-0.032799999999999996,-0.023,-0.0326,0.0233,-0.0407,-0.0718,-0.0433,-0.0463,-0.0391,-0.0786,-0.045,-0.0599,-0.0974,-0.1017,-0.06849999999999999,-0.030299999999999997,0.0121,-0.0444,0.006500000000000001,0.0265,-0.0199,0.0219,0.0016,0.025099999999999997,0.0105
2005-11-30,-0.0027,0.0154,-0.026000000000000002,0.0536,0.0269,0.031,0.0625,0.0159,0.0342,0.0519,0.055999999999999994,0.1291,0.0707,0.0644,-0.0108,0.046799999999999994,0.07400000000000001,0.0066,0.0102,-0.0022,0.0264,0.0533,0.0733,0.075,0.0745,0.0455,0.0368,0.0683,0.0449,0.04650000000000001
2005-12-31,-0.0001,-0.021099999999999997,0.042699999999999995,-0.0102,-0.0184,0.0155,-0.0024,0.024,0.0058,0.009000000000000001,-0.0022,0.036699999999999997,0.0066,-0.0063,-0.0151,0.027000000000000003,0.0761,0.0152,0.0040999999999999995,0.0124,-0.0173,-0.022099999999999998,-0.0146,0.013999999999999999,0.0178,0.0106,-0.0106,0.01,0.0031,-0.0045000000000000005
2006-01-31,0.0177,-0.0074,-0.0233,0.0394,0.0037,0.026600000000000002,0.0248,0.0219,0.032400000000000005,-0.0305,0.09480000000000001,0.1493,0.1157,0.0658,0.050300000000000004,0.0195,0.17079999999999998,0.1514,0.12480000000000001,0.030299999999999997,0.038599999999999995,0.0302,0.0479,-0.026000000000000002,0.0481,0.0691,0.006999999999999999,0.0434,0.0129,-0.0217
2006-02-28,0.0146,0.0194,-0.0004,0.0103,0.0149,0.011000000000000001,0.0024,0.0105,-0.0029,0.0341,-0.0329,-0.0296,-0.0083,0.0323,-0.0231,0.050499999999999996,-0.0886,-0.08529999999999999,-0.0814,0.0023,0.033,-0.0231,0.0063,0.0092,0.0121,0.015600000000000001,0.0128,0.0213,0.016,0.0106
2006-03-31,0.0315,0.0027,0.0008,0.0345,-0.0002,-0.004,0.0337,-0.0101,0.0131,-0.020099999999999996,0.030600000000000002,0.12140000000000001,0.0316,0.0509,0.0232,0.036699999999999997,0.0669,0.0581,0.0395,-0.0365,0.018000000000000002,0.027999999999999997,0.0302,0.0301,0.0444,0.0387,0.0223,0.023399999999999997,0.0064,0.0508
2006-04-30,0.0194,0.0097,0.034300000000000004,0.0241,-0.0252,0.014499999999999999,-0.0116,-0.018600000000000002,0.029300000000000003,0.0115,-0.0013,0.0765,0.0593,0.0076,-0.0108,0.0518,0.0781,0.2078,0.0405,0.0182,0.0147,-0.0154,-0.0027,0.0574,0.0032,-0.0321,-0.013500000000000002,-0.0016,0.0281,-0.0005
2006-05-31,0.032,0.0362,-0.0109,0.0134,-0.0239,-0.042,-0.054400000000000004,-0.022000000000000002,-0.0226,0.0137,-0.08460000000000001,-0.0463,-0.036699999999999997,-0.042800000000000005,0.0256,-0.0127,-0.1159,-0.016399999999999998,-0.0353,0.0151,0.0,-0.058499999999999996,-0.0735,-0.0255,-0.0172,-0.0213,-0.013999999999999999,-0.0371,-0.036000000000000004,-0.0027
2006-06-30,-0.0027,-0.008100000000000001,0.0315,0.0078000000000000005,-0.0034000000000000002,0.0088,-0.0024,-0.0011,-0.0111,0.0147,-0.035699999999999996,0.028999999999999998,-0.0092,0.0129,0.0179,-0.0027,0.0118,-0.060599999999999994,0.030600000000000002,0.0242,0.029500000000000002,0.006,-0.031400000000000004,-0.027999999999999997,0.0429,-0.0118,0.004699999999999999,0.016399999999999998,-0.0043,-0.020499999999999997
2006-07-31,0.0184,0.044500000000000005,0.0911,-0.07139999999999999,-0.0184,0.0042,-0.0308,0.0412,-0.0431,-0.031200000000000002,-0.0742,-0.0412,-0.0592,-0.0613,-0.0375,-0.0325,-0.0212,-0.1259,0.056799999999999996,0.0483,0.024399999999999998,-0.0297,-0.04769999999999999,-0.0499,-0.1115,-0.02,-0.047400000000000005,-0.060599999999999994,0.0138,-0.0017000000000000001
2006-08-31,0.026000000000000002,0.0225,0.0421,0.024700000000000003,0.0425,0.0675,0.04190000000000001,0.0233,0.0387,0.0137,0.0172,-0.0259,-0.0072,0.013999999999999999,0.031200000000000002,-0.006500000000000001,0.0248,-0.1042,-0.0305,0.022799999999999997,0.022799999999999997,0.0449,0.091,0.024900000000000002,-0.011899999999999999,0.0161,0.023799999999999998,0.0297,0.015,0.0401
2006-09-30,0.0011,-0.0013,-0.0638,0.048600000000000004,0.0109,0.017,0.0909,0.015300000000000001,0.0246,0.0192,-0.0158,0.0007000000000000001,0.0017000000000000001,0.0346,0.0333,0.0375,-0.0689,-0.1505,-0.0351,-0.0212,0.0366,0.042,0.0285,0.0202,0.0414,0.0139,0.06309999999999999,0.0717,0.0359,0.030699999999999998
2006-10-31,0.0034000000000000002,0.0043,0.054000000000000006,0.08710000000000001,0.056900000000000006,0.0321,0.08039999999999999,0.017,0.057699999999999994,0.0026,0.051399999999999994,0.1076,0.030899999999999997,0.0492,0.038900000000000004,0.029900000000000003,0.086,0.145,0.049800000000000004,0.0536,0.052000000000000005,0.060599999999999994,0.021400000000000002,0.0492,0.061,0.0473,0.0317,0.077,0.020099999999999996,0.0277
2006-11-30,0.011200000000000002,-0.0046,0.0355,0.0475,0.0222,0.0046,0.0425,0.0007000000000000001,0.0282,0.036699999999999997,0.0637,0.0883,0.0417,0.020099999999999996,0.01,0.045,0.0738,0.058499999999999996,0.08650000000000001,0.030600000000000002,0.0063,0.0209,0.04019999999999999,0.026600000000000002,0.020499999999999997,0.0233,-0.0226,0.0175,0.009000000000000001,0.013600000000000001
2006-12-31,0.015300000000000001,0.024300000000000002,0.0304,0.0425,0.0178,0.0126,0.0016,0.0013,0.0106,-0.0147,-0.0039000000000000003,-0.0262,0.0007000000000000001,-0.0054,0.0152,0.0002,-0.0285,-0.1266,-0.0167,0.0073,0.0433,-0.0011,-0.0131,0.0103,-0.0227,-0.0036,0.0176,0.0216,0.0375,0.0412
2007-01-31,0.0129,0.0165,0.014199999999999999,0.0617,-0.0049,0.0203,0.0301,0.0351,0.0374,0.0765,0.0287,0.09720000000000001,0.0132,0.0352,0.061200000000000004,0.0408,0.0711,0.0151,-0.013999999999999999,0.0048,0.0273,0.0326,0.0115,0.013500000000000002,0.0435,0.04019999999999999,0.039599999999999996,0.0103,0.0037,-0.013300000000000001
2007-02-28,-0.005,-0.0264,-0.0323,-0.045,-0.0001,-0.0143,0.015700000000000002,-0.0285,0.021099999999999997,0.0507,-0.0089,0.0195,0.0255,-0.0154,0.009399999999999999,-0.016,0.07139999999999999,0.019299999999999998,-0.022099999999999998,0.0416,-0.0278,-0.032,-0.011399999999999999,0.0148,-0.0067,0.0004,-0.0045000000000000005,-0.0158,-0.0252,-0.0253
2007-03-31,0.0318,0.024900000000000002,0.0492,-0.0009,-0.013000000000000001,-0.009300000000000001,0.006999999999999999,-0.0025,0.020499999999999997,-0.0382,-0.042699999999999995,0.0603,0.0259,-0.0026,0.025,0.0052,0.021099999999999997,0.024,0.0599,0.0433,0.0231,0.011699999999999999,0.0026,0.0121,-0.0045000000000000005,0.0275,0.0042,0.0115,-0.0037,0.014499999999999999
2007-04-30,0.0391,0.048499999999999995,0.0273,0.0167,0.0286,0.036000000000000004,0.0158,0.0678,0.0182,0.08539999999999999,0.0397,0.0337,0.0661,0.0629,0.0583,0.0634,0.053899999999999997,0.14400000000000002,0.0492,0.0392,0.0174,0.0418,0.050199999999999995,0.0546,0.030699999999999998,0.0141,0.0215,0.024,0.0364,0.0277
2007-05-31,0.0132,0.0341,0.026099999999999998,0.014499999999999999,0.0635,-0.009300000000000001,0.0495,0.011399999999999999,0.0504,0.0974,0.0718,0.10490000000000001,0.057999999999999996,0.0751,0.039900000000000005,0.0622,0.0623,0.1328,0.0699,0.011899999999999999,0.0731,0.042699999999999995,0.040999999999999995,0.0426,0.04650000000000001,0.0298,0.0196,0.0363,0.0281,0.022000000000000002
2007-06-30,0.0028000000000000004,-0.0206,-0.0007000000000000001,-0.0182,-0.025699999999999997,-0.031400000000000004,-0.0053,-0.0337,0.019299999999999998,0.0009,-0.052000000000000005,-0.0333,0.016200000000000003,-0.011699999999999999,0.051,-0.0175,0.0126,-0.08560000000000001,0.0111,-0.0482,-0.018000000000000002,-0.0127,0.020499999999999997,-0.008,-0.0235,-0.0171,-0.0177,-0.0405,-0.0368,0.0078000000000000005
2007-07-31,-0.0435,-0.0116,-0.0495,-0.0182,-0.0771,-0.0029,-0.0455,-0.0403,-0.0072,-0.0375,-0.057,-0.046,0.0121,0.0019,-0.0787,0.0391,0.0723,-0.1381,-0.0078000000000000005,-0.0373,-0.0311,-0.03,-0.0008,-0.0227,-0.0123,-0.048,-0.0554,-0.0195,-0.0748,0.0024
2007-08-31,0.0285,0.0344,0.0406,0.0315,-0.0698,0.024,-0.0277,0.0232,0.021,-0.0265,-0.022000000000000002,-0.0235,0.0125,0.0121,-0.0149,-0.016,-0.0412,-0.0106,0.0026,0.0184,-0.0086,0.0125,0.036699999999999997,-0.0024,-0.018500000000000003,0.018600000000000002,0.0131,0.0263,0.0161,0.023
2007-09-30,0.051399999999999994,0.0684,0.0123,0.1007,-0.0128,0.056600000000000004,0.0232,0.0354,0.0519,-0.0533,-0.0132,0.0758,0.0466,0.04650000000000001,0.0604,0.07519999999999999,0.1346,0.1361,0.0771,0.0348,0.020499999999999997,0.0385,0.0373,0.0165,0.0011,0.0103,-0.0177,0.0276,0.0189,0.053200000000000004
2007-10-31,0.0172,0.0416,0.045599999999999995,-0.0012,0.008199999999999999,0.0127,-0.015,0.0141,0.032799999999999996,0.0554,0.0449,0.0273,-0.0116,-0.0025,0.0052,-0.0084,0.1082,0.1918,0.0241,0.06559999999999999,-0.0218,0.0958,0.0397,0.0095,0.0263,0.026699999999999998,-0.0012,0.046900000000000004,-0.0144,0.0285
2007-11-30,0.0046,0.021400000000000002,0.0652,-0.08220000000000001,-0.0874,0.0363,-0.0823,0.0001,-0.043899999999999995,-0.0604,-0.08869999999999999,-0.0662,-0.0273,0.036699999999999997,-0.13390000000000002,-0.0373,-0.1149,0.0392,-0.045599999999999995,-0.0070999999999999995,-0.0625,-0.0751,-0.0758,-0.0574,-0.0378,-0.0736,-0.0279,-0.050199999999999995,-0.062,-0.0265
2007-12-31,0.0182,-0.0103,-0.022000000000000002,-0.042300000000000004,-0.0108,-0.0124,-0.0732,-0.0395,0.042300000000000004,-0.0613,-0.005,0.0219,0.0322,0.0060999999999999995,-0.026600000000000002,0.0028000000000000004,-0.009399999999999999,0.1381,0.07519999999999999,0.009000000000000001,-0.0025,0.0174,0.0039000000000000003,-0.0015,-0.036000000000000004,-0.005600000000000001,-0.0305,-0.0444,-0.041299999999999996,-0.0144
2008-01-31,-0.0692,-0.0788,-0.0060999999999999995,-0.0875,-0.0689,-0.0849,0.0001,-0.0461,-0.057699999999999994,0.0137,-0.0217,-0.0984,-0.0989,-0.1056,-0.046,-0.0712,-0.060599999999999994,-0.0319,-0.0929,-0.0693,-0.07780000000000001,-0.0925,-0.1417,-0.0434,0.028900000000000002,-0.0409,0.016,-0.0637,-0.011200000000000002,-0.0408
2008-02-29,0.0298,0.011399999999999999,-0.0291,-0.0605,-0.0931,0.0007000000000000001,-0.0453,-0.009300000000000001,0.0418,-0.0182,-0.058899999999999994,0.0815,0.0331,-0.0118,-0.06849999999999999,-0.0241,0.1017,0.087,0.0688,-0.030299999999999997,-0.0385,-0.0559,-0.0175,-0.0341,-0.045,-0.0209,-0.0583,-0.0046,-0.1081,-0.022000000000000002
2008-03-31,0.0064,0.037599999999999995,-0.0025,-0.0209,-0.053099999999999994,0.0355,0.0335,-0.0177,-0.0178,-0.008100000000000001,0.0241,0.0023,-0.006500000000000001,0.0034999999999999996,-0.038900000000000004,-0.0375,-0.0721,-0.0765,-0.0273,0.008100000000000001,-0.0005,0.0034000000000000002,0.0036,-0.0045000000000000005,0.026699999999999998,-0.0219,0.0254,0.0298,-0.0393,0.0364
2008-04-30,0.0296,-0.0271,-0.09480000000000001,-0.0089,0.0239,-0.0354,0.0259,0.0043,0.0941,0.0819,0.039599999999999996,0.06480000000000001,0.09570000000000001,0.0258,0.13849999999999998,0.0928,0.1014,0.21059999999999998,0.10289999999999999,0.0639,0.0462,0.0625,0.068,-0.0070999999999999995,0.0632,0.011200000000000002,0.056799999999999996,0.046900000000000004,0.055099999999999996,-0.053
2008-05-31,0.021400000000000002,0.0144,0.1012,-0.0060999999999999995,0.011699999999999999,0.0005,0.0356,0.016200000000000003,0.0317,-0.0229,0.0426,0.0925,0.058499999999999996,0.11220000000000001,-0.0297,0.0015,0.0405,0.23600000000000002,0.0359,0.0359,0.0479,0.0449,0.0623,0.0217,0.0384,0.0694,0.0039000000000000003,-0.0124,-0.042300000000000004,-0.0154
2008-06-30,-0.0824,-0.050499999999999996,-0.062,-0.1954,-0.1142,-0.07919999999999999,-0.125,-0.0301,-0.045,-0.15109999999999998,-0.1167,-0.057999999999999996,-0.0605,-0.12179999999999999,-0.22870000000000001,-0.16690000000000002,0.0012,0.2114,0.0203,-0.0040999999999999995,-0.1092,-0.0768,-0.0974,-0.1329,-0.10460000000000001,-0.0725,-0.0817,-0.1,-0.1754,-0.111
2008-07-31,0.0301,0.026000000000000002,0.0359,0.0002,-0.0559,0.0801,-0.0379,0.0675,-0.0062,-0.1041,-0.015700000000000002,-0.1168,-0.050199999999999995,-0.002,-0.0371,0.011000000000000001,-0.1335,-0.22940000000000002,-0.1528,-0.071,-0.030899999999999997,-0.0105,0.003,0.0425,0.061500000000000006,0.0132,0.0076,0.015700000000000002,0.0722,0.0097
2008-08-31,-0.0052,0.0118,0.0333,0.0373,0.0395,0.0592,0.08789999999999999,0.0177,-0.0277,0.1445,0.0424,-0.0678,0.0023,-0.013500000000000002,0.0011,0.036000000000000004,-0.0576,-0.061900000000000004,0.0026,-0.0046,0.04,0.0194,0.029300000000000003,0.0304,0.0165,0.0316,0.061500000000000006,0.0403,0.0039000000000000003,0.0154
2008-09-30,-0.0374,0.0187,-0.0608,-0.1462,-0.13470000000000001,-0.0042,-0.0095,-0.059500000000000004,-0.18530000000000002,-0.053099999999999994,-0.11259999999999999,-0.3098,-0.21059999999999998,-0.1582,-0.1076,-0.1492,-0.25730000000000003,-0.38060000000000005,-0.1093,-0.1184,-0.1261,-0.0839,-0.15810000000000002,-0.0613,-0.0981,-0.1009,-0.0519,-0.0478,-0.048799999999999996,-0.028300000000000002
2008-10-31,-0.1035,-0.16649999999999998,-0.0655,-0.3023,-0.2611,-0.1336,-0.21960000000000002,-0.1103,-0.21239999999999998,-0.2809,-0.29359999999999997,-0.32409999999999994,-0.2977,-0.24710000000000001,-0.3643,-0.1557,-0.3457,-0.29309999999999997,-0.1638,-0.1112,-0.1553,-0.1883,-0.17679999999999998,-0.1852,-0.1052,-0.209,-0.14529999999999998,-0.1251,-0.2018,-0.1852
2008-11-30,-0.08650000000000001,0.0554,-0.0733,-0.21309999999999998,-0.1266,-0.0245,-0.14300000000000002,-0.0733,-0.1603,-0.2793,-0.030699999999999998,-0.12240000000000001,-0.0824,-0.0013,-0.062,-0.12119999999999999,0.0233,-0.2929,0.009399999999999999,0.0126,-0.0158,-0.0908,-0.11630000000000001,-0.04650000000000001,-0.1027,-0.11449999999999999,-0.0758,-0.0643,-0.1423,-0.1026
2008-12-31,0.013500000000000002,-0.0167,0.013600000000000001,0.0966,-0.0109,-0.0208,0.037000000000000005,0.0674,-0.0236,0.1308,0.04650000000000001,0.1666,0.03,0.055999999999999994,-0.0301,0.0796,0.1438,-0.0432,-0.024,-0.0204,0.0347,0.025099999999999997,0.0184,-0.0535,-0.0131,0.0646,0.0354,0.1112,0.015300000000000001,-0.028900000000000002
2009-01-31,0.0036,-0.0738,-0.0663,-0.1308,-0.1319,-0.1085,-0.11800000000000001,-0.022000000000000002,-0.065,-0.2521,-0.13949999999999999,-0.1663,-0.09820000000000001,-0.11939999999999999,-0.09949999999999999,-0.044000000000000004,-0.08839999999999999,0.0213,-0.0364,-0.0084,-0.1032,-0.0351,-0.0308,-0.0999,-0.15839999999999999,-0.014199999999999999,-0.08650000000000001,-0.0776,-0.2079,-0.1409
2009-02-28,-0.08439999999999999,-0.047400000000000005,-0.0855,-0.1521,-0.14029999999999998,-0.1108,-0.08470000000000001,-0.1082,-0.08259999999999999,-0.2867,-0.1467,-0.1881,-0.1292,-0.1533,-0.10189999999999999,-0.1875,0.0102,-0.0496,-0.1266,-0.1252,-0.0695,-0.0408,-0.0687,-0.12710000000000002,-0.12269999999999999,-0.0864,-0.0121,-0.0746,-0.15410000000000001,-0.1898
2009-03-31,0.0378,0.0709,0.0733,0.0793,0.0688,0.0053,0.15689999999999998,0.0741,0.1648,0.2981,0.1291,0.1213,0.11630000000000001,0.07730000000000001,0.11960000000000001,0.0508,0.1555,0.0027,0.0404,0.0282,0.0795,0.09480000000000001,0.1308,0.0771,0.0842,0.0417,0.1134,0.091,0.1475,0.1057
2009-04-30,0.057999999999999996,-0.0144,0.0222,0.361,0.3345,0.08650000000000001,0.2164,-0.009399999999999999,0.1709,0.5918,0.2397,0.2589,0.1984,0.2271,0.4946,0.17120000000000002,0.0395,0.1522,0.0432,0.0209,0.0965,0.09970000000000001,0.14279999999999998,0.21359999999999998,0.1549,0.1508,0.094,0.0917,0.17120000000000002,0.1604
2009-05-31,0.046900000000000004,0.0949,0.12619999999999998,0.0723,0.0131,0.045599999999999995,0.030299999999999997,0.0621,0.0698,-0.0706,-0.0196,0.09699999999999999,0.0432,-0.0174,-0.032799999999999996,0.0906,0.1775,0.3519,0.09939999999999999,0.0464,0.0105,0.031200000000000002,0.0218,0.0387,0.0204,0.0489,-0.0297,0.0579,0.1001,0.0356
2009-06-30,0.0011,0.016,0.0121,-0.0409,-0.0281,0.0069,-0.0318,0.0361,-0.0681,-0.07780000000000001,-0.0171,0.0335,-0.0246,0.014499999999999999,0.051100000000000007,-0.0355,-0.08470000000000001,-0.1209,-0.0458,0.0464,0.0165,0.045700000000000005,0.0455,0.0378,0.0085,-0.0064,0.0,-0.031400000000000004,-0.018000000000000002,-0.050300000000000004
2009-07-31,0.0797,0.0371,0.0746,0.1451,0.1625,0.10220000000000001,0.1192,0.0548,0.17010000000000003,0.3616,0.1398,0.037599999999999995,0.149,0.1274,0.16390000000000002,0.0564,0.1309,0.1547,0.0508,0.0441,0.055999999999999994,0.052300000000000006,0.1036,0.1512,0.1101,0.0908,0.0724,0.023399999999999997,0.0866,0.0915
2009-08-31,0.0060999999999999995,-0.0073,0.0033,0.0953,0.0925,-0.0078000000000000005,0.0346,0.022000000000000002,0.0181,0.0165,0.062400000000000004,0.0364,0.0178,0.022799999999999997,0.017,0.1117,0.0334,0.0128,0.0077,0.0025,0.0073,0.024399999999999998,0.0219,0.042699999999999995,0.0354,0.0467,0.0388,0.031400000000000004,0.0999,0.0345
2009-09-30,0.01,0.0774,0.0455,0.1047,0.0078000000000000005,0.0642,0.1243,0.0218,0.0687,0.0116,-0.008199999999999999,0.0645,0.0873,0.07339999999999999,0.0256,0.057,0.0999,0.16269999999999998,0.0481,0.022400000000000003,0.0649,0.0475,0.056100000000000004,0.027000000000000003,0.0335,0.0404,0.021099999999999997,0.035699999999999996,0.013600000000000001,0.07690000000000001
2009-10-31,-0.0176,0.0098,-0.0028000000000000004,-0.09630000000000001,-0.0182,0.0066,-0.026699999999999998,-0.0347,-0.0403,-0.0663,-0.0688,-0.1211,-0.0016,-0.057800000000000004,-0.0254,-0.0443,0.0139,-0.0002,0.0255,-0.0271,-0.0398,0.0043,-0.039,-0.013999999999999999,-0.056600000000000004,-0.027999999999999997,0.0087,-0.0304,-0.0495,-0.0707
2009-11-30,0.04190000000000001,0.0527,0.0217,0.0793,0.0354,0.0726,0.017,0.08070000000000001,0.0978,0.0301,0.005,0.0751,0.0599,0.058600000000000006,0.11019999999999999,0.09269999999999999,0.1499,0.1058,0.03,0.0458,0.0684,0.053899999999999997,0.0434,0.07730000000000001,0.11699999999999999,0.044800000000000006,0.0458,0.078,0.0466,0.0674
2009-12-31,0.0316,-0.0072,0.0327,-0.0025,0.1547,-0.0199,0.0454,0.024700000000000003,0.0236,0.11019999999999999,0.0665,0.157,0.0383,0.0519,0.0639,0.0358,-0.0435,0.073,-0.0077,0.0587,0.0642,0.0545,0.0663,0.042699999999999995,0.045899999999999996,0.0507,0.0132,0.0269,0.0055000000000000005,-0.0194
2010-01-31,-0.0105,-0.037000000000000005,-0.0332,0.0215,0.0144,0.0079,-0.0323,-0.0001,-0.0397,-0.0848,-0.0165,-0.1249,-0.0654,-0.0479,0.0096,0.0059,-0.15039999999999998,-0.0726,-0.047599999999999996,-0.044500000000000005,-0.0677,-0.069,-0.0805,-0.0558,-0.0426,-0.025,-0.0192,-0.009399999999999999,-0.006500000000000001,0.06509999999999999
2010-02-28,0.0274,0.0025,0.043899999999999995,0.055,-0.019,0.0353,0.065,0.0038,0.054299999999999994,0.15710000000000002,0.0302,0.044800000000000006,0.08349999999999999,0.1047,0.0676,0.04,0.132,0.10640000000000001,0.0231,-0.0042,0.0276,0.0296,0.0625,0.030299999999999997,0.0688,0.0594,0.0432,0.0447,0.0291,0.0281
2010-03-31,0.0408,0.0613,0.0611,0.1273,0.055099999999999996,0.020099999999999996,0.11560000000000001,0.0363,0.0731,0.08039999999999999,0.0716,0.1199,0.0632,0.0708,0.0883,0.1109,0.0915,0.0195,0.032400000000000005,0.031200000000000002,0.07629999999999999,0.0508,0.0819,0.0593,0.0796,0.0599,0.061799999999999994,0.08470000000000001,0.08310000000000001,0.0649
2010-04-30,-0.0159,-0.0177,-0.0246,0.1195,0.0173,0.0118,0.0436,-0.0218,0.030600000000000002,0.1142,0.10550000000000001,-0.0294,0.0602,0.0451,0.0473,0.0279,-0.0034999999999999996,-0.0197,0.043,0.0285,0.0341,0.0073,0.0383,0.0418,0.033,0.032,0.0183,0.0745,0.0113,0.0083
2010-05-31,-0.0546,-0.038900000000000004,-0.0766,-0.0733,-0.1013,-0.042199999999999994,-0.059699999999999996,-0.0808,-0.1007,-0.0975,-0.1067,-0.0748,-0.1033,-0.1012,-0.10039999999999999,-0.0967,-0.0575,-0.1512,-0.10060000000000001,-0.063,-0.058499999999999996,-0.0828,-0.0724,-0.08929999999999999,-0.056900000000000006,-0.0403,-0.058499999999999996,-0.0524,-0.0909,-0.0953
2010-06-30,-0.0209,-0.0166,0.0331,-0.0924,-0.08529999999999999,-0.032,-0.09369999999999999,-0.0166,-0.0789,-0.1461,-0.1266,-0.133,-0.0545,-0.0712,-0.0983,-0.0605,-0.0583,-0.0934,-0.0616,-0.0070999999999999995,-0.0384,-0.0672,-0.0605,-0.022799999999999997,-0.0755,-0.052300000000000006,-0.106,-0.054000000000000006,-0.0722,-0.010700000000000001
2010-07-31,0.0507,0.0836,0.1074,0.0774,0.0527,0.0408,0.08289999999999999,0.021400000000000002,0.1474,0.0649,0.0791,0.08259999999999999,0.14150000000000001,0.1359,0.15990000000000001,0.10339999999999999,0.0834,0.1405,0.0745,0.0681,0.0959,0.0809,0.0645,0.07730000000000001,0.1066,0.0321,0.04650000000000001,0.0709,0.0654,0.0416
2010-08-31,-0.0037,-0.0002,0.0002,-0.0129,-0.10039999999999999,-0.0383,-0.07490000000000001,-0.017,-0.0042,-0.0553,-0.06280000000000001,-0.0876,-0.08220000000000001,-0.0708,-0.10490000000000001,-0.08220000000000001,0.0182,-0.0621,-0.0333,0.0036,-0.0199,-0.0506,-0.084,-0.061,-0.051699999999999996,-0.075,-0.04190000000000001,0.0037,-0.0849,-0.0417
2010-09-30,0.0165,0.0496,0.0977,0.1432,0.13,0.0379,0.1773,0.09,0.0993,0.1336,0.1025,0.1216,0.16010000000000002,0.1418,0.1362,0.1033,0.1125,0.1349,0.0904,0.0365,0.0788,0.11470000000000001,0.1379,0.09119999999999999,0.10210000000000001,0.0983,0.1364,0.075,0.0724,0.0812
2010-10-31,0.0603,0.0187,0.0535,0.1272,0.0708,0.044000000000000004,0.034300000000000004,0.0194,0.08349999999999999,0.0322,0.0166,0.0466,0.0458,0.049800000000000004,0.0989,0.0596,0.0867,0.06849999999999999,0.044800000000000006,0.018600000000000002,0.045599999999999995,0.0766,0.044800000000000006,0.0351,0.054000000000000006,0.049100000000000005,0.0131,0.0601,0.0169,-0.015300000000000001
2010-11-30,-0.0196,0.0196,-0.039,0.0745,-0.030600000000000002,-0.0252,0.091,-0.0334,0.008199999999999999,-0.0127,0.0296,0.029300000000000003,0.0668,0.0406,0.0652,-0.0051,0.0315,0.1457,0.051399999999999994,-0.013600000000000001,-0.0189,-0.0223,0.0103,0.0032,0.023,0.0019,0.049699999999999994,0.041299999999999996,-0.003,-0.006
2010-12-31,0.0571,0.0353,0.042300000000000004,-0.006,0.08410000000000001,0.056900000000000006,0.0091,0.0545,0.0754,0.041299999999999996,0.1232,0.13269999999999998,0.1041,0.056299999999999996,0.0867,0.043899999999999995,0.139,0.1446,0.09179999999999999,0.0323,0.0659,0.0712,0.052000000000000005,0.0479,0.0327,0.0679,0.0346,-0.0029,0.1056,0.0767
2011-01-31,-0.0066,-0.0359,-0.033,0.0165,0.0277,-0.0103,-0.0353,-0.0072,0.0158,-0.0375,0.0466,0.039,0.054900000000000004,0.0377,0.0002,0.05,-0.07429999999999999,0.0176,0.0718,0.0218,0.0005,0.0242,0.048499999999999995,0.031200000000000002,-0.005,0.0292,-0.0127,-0.0276,0.0254,0.055999999999999994
2011-02-28,0.0513,0.005699999999999999,0.08650000000000001,0.0206,0.0311,0.0138,0.0848,0.0333,0.05,0.0713,0.0151,0.0394,0.040999999999999995,0.0273,-0.030299999999999997,0.0291,0.011200000000000002,0.0013,0.0797,0.0242,0.07400000000000001,0.024300000000000002,0.030699999999999998,0.0333,0.013999999999999999,0.028900000000000002,0.013999999999999999,0.041299999999999996,0.027200000000000002,0.0471
2011-03-31,0.0163,0.0336,0.0638,-0.0058,0.0031,0.0013,-0.0407,0.0226,0.0195,0.0443,0.0255,0.0076,0.043,0.0096,0.0171,0.026000000000000002,0.0023,0.0892,0.0182,0.0092,0.0168,0.002,-0.025,0.015600000000000001,0.0344,0.0143,0.0051,0.0195,-0.0158,-0.0245
2011-04-30,0.0433,0.0393,0.0537,0.0622,0.0021,0.050300000000000004,0.081,0.0625,0.0449,0.0495,0.0008,0.0052,0.016399999999999998,0.0032,0.022799999999999997,0.0417,-0.006,-0.0279,0.0178,0.04,0.0326,0.0287,0.0305,0.0175,0.0304,0.0416,0.051699999999999996,0.0115,0.0067,0.0134
2011-05-31,0.025,0.0054,0.0452,-0.0052,0.025699999999999997,0.029900000000000003,0.0064,0.0199,-0.0363,0.0279,-0.022000000000000002,-0.053,-0.0583,-0.060899999999999996,-0.0335,-0.018000000000000002,-0.0565,-0.057800000000000004,-0.0446,0.0132,0.0077,-0.023799999999999998,-0.0128,0.0034999999999999996,-0.0028000000000000004,0.0134,0.002,0.0449,-0.026699999999999998,-0.0359
2011-06-30,-0.0031,0.0062,-0.0562,-0.014499999999999999,-0.0137,-0.0269,0.0388,-0.0187,-0.0029,-0.0646,-0.0327,-0.0194,-0.0048,0.002,-0.0154,0.0021,-0.018000000000000002,-0.059000000000000004,-0.0216,-0.0034000000000000002,-0.0138,-0.0101,-0.0347,-0.005699999999999999,-0.0042,-0.0202,-0.0137,0.0165,-0.023,-0.0199
2011-07-31,-0.0049,-0.0298,0.028399999999999998,0.041299999999999996,-0.0356,-0.0282,0.023700000000000002,-0.036699999999999997,-0.020499999999999997,-0.062400000000000004,-0.062400000000000004,-0.0623,-0.0466,-0.0933,-0.0981,-0.0596,0.003,0.0062,0.0048,-0.0033,-0.049800000000000004,0.0014000000000000002,-0.015700000000000002,-0.0667,-0.051399999999999994,-0.0453,-0.0008,-0.0011,-0.0391,-0.04769999999999999
2011-08-31,-0.0183,0.0226,0.0034000000000000002,-0.0564,-0.06509999999999999,0.0064,-0.0581,-0.0313,-0.08349999999999999,-0.0696,-0.0857,-0.1321,-0.08130000000000001,-0.07919999999999999,-0.12179999999999999,-0.0724,-0.0187,-0.196,-0.09570000000000001,0.002,-0.0504,-0.0667,-0.0723,-0.0579,-0.0704,-0.0406,-0.0333,-0.0068000000000000005,-0.0934,-0.047
2011-09-30,-0.0473,-0.0384,-0.049100000000000005,-0.1953,-0.08289999999999999,-0.0374,-0.051399999999999994,-0.0397,-0.15869999999999998,-0.1435,-0.1592,-0.20579999999999998,-0.1642,-0.1374,-0.138,-0.048799999999999996,-0.2325,-0.2994,-0.1167,-0.0161,-0.0572,-0.0489,-0.053399999999999996,-0.10279999999999999,-0.0929,-0.0814,-0.0285,-0.0537,-0.1125,-0.0524
2011-10-31,0.055099999999999996,0.0191,0.0759,0.1553,0.09849999999999999,0.0426,0.1654,0.0552,0.18109999999999998,0.1429,0.2213,0.1815,0.22949999999999998,0.1869,0.2377,0.11109999999999999,0.20170000000000002,0.2837,0.1594,0.067,0.0761,0.1197,0.1208,0.1101,0.151,0.1379,0.0908,0.1014,0.13470000000000001,0.0926
2011-11-30,0.0039000000000000003,0.0051,0.0716,-0.0264,-0.0055000000000000005,0.0074,-0.037200000000000004,0.013000000000000001,-0.0084,-0.010700000000000001,0.0279,-0.0146,0.0222,0.057800000000000004,-0.08650000000000001,0.018600000000000002,0.011200000000000002,-0.06309999999999999,0.0239,0.0101,0.003,-0.018000000000000002,-0.0199,0.0106,0.013500000000000002,0.0115,0.008199999999999999,0.0242,-0.0316,-0.0126
2011-12-31,0.0053,0.0397,0.0362,-0.0472,0.0366,0.0215,-0.0231,0.0347,0.0013,0.008100000000000001,-0.009399999999999999,-0.0525,-0.0397,-0.0447,-0.0155,0.0036,-0.0732,-0.1366,-0.0001,0.0291,0.031200000000000002,-0.0161,-0.0075,0.010700000000000001,0.011699999999999999,-0.0002,0.0033,0.0401,0.0176,0.0377
2012-01-31,0.0301,-0.0232,-0.0466,0.1226,0.009000000000000001,-0.012,0.09699999999999999,0.034300000000000004,0.113,0.0703,0.0788,0.1234,0.1263,0.1027,0.1321,0.049,0.1471,0.0143,0.01,-0.0271,0.023700000000000002,0.0592,0.1066,0.045599999999999995,0.0663,0.061,0.04019999999999999,0.0323,0.0735,0.038599999999999995
2012-02-29,0.0131,0.0078000000000000005,0.10529999999999999,0.0593,0.029500000000000002,0.06559999999999999,0.0638,0.0125,0.0217,0.0584,0.0556,-0.0269,0.0453,0.017,0.049699999999999994,0.043899999999999995,-0.051,-0.0174,0.067,0.013000000000000001,0.0507,0.0519,0.0737,0.0369,-0.0147,0.0154,0.0346,0.0282,0.06509999999999999,0.020099999999999996
2012-03-31,0.019299999999999998,0.060599999999999994,0.049400000000000006,0.04,0.0248,0.015600000000000001,0.0159,0.0395,0.028900000000000002,0.0451,0.0235,0.006500000000000001,-0.022799999999999997,0.010700000000000001,0.0058,-0.0005,-0.0675,-0.12269999999999999,-0.0308,0.0148,0.023799999999999998,0.0345,0.053399999999999996,0.015700000000000002,0.0062,0.029900000000000003,0.0524,0.039599999999999996,0.07,0.0366
2012-04-30,0.0055000000000000005,0.0134,0.0183,-0.0208,-0.025099999999999997,-0.0209,-0.0007000000000000001,0.006,0.0116,-0.0015,-0.0015,-0.0426,-0.016200000000000003,-0.016399999999999998,-0.07719999999999999,0.0017000000000000001,-0.0137,0.0242,-0.016399999999999998,0.017,0.0169,-0.0064,-0.0326,-0.0070999999999999995,0.015300000000000001,-0.0021,0.0132,0.0083,-0.0235,-0.0137
2012-05-31,-0.0239,-0.0025,-0.0361,-0.1222,-0.08650000000000001,-0.0464,-0.0567,-0.032400000000000005,-0.08439999999999999,-0.026000000000000002,-0.067,-0.1457,-0.1114,-0.0765,-0.0739,-0.07629999999999999,-0.1263,-0.2371,-0.10310000000000001,-0.0088,-0.0077,-0.0756,-0.0808,-0.0582,-0.021099999999999997,-0.0616,-0.0206,-0.044800000000000006,-0.0919,-0.0321
2012-06-30,0.0212,0.0576,0.059800000000000006,0.0038,0.07139999999999999,0.0,-0.1041,0.0684,0.0313,0.022000000000000002,0.0462,0.0478,0.0004,-0.020499999999999997,-0.0416,0.026600000000000002,0.0718,0.0241,0.0584,0.0342,0.0702,0.044800000000000006,0.0168,0.0262,0.042300000000000004,0.0276,0.030600000000000002,-0.0231,0.04650000000000001,0.06509999999999999
2012-07-31,-0.0002,0.020499999999999997,0.0394,-0.0855,0.008,0.0359,0.0204,0.0163,-0.0096,-0.0075,-0.0223,-0.014499999999999999,0.0143,0.0342,-0.0116,-0.0124,-0.0332,-0.1094,0.030699999999999998,0.035,0.0416,-0.0121,0.0070999999999999995,0.0115,-0.0088,0.0046,0.0232,-0.0339,-0.011000000000000001,0.0087
2012-08-31,-0.0040999999999999995,0.0028000000000000004,-0.0294,0.0733,0.059699999999999996,0.032,0.0815,0.0097,0.0296,0.08070000000000001,0.0787,-0.0123,0.041299999999999996,0.0373,0.0424,0.0291,0.06280000000000001,0.003,0.0239,-0.0346,0.0097,0.0398,0.054000000000000006,0.0232,-0.0148,0.004,0.0346,0.0165,0.0418,-0.0029
2012-09-30,0.0171,-0.0104,-0.0004,0.0553,0.055999999999999994,0.026099999999999998,-0.004,0.046799999999999994,0.0148,0.0537,0.0538,0.037599999999999995,0.020099999999999996,-0.0017000000000000001,0.0342,-0.006500000000000001,0.10060000000000001,0.0206,0.0384,0.021099999999999997,0.048600000000000004,0.030299999999999997,-0.0028000000000000004,0.025099999999999997,-0.0215,0.0044,0.018000000000000002,0.037200000000000004,0.0364,0.061
2012-10-31,-0.0181,-0.019,-0.0252,0.0148,-0.0087,0.0106,-0.0111,-0.0192,-0.0246,0.0473,0.0333,-0.0077,-0.008100000000000001,0.0129,0.064,0.0070999999999999995,0.0075,0.205,-0.022000000000000002,0.0109,-0.024300000000000002,-0.0466,-0.0727,-0.0223,0.0318,0.0258,-0.0096,-0.0492,0.0191,-0.034
2012-11-30,0.0384,0.0195,0.0327,0.0209,-0.0256,0.0131,0.0394,0.0151,0.0323,0.0406,0.0155,0.0255,0.0161,0.0548,0.0278,0.0398,-0.0305,-0.1127,-0.013300000000000001,-0.0379,0.0006,0.013000000000000001,0.0168,0.0352,0.0024,0.0232,0.0108,0.0265,-0.009399999999999999,0.009899999999999999
2012-12-31,-0.0143,-0.009300000000000001,-0.0559,0.0349,0.054000000000000006,-0.0171,-0.0017000000000000001,-0.0053,0.0443,0.0353,0.0478,0.0655,0.0416,0.037000000000000005,0.0834,0.0255,-0.0132,0.0766,0.012199999999999999,0.0012,0.0115,0.018600000000000002,-0.0060999999999999995,0.0333,0.0308,0.0213,-0.022000000000000002,0.018000000000000002,0.044199999999999996,0.010700000000000001
2013-01-31,0.0553,0.0512,0.056100000000000004,0.1334,0.053,0.08900000000000001,0.023,0.0808,0.049699999999999994,0.092,0.0959,0.0403,0.08039999999999999,0.0728,0.013300000000000001,0.0281,0.0064,-0.037200000000000004,0.0766,0.050499999999999996,0.048499999999999995,0.0625,-0.0087,0.056299999999999996,0.0852,0.064,0.0536,0.0535,0.062400000000000004,0.06559999999999999
2013-02-28,0.0382,0.0508,0.022000000000000002,-0.0026,-0.0695,0.0308,0.014499999999999999,0.013300000000000001,-0.0088,0.0565,-0.008199999999999999,-0.027200000000000002,-0.0104,0.0097,-0.0103,0.0379,-0.0759,-0.0812,0.008,0.022000000000000002,0.0229,0.0102,0.004,0.0462,0.0356,0.0203,0.005600000000000001,0.0079,0.0118,0.0416
2013-03-31,0.06509999999999999,0.053099999999999994,0.0273,0.0781,0.077,0.0226,0.0278,0.0652,0.012,0.0891,0.0432,0.0207,0.0045000000000000005,0.0062,0.039900000000000005,0.056900000000000006,0.009000000000000001,0.0086,0.0209,0.056900000000000006,0.0564,0.0276,0.0301,0.0556,0.0472,0.0347,0.0479,0.053099999999999994,0.0452,0.0229
2013-04-30,0.0279,0.0354,0.044000000000000004,0.044199999999999996,-0.0017000000000000001,0.0121,0.09050000000000001,0.0259,0.0397,0.01,-0.030600000000000002,-0.043899999999999995,-0.0123,-0.0141,0.0484,0.0034999999999999996,-0.1056,-0.056600000000000004,-0.013300000000000001,0.0513,0.0432,0.016399999999999998,-0.0086,0.0002,-0.0006,0.002,0.0326,0.0258,0.016200000000000003,0.0016
2013-05-31,-0.034,-0.0148,-0.0297,0.0226,0.0461,-0.0023,0.0109,0.0161,0.0354,0.0070999999999999995,0.052000000000000005,0.0384,0.054000000000000006,0.0407,0.1137,0.0635,0.0022,0.0048,0.030699999999999998,-0.07139999999999999,-0.0176,0.0382,0.054000000000000006,0.022099999999999998,0.0268,0.0387,0.0239,-0.0021,0.0722,0.0507
2013-06-30,0.0074,0.009000000000000001,-0.0226,-0.038900000000000004,0.0212,-0.006500000000000001,0.0074,-0.0138,-0.0495,0.022799999999999997,-0.0645,-0.0473,-0.0349,-0.0333,0.0045000000000000005,0.0105,-0.096,-0.23199999999999998,-0.021099999999999997,0.008199999999999999,0.019799999999999998,-0.022799999999999997,-0.0339,-0.0084,-0.013600000000000001,-0.0055000000000000005,-0.0039000000000000003,0.0166,-0.0048,-0.008100000000000001
2013-07-31,0.0325,0.027200000000000002,0.0176,0.048600000000000004,0.122,0.0516,0.0163,0.08070000000000001,0.0641,0.1191,0.024900000000000002,0.0704,0.0449,0.0971,0.0971,0.0687,0.0016,0.1054,0.051100000000000007,0.0458,0.034300000000000004,0.045700000000000005,0.0712,0.0766,0.039,0.0641,0.0641,0.028999999999999998,0.0652,0.048600000000000004
2013-08-31,-0.0374,-0.0395,-0.048499999999999995,0.027000000000000003,-0.0512,-0.028999999999999998,-0.019,-0.036699999999999997,-0.0064,-0.034,-0.0509,-0.0285,-0.0034999999999999996,-0.019799999999999998,-0.012199999999999999,-0.028399999999999998,0.046,0.0375,-0.0197,-0.0443,-0.0329,-0.0045000000000000005,-0.0049,-0.0256,-0.0279,-0.025099999999999997,-0.0492,-0.0219,-0.0426,-0.037000000000000005
2013-09-30,0.005,0.0128,0.042699999999999995,0.0992,0.0626,0.0076,0.0728,0.0417,0.0518,0.0848,0.0837,0.08349999999999999,0.060899999999999996,0.071,0.0674,0.0852,0.013300000000000001,0.0256,0.0195,0.0105,0.042800000000000005,0.052199999999999996,0.026699999999999998,0.0285,0.058499999999999996,0.0565,0.0441,0.0407,0.0301,0.0338
2013-10-31,0.0463,0.0633,0.0536,0.0438,0.07200000000000001,0.0633,0.024900000000000002,0.0355,0.0388,0.044199999999999996,0.035699999999999996,0.0824,0.013600000000000001,0.055,-0.0013,0.053399999999999996,0.0564,0.1017,0.0473,0.0334,0.058499999999999996,0.031400000000000004,0.0455,0.0674,0.057300000000000004,0.058600000000000006,0.0541,0.0384,0.0321,0.047
2013-11-30,0.015,0.0113,-0.0242,0.0323,0.005699999999999999,0.0388,0.0682,0.045,0.012,0.042699999999999995,0.027200000000000002,0.017,0.0149,0.0339,0.0171,0.04769999999999999,-0.0558,-0.0348,0.0092,-0.0181,0.0008,0.0342,0.036000000000000004,0.043,0.0527,0.0382,0.037599999999999995,0.0339,0.0605,0.0195
2013-12-31,0.0308,-0.004,0.029900000000000003,0.0703,0.0783,-0.0196,0.009899999999999999,0.0059,0.049800000000000004,0.037200000000000004,0.055099999999999996,0.06559999999999999,0.0527,0.0323,0.0163,0.031200000000000002,0.0689,0.0789,0.0296,0.0179,0.0398,0.044500000000000005,0.0351,0.0281,0.0233,0.025699999999999997,0.0005,-0.0027,0.026699999999999998,0.0332
2014-01-31,-0.0537,-0.0046,-0.0833,-0.0103,-0.0694,-0.061399999999999996,-0.0764,0.0179,-0.0382,-0.027200000000000002,-0.0296,-0.055099999999999996,-0.0447,-0.0273,-0.0255,-0.0344,-0.0673,-0.0761,-0.0689,0.024900000000000002,-0.0381,-0.0073,-0.0279,-0.048,-0.0172,-0.024,-0.0764,-0.0462,-0.0425,-0.0655
2014-02-28,0.0382,0.015700000000000002,0.0335,0.0855,0.067,0.0337,0.0541,0.0635,0.0781,0.0084,0.0622,0.0256,0.059500000000000004,0.038,0.0872,0.0416,0.0638,0.0467,0.057,0.030899999999999997,0.0256,0.0546,0.0466,0.0542,0.0212,0.0453,0.057800000000000004,0.0473,0.032400000000000005,0.0273
2014-03-31,0.0274,0.048,0.040999999999999995,-0.0575,-0.0088,0.018500000000000003,-0.0013,-0.024700000000000003,0.006500000000000001,-0.0015,-0.026000000000000002,0.0363,0.0098,0.0009,-0.0113,-0.012199999999999999,-0.0060999999999999995,-0.028999999999999998,0.025,0.0268,0.0015,-0.024900000000000002,0.015700000000000002,-0.0064,0.0276,0.0044,-0.0124,0.0169,0.0254,0.0377
2014-04-30,0.011899999999999999,0.0155,0.056900000000000006,-0.0384,-0.0183,0.0288,-0.0363,-0.0033,0.0005,0.0042,-0.027999999999999997,0.0073,0.0131,-0.0083,0.0014000000000000002,0.0127,0.029500000000000002,0.0895,0.0564,0.0398,0.0039000000000000003,-0.028399999999999998,0.009399999999999999,0.0014000000000000002,0.0115,-0.005600000000000001,-0.008199999999999999,-0.013500000000000002,-0.035699999999999996,0.0278
2014-05-31,0.0405,0.030600000000000002,0.039900000000000005,0.0322,-0.0158,-0.0069,0.018799999999999997,0.018500000000000003,0.0269,0.0276,0.004699999999999999,-0.0175,0.0051,-0.0051,0.0176,0.019799999999999998,-0.0215,-0.0732,0.0097,0.0001,0.041100000000000005,0.024300000000000002,0.0443,0.032400000000000005,0.0548,0.035,0.0025,0.0236,0.0166,-0.0040999999999999995
2014-06-30,0.0166,0.0286,-0.011899999999999999,0.019299999999999998,0.08839999999999999,-0.0131,-0.0016,0.0287,0.0078000000000000005,0.0775,0.0219,0.048799999999999996,0.054900000000000004,0.0358,0.0409,-0.0206,0.0633,0.0387,0.041299999999999996,0.054299999999999994,0.0154,0.0226,0.0345,0.0194,0.015300000000000001,0.0098,0.0098,0.0264,0.0308,0.0009
2014-07-31,-0.0583,-0.029500000000000002,-0.0326,-0.0374,-0.0148,-0.029900000000000003,-0.0073,-0.0034000000000000002,-0.032,-0.0572,-0.0888,0.0241,-0.061,-0.06570000000000001,-0.0385,-0.0571,0.0191,-0.1115,-0.0346,-0.064,0.008,0.0040999999999999995,-0.0046,-0.040999999999999995,-0.0217,-0.0285,-0.0144,-0.0322,-0.0208,-0.025099999999999997
2014-08-31,0.0642,0.054900000000000004,0.0464,-0.0191,0.0265,0.0583,0.0348,0.0554,0.043899999999999995,0.1018,0.0687,0.061200000000000004,0.053399999999999996,0.0352,0.0425,0.057300000000000004,0.0137,0.0417,0.023,0.053099999999999994,0.0033,0.0345,0.0513,0.034,0.045599999999999995,0.047400000000000005,0.057300000000000004,0.0239,0.0385,0.061900000000000004
2014-09-30,-0.0055000000000000005,0.0083,0.0204,-0.044000000000000004,-0.0716,-0.0032,0.04,-0.0022,-0.021400000000000002,-0.0235,-0.065,-0.0475,-0.0678,-0.0484,-0.1005,-0.0098,-0.10769999999999999,-0.1445,-0.07769999999999999,-0.0338,-0.014499999999999999,-0.013999999999999999,-0.0177,-0.0352,0.0044,-0.0225,-0.013600000000000001,-0.005600000000000001,-0.0055000000000000005,-0.0003
2014-10-31,0.0178,0.032400000000000005,0.058499999999999996,0.004,0.030600000000000002,0.041299999999999996,0.0144,0.0592,-0.011000000000000001,0.0203,0.0401,0.0222,0.0233,0.0317,0.0196,0.011699999999999999,-0.0931,-0.063,-0.042199999999999994,0.06709999999999999,0.013000000000000001,0.008100000000000001,0.0292,0.064,0.0639,0.0346,0.028300000000000002,0.013000000000000001,0.0379,0.016200000000000003
2014-11-30,0.057699999999999994,0.0436,0.009899999999999999,-0.005,0.0109,0.030299999999999997,0.0894,0.0252,0.022099999999999998,0.0758,0.0152,-0.0233,-0.0109,-0.0005,0.0527,0.0467,-0.0088,0.0397,-0.0973,0.0026,0.0246,0.0208,0.0647,0.0482,0.06309999999999999,0.0208,0.0886,0.0579,0.018000000000000002,0.0382
2014-12-31,-0.0253,-0.0438,-0.028999999999999998,-0.0479,0.018000000000000002,0.0008,-0.0068000000000000005,-0.0083,0.008100000000000001,-0.0031,-0.0006,-0.0666,-0.01,-0.0102,0.006500000000000001,-0.0055000000000000005,-0.064,-0.1648,0.0072,0.018600000000000002,-0.020499999999999997,-0.006999999999999999,-0.016399999999999998,0.021,0.0148,0.0054,0.022400000000000003,-0.005699999999999999,0.021400000000000002,-0.0029
2015-01-31,-0.0169,0.0088,0.030699999999999998,0.002,-0.0202,-0.0464,-0.0392,0.0158,-0.0204,0.0207,-0.050300000000000004,-0.09480000000000001,-0.07719999999999999,-0.0547,-0.06269999999999999,0.0096,-0.044199999999999996,-0.1748,-0.0421,0.0124,-0.0447,-0.0463,-0.0226,-0.024399999999999998,-0.0436,-0.0235,-0.0042,0.008,-0.0776,-0.0405
2015-02-28,0.0446,0.045,0.0546,0.056799999999999996,0.0915,0.035699999999999996,0.059500000000000004,0.04,0.0805,0.13369999999999999,0.0816,0.0356,0.0636,0.0552,0.08990000000000001,0.0626,0.1484,0.1503,0.0464,-0.0436,0.0892,0.0806,0.0843,0.0672,0.0285,0.050300000000000004,0.0579,0.0682,0.0799,0.056799999999999996
2015-03-31,-0.0064,-0.0208,-0.085,-0.0252,0.0046,-0.0233,0.0118,0.0086,-0.0346,0.0332,0.0123,-0.0288,-0.0361,-0.0051,-0.0043,-0.0129,-0.071,-0.1865,-0.023700000000000002,-0.0031,-0.0212,-0.0161,-0.0308,-0.0173,-0.0305,0.006500000000000001,0.0092,-0.0025,0.002,-0.0175
2015-04-30,-0.0019,-0.0049,0.0601,0.0414,-0.040999999999999995,-0.023700000000000002,-0.0165,-0.0155,0.0118,-0.0596,-0.031,0.0408,0.0209,0.0143,0.0012,-0.0285,0.1266,0.1079,0.0663,0.0028000000000000004,0.0363,0.0255,-0.0006,-0.0264,-0.0161,-0.0129,-0.0274,0.005600000000000001,0.0074,0.0059
2015-05-31,0.0191,0.019799999999999998,0.0158,0.0073,0.0216,-0.0003,-0.0024,0.0499,0.0116,0.0438,0.0179,-0.0373,0.0016,0.0287,0.0115,0.0176,-0.0529,-0.1711,-0.050499999999999996,-0.0043,0.0033,-0.0028000000000000004,0.0409,0.0134,-0.035699999999999996,0.0149,0.0075,0.0161,0.0313,0.0086
2015-06-30,-0.0233,-0.0167,-0.024700000000000003,0.011899999999999999,-0.0085,-0.0072,0.039900000000000005,0.0037,-0.0286,0.040999999999999995,0.005600000000000001,-0.055,-0.008,-0.0345,-0.024399999999999998,-0.028399999999999998,-0.0637,-0.2291,-0.0365,-0.0527,-0.0055000000000000005,-0.0206,-0.0487,-0.0305,-0.0341,-0.0253,-0.0055000000000000005,0.0033,0.0148,-0.030899999999999997
2015-07-31,0.043,0.0354,0.0974,0.061500000000000006,-0.0254,0.0073,0.057800000000000004,0.035,-0.049100000000000005,-0.006999999999999999,0.0106,-0.0825,-0.057,-0.042,-0.031200000000000002,-0.0148,-0.13419999999999999,-0.2681,-0.08900000000000001,0.0265,0.0152,0.0482,-0.008100000000000001,-0.0031,0.031400000000000004,-0.011200000000000002,0.062400000000000004,0.0426,0.0194,0.0252
2015-08-31,-0.0433,-0.030899999999999997,-0.0401,-0.07150000000000001,-0.08220000000000001,-0.0701,-0.037599999999999995,-0.08380000000000001,-0.0729,-0.030699999999999998,-0.0222,-0.044000000000000004,-0.035,-0.0895,-0.061,-0.0507,-0.014199999999999999,0.0809,-0.037200000000000004,-0.0408,-0.08380000000000001,-0.053099999999999994,-0.06309999999999999,-0.0571,-0.06509999999999999,-0.0417,-0.0538,-0.0643,-0.0653,-0.0487
2015-09-30,-0.011699999999999999,0.026000000000000002,0.0252,-0.1005,-0.0506,-0.0048,0.0028000000000000004,-0.0692,-0.0827,-0.059000000000000004,-0.0659,-0.1067,-0.0909,-0.08800000000000001,-0.0252,-0.025699999999999997,-0.0602,-0.3671,-0.0556,-0.005,-0.025,-0.0116,-0.0171,-0.0268,-0.0077,-0.057999999999999996,-0.021099999999999997,0.0059,-0.0318,-0.0113
2015-10-31,0.0594,0.08070000000000001,0.1085,0.1475,0.1202,0.0616,0.0073,0.0751,0.1663,0.0789,0.053399999999999996,0.0588,0.08539999999999999,0.07980000000000001,0.0601,0.09269999999999999,0.0888,-0.3106,0.12380000000000001,0.0209,0.0907,0.11019999999999999,0.08539999999999999,0.10210000000000001,0.0652,0.0513,0.049400000000000006,0.050300000000000004,0.057699999999999994,0.0817
2015-11-30,0.0034999999999999996,-0.0069,-0.030299999999999997,-0.004,-0.0127,-0.011200000000000002,-0.013999999999999999,0.0058,0.0169,-0.026099999999999998,0.0466,-0.0129,0.02,0.013500000000000002,0.019799999999999998,-0.0040999999999999995,-0.0613,0.09970000000000001,0.0104,-0.0342,-0.0192,0.0191,0.0031,-0.0002,-0.011399999999999999,0.0291,0.009000000000000001,-0.009899999999999999,0.0217,0.0054
2015-12-31,0.018600000000000002,0.0033,0.0158,-0.0172,-0.0611,0.018500000000000003,-0.0421,0.0032,-0.0467,-0.0262,-0.0527,-0.0222,-0.057300000000000004,-0.0019,-0.041299999999999996,-0.0181,-0.0645,-0.0669,-0.0966,-0.0239,-0.0296,-0.0101,-0.045700000000000005,-0.0369,-0.049800000000000004,-0.0168,0.0045000000000000005,-0.0087,-0.0286,0.0108
2016-01-31,-0.017,-0.0017000000000000001,0.0441,-0.08130000000000001,-0.052300000000000006,0.0038,0.0172,-0.1012,-0.1107,-0.053099999999999994,-0.086,-0.0968,-0.0495,-0.08220000000000001,-0.132,-0.0964,-0.051500000000000004,-0.0412,-0.0436,0.0467,0.0039000000000000003,-0.048600000000000004,-0.07719999999999999,-0.0524,-0.0876,-0.0837,-0.0495,-0.0066,-0.0973,-0.0368
2016-02-29,0.009300000000000001,-0.023399999999999997,0.0095,0.041100000000000005,-0.0115,-0.0004,0.0131,-0.0097,0.06860000000000001,0.006500000000000001,0.0209,0.0738,0.0493,0.0354,0.0409,0.031400000000000004,0.1258,0.0625,-0.030299999999999997,0.0172,0.0091,-0.0242,0.014499999999999999,0.0304,0.071,0.044500000000000005,-0.0034999999999999996,0.0079,-0.0301,0.0231
2016-03-31,0.0464,0.056799999999999996,0.0492,0.0876,0.07200000000000001,0.0483,0.0253,0.0395,0.0839,0.036000000000000004,0.11460000000000001,0.1775,0.09789999999999999,0.0911,0.1061,0.0406,0.1328,0.26539999999999997,0.10859999999999999,0.0784,0.0616,0.0803,0.0883,0.08199999999999999,0.06860000000000001,0.061399999999999996,0.057699999999999994,0.0537,0.066,0.0717
2016-04-30,0.0060999999999999995,0.0037,-0.0028000000000000004,-0.0622,0.0195,-0.005699999999999999,-0.022400000000000003,0.0496,0.0378,0.0154,0.0042,0.0986,0.0351,0.0235,0.0161,0.0512,0.16079999999999997,0.28300000000000003,0.0916,-0.008,0.0069,-0.0282,-0.0542,0.008100000000000001,-0.011200000000000002,0.0012,-0.0024,-0.023799999999999998,0.0417,-0.0006
2016-05-31,0.0206,-0.009000000000000001,0.008199999999999999,0.0556,-0.0073,0.0034000000000000002,-0.0478,0.0242,-0.013000000000000001,-0.0168,0.0347,-0.085,0.003,-0.01,-0.0252,-0.0177,-0.051500000000000004,0.015700000000000002,-0.0060999999999999995,0.022400000000000003,0.0017000000000000001,0.0479,0.0553,0.018000000000000002,-0.0216,0.015600000000000001,0.0118,-0.0144,0.022000000000000002,-0.0149
2016-06-30,0.0478,0.053399999999999996,0.07,-0.044800000000000006,-0.0062,0.034,0.018500000000000003,-0.0017000000000000001,-0.0109,-0.0467,-0.0123,0.0258,-0.0078000000000000005,-0.0015,-0.0701,0.0078000000000000005,0.08310000000000001,0.0526,0.0255,0.07429999999999999,0.0355,-0.02,-0.0137,0.021099999999999997,-0.0282,0.0163,0.006,0.011200000000000002,-0.0533,0.0397
2016-07-31,-0.0058,0.0181,-0.0277,0.0617,0.0745,0.0262,0.0196,0.0616,0.0434,0.09759999999999999,0.0559,0.1373,0.0665,0.051699999999999996,0.0888,0.0414,0.076,0.20920000000000002,-0.0281,-0.0026,0.0225,0.0689,0.07980000000000001,0.026600000000000002,0.0546,0.0344,0.0432,0.0222,0.0406,-0.0024
2016-08-31,-0.0051,-0.0086,-0.012,0.0092,0.0034000000000000002,0.0146,0.0103,-0.0315,0.024700000000000003,0.0166,0.008,-0.0768,0.0398,0.0015,-0.0048,0.0031,-0.0975,-0.0453,0.016399999999999998,-0.0378,-0.0317,0.011399999999999999,0.0233,0.018799999999999997,0.0109,-0.0102,-0.015700000000000002,-0.0021,0.0492,0.0143
2016-09-30,-0.029300000000000003,0.0177,-0.0278,0.04769999999999999,-0.0395,0.003,-0.0674,0.006,-0.0172,-0.048799999999999996,-0.024300000000000002,0.024700000000000003,0.0263,0.015700000000000002,-0.003,-0.0063,0.022000000000000002,0.0768,0.0282,0.0183,0.004699999999999999,0.006999999999999999,0.039900000000000005,-0.0007000000000000001,0.0298,-0.0262,-0.0005,-0.0215,-0.0149,-0.0337
2016-10-31,-0.0032,-0.0168,0.0461,0.0581,-0.1038,-0.0308,-0.0535,-0.0753,-0.0187,-0.0738,-0.0394,-0.029300000000000003,-0.0388,-0.056799999999999996,-0.0327,0.0219,0.0077,-0.0866,-0.0297,-0.0066,-0.0305,-0.0034999999999999996,-0.022400000000000003,-0.0559,-0.0073,-0.0812,-0.037599999999999995,-0.0195,0.0154,-0.0059
2016-11-30,-0.045700000000000005,-0.0579,-0.0512,0.0383,0.0786,-0.0359,0.0132,0.0239,0.0761,0.07919999999999999,0.0981,0.21660000000000001,0.124,0.09390000000000001,0.0675,0.0882,0.1168,0.20850000000000002,0.0956,-0.0265,0.0654,-0.0001,0.0241,0.0398,0.1295,0.09539999999999998,0.027200000000000002,0.0861,0.1332,0.0747
2016-12-31,0.043899999999999995,0.0298,0.054299999999999994,-0.0338,0.0204,0.0165,-0.008199999999999999,0.0069,0.0034999999999999996,0.0171,0.0014000000000000002,-0.0216,-0.0019,-0.0073,0.0433,0.0141,-0.0172,-0.0964,0.0204,0.0361,0.0489,-0.0004,0.0207,0.0167,0.0097,0.022400000000000003,-0.008,0.0052,0.0387,0.0232
2017-01-31,0.0097,-0.0095,0.0565,0.0495,0.0165,0.0265,0.0033,0.0202,0.0383,0.056299999999999996,0.0393,0.0349,0.0451,0.0406,0.053899999999999997,0.0195,0.12359999999999999,-0.053099999999999994,-0.043,0.0109,0.0333,0.0542,0.032799999999999996,0.0242,0.0204,0.0197,0.0108,0.006999999999999999,0.0052,-0.015600000000000001
2017-02-28,0.016399999999999998,0.061500000000000006,0.07980000000000001,0.0078000000000000005,-0.0037,0.05,0.0275,0.0697,0.0313,0.0408,0.0216,0.0917,0.0229,0.0225,0.008100000000000001,0.0635,-0.08410000000000001,-0.094,-0.0242,0.0385,-0.0012,0.032400000000000005,0.067,0.0329,0.0278,0.026099999999999998,0.0296,0.0254,0.045700000000000005,0.034
2017-03-31,0.0059,0.0088,0.0105,0.056600000000000004,-0.0088,-0.0034000000000000002,0.0077,0.0004,0.022000000000000002,0.0129,0.025099999999999997,-0.0617,0.0148,0.0055000000000000005,-0.0031,-0.018000000000000002,-0.023700000000000002,0.055099999999999996,-0.0124,0.0038,0.0088,0.0182,0.023700000000000002,0.0018,-0.0288,-0.0111,0.008100000000000001,0.0275,-0.0232,-0.011200000000000002
2017-04-30,0.008100000000000001,0.019299999999999998,-0.0009,0.0282,-0.0068000000000000005,-0.0045000000000000005,-0.0102,0.009300000000000001,0.013300000000000001,0.025699999999999997,0.0070999999999999995,-0.005600000000000001,0.04019999999999999,-0.0045000000000000005,0.0184,0.0462,-0.0127,-0.1185,-0.0269,0.0032,0.0011,0.0391,0.0085,0.0204,0.0223,-0.0332,0.0333,0.0432,0.0016,-0.008
2017-05-31,0.0176,0.043,0.061799999999999994,0.0335,-0.015600000000000001,0.0173,-0.018000000000000002,-0.0027,-0.0058,0.0177,-0.023700000000000002,-0.046,0.028999999999999998,-0.021,-0.0048,0.027000000000000003,-0.0108,-0.0512,-0.0339,0.024399999999999998,-0.0152,0.036699999999999997,0.0453,0.0292,0.0275,0.0254,0.0062,0.0709,-0.011399999999999999,-0.008100000000000001
2017-06-30,-0.026699999999999998,-0.0121,-0.012199999999999999,-0.0019,0.0274,-0.003,0.0932,0.0553,0.0197,0.0151,0.0403,-0.0019,-0.0017000000000000001,0.0199,0.0359,0.0178,-0.0052,0.0227,-0.0012,-0.0191,-0.0246,-0.0052,-0.0337,0.0192,0.0344,0.0019,-0.023799999999999998,-0.024700000000000003,0.059500000000000004,0.0084
2017-07-31,0.0159,0.012199999999999999,-0.0438,0.049699999999999994,0.024700000000000003,0.018600000000000002,0.013300000000000001,0.0069,0.011200000000000002,0.022400000000000003,0.0027,0.013000000000000001,0.0311,-0.0002,-0.0095,0.0701,0.0862,0.12789999999999999,0.0196,0.029900000000000003,0.0533,0.0407,0.0305,-0.0235,-0.046,-0.0079,0.0104,-0.0235,0.018500000000000003,0.009399999999999999
2017-08-31,-0.0274,0.0105,-0.0087,-0.012199999999999999,-0.06280000000000001,0.0008,-0.0496,0.0259,0.0165,0.0127,-0.005600000000000001,0.0167,-0.0175,-0.0268,0.019,0.0222,0.0091,-0.0051,-0.0518,0.0218,-0.0248,0.0146,0.0492,0.008199999999999999,0.0053,-0.042300000000000004,-0.0166,0.013500000000000002,-0.0129,0.0098
2017-09-30,0.0045000000000000005,-0.0292,-0.0204,0.035699999999999996,0.0353,-0.002,0.013600000000000001,0.0208,0.044800000000000006,0.0004,0.0759,0.0373,0.0908,0.0559,0.07629999999999999,0.0279,-0.0195,0.0139,0.1105,-0.0195,-0.015,0.0054,0.010700000000000001,0.025099999999999997,0.0637,0.045700000000000005,0.028399999999999998,0.0013,0.0528,0.011200000000000002
2017-10-31,0.0079,0.013000000000000001,-0.0282,0.0203,-0.018799999999999997,-0.0305,0.0278,-0.0225,0.056600000000000004,0.0542,0.0581,0.0229,0.055999999999999994,0.0464,0.022000000000000002,0.0192,0.013300000000000001,0.0217,0.0040999999999999995,0.0302,-0.0558,0.0632,0.0712,0.043899999999999995,-0.018600000000000002,-0.0085,0.0327,0.0387,0.0337,-0.0231
2017-11-30,0.04190000000000001,0.0441,0.0141,0.0337,0.1017,0.0471,0.0729,0.0248,0.0215,0.0755,0.0717,-0.0144,0.0223,0.0052,0.0060999999999999995,0.0401,0.0017000000000000001,0.0942,0.0292,0.0242,0.0401,0.0034999999999999996,0.0252,0.0431,0.0688,0.036699999999999997,0.0904,0.0533,0.039599999999999996,0.0088
2017-12-31,-0.0001,0.044000000000000004,0.0496,0.0078000000000000005,0.0115,0.024,0.045599999999999995,-0.0016,0.0063,-0.0222,0.0148,0.1321,0.0239,0.0331,-0.0123,0.039,0.1151,0.1168,0.049800000000000004,-0.049800000000000004,0.0449,0.0038,-0.0083,-0.0086,0.03,0.0429,0.0263,0.0127,0.0103,0.0078000000000000005
2018-01-31,0.0246,-0.0012,0.0013,0.1714,0.0426,-0.0233,0.07150000000000001,0.0639,0.0171,0.016,-0.0002,0.036000000000000004,0.0383,0.0227,0.035699999999999996,0.1232,0.0348,0.0091,0.027999999999999997,-0.0281,0.0315,0.094,0.055099999999999996,0.043899999999999995,0.0253,0.0473,0.1155,0.0252,0.0613,0.044199999999999996
2018-02-28,-0.0676,-0.0674,-0.0661,0.0075,-0.0332,-0.0666,-0.0191,-0.0349,-0.051699999999999996,-0.12480000000000001,-0.0977,-0.0199,-0.0414,-0.0555,-0.0632,0.0002,-0.0333,0.0587,-0.1094,-0.0454,-0.0705,-0.0175,0.019799999999999998,-0.0527,-0.0629,-0.053899999999999997,-0.044500000000000005,-0.0403,-0.0259,-0.0473
2018-03-31,-0.0184,0.0125,-0.0165,-0.003,0.0044,0.0187,0.0068000000000000005,-0.0239,-0.0187,-0.0216,0.0048,-0.0587,-0.0109,-0.0147,-0.06709999999999999,-0.0581,-0.0014000000000000002,-0.0645,0.0318,0.0317,-0.0253,-0.0322,-0.0271,-0.0437,0.0058,-0.0104,-0.033,-0.0028000000000000004,-0.0344,-0.0331
2018-04-30,-0.0158,-0.0437,-0.1417,0.032400000000000005,-0.006,-0.055999999999999994,0.0329,-0.0005,0.0077,-0.0958,-0.030899999999999997,0.0368,-0.0545,-0.0659,0.0017000000000000001,-0.0175,-0.0332,-0.024900000000000002,0.1009,0.0278,-0.0231,0.0125,-0.020499999999999997,-0.061,0.0026,0.0086,0.041100000000000005,0.036699999999999997,0.0115,-0.0151
2018-05-31,-0.0079,-0.012199999999999999,-0.0187,0.0894,-0.0046,-0.0033,0.038900000000000004,0.023799999999999998,0.022799999999999997,-0.014199999999999999,0.0195,0.0558,0.0288,0.07980000000000001,0.0362,0.044199999999999996,0.0308,0.1167,0.0334,0.0027,-0.0131,0.0579,0.0779,0.0078000000000000005,0.0493,0.015700000000000002,0.0129,-0.0208,0.0038,0.0002
2018-06-30,0.049100000000000005,0.044000000000000004,0.0308,0.0483,0.022400000000000003,0.0406,0.0677,0.0147,0.0034999999999999996,0.0342,-0.0152,-0.050199999999999995,-0.0501,-0.0146,0.006500000000000001,-0.0302,-0.0179,0.0407,0.004699999999999999,0.025699999999999997,0.06509999999999999,0.011000000000000001,-0.020099999999999996,-0.0044,-0.035,0.0034000000000000002,0.0416,-0.0292,-0.0103,-0.0206
2018-07-31,0.023399999999999997,0.0354,0.0524,-0.062400000000000004,-0.042,0.022799999999999997,0.0070999999999999995,0.0591,0.048499999999999995,-0.0908,0.0258,0.0425,0.0617,0.0908,-0.031200000000000002,0.0729,-0.0225,-0.031,0.0109,0.0168,0.0273,0.0225,0.0276,0.059500000000000004,0.0784,0.023799999999999998,0.034,0.013999999999999999,0.0425,0.0634
2018-08-31,-0.0054,-0.019,-0.054400000000000004,0.0259,-0.045899999999999996,0.0259,0.0508,0.045,0.0002,0.0364,0.0048,-0.0323,-0.021099999999999997,-0.0022,-0.0174,-0.0217,-0.1076,-0.0070999999999999995,-0.028900000000000002,0.009300000000000001,0.028900000000000002,0.0524,0.0959,-0.0034000000000000002,0.0291,0.0369,0.0907,0.0366,0.024399999999999998,0.0206
2018-09-30,-0.0034999999999999996,0.002,0.0538,-0.004699999999999999,-0.0217,0.011000000000000001,0.0111,0.0208,-0.0311,-0.06509999999999999,-0.0311,-0.0069,0.0084,-0.002,-0.050499999999999996,0.0644,-0.0172,-0.0608,0.0347,-0.005699999999999999,0.0179,-0.0024,-0.0018,-0.0034000000000000002,0.0125,-0.0147,0.0051,0.0298,-0.0207,0.0101
2018-10-31,0.0098,-0.016,0.079,-0.15839999999999999,-0.0652,-0.0036,-0.1007,-0.08789999999999999,-0.1109,-0.25989999999999996,-0.12960000000000002,-0.1162,-0.1405,-0.11789999999999999,0.009899999999999999,-0.0975,-0.1033,0.0131,-0.1177,-0.0006,-0.0040999999999999995,-0.09119999999999999,-0.0818,-0.09820000000000001,-0.09759999999999999,-0.0779,-0.10289999999999999,-0.016200000000000003,-0.0559,-0.0669
2018-11-30,0.0268,0.058499999999999996,-0.08410000000000001,-0.0036,0.0323,0.0639,-0.0097,0.0641,0.049800000000000004,0.0291,0.0344,-0.03,0.0716,0.0363,0.038,0.011399999999999999,-0.01,-0.1409,-0.0216,0.0326,0.0252,0.0123,-0.047,0.0814,0.0621,0.0317,0.018500000000000003,0.0639,0.0287,0.023700000000000002
2018-12-31,-0.09820000000000001,-0.09720000000000001,-0.1585,-0.0839,-0.1537,-0.0546,-0.0784,-0.0824,-0.078,-0.1002,-0.11019999999999999,-0.1479,-0.0958,-0.1229,-0.11289999999999999,-0.1066,-0.0705,-0.0209,-0.1317,-0.04769999999999999,-0.087,-0.0774,-0.0901,-0.08650000000000001,-0.1517,-0.1121,-0.09119999999999999,-0.062400000000000004,-0.1157,-0.073
2019-01-31,0.0662,0.0353,0.0787,0.1905,0.14,0.0658,0.1249,0.053099999999999994,0.0553,0.09699999999999999,0.1332,0.171,0.1093,0.1134,0.0977,0.1501,0.0768,0.1424,0.1033,0.0538,0.0545,0.1051,0.0746,0.0817,0.0993,0.0883,0.08990000000000001,0.0458,0.0987,0.0669
2019-02-28,-0.0354,0.0239,0.10210000000000001,0.0394,0.042800000000000005,0.0475,0.0555,0.033,0.038900000000000004,0.0673,0.0406,0.0227,0.0398,0.0536,0.0268,0.0992,0.0666,-0.042699999999999995,0.0245,0.0355,0.0304,0.045899999999999996,0.0738,0.0305,0.0415,0.0455,-0.0004,0.0429,0.0276,0.0134
2019-03-31,0.0383,0.049100000000000005,0.0646,-0.0019,-0.056299999999999996,0.0436,-0.0029,0.0051,-0.0152,-0.0776,0.0036,-0.04650000000000001,0.0024,-0.038900000000000004,-0.0604,-0.0661,0.054000000000000006,-0.0189,0.0206,0.0333,0.006,0.031200000000000002,0.0435,0.014499999999999999,-0.0042,-0.0151,0.039,0.0382,-0.025099999999999997,0.0013
2019-04-30,0.035699999999999996,0.06570000000000001,-0.0355,0.0626,0.0149,0.0323,0.05,-0.0316,0.055,0.0684,0.07200000000000001,-0.0264,0.0638,0.064,0.0426,0.0356,-0.015300000000000001,0.0286,0.0011,0.01,0.059800000000000006,0.0621,0.053,-0.0209,0.0496,0.0392,0.0495,0.039599999999999996,0.0713,0.0693
2019-05-31,-0.0323,-0.039900000000000005,-0.10289999999999999,-0.08789999999999999,-0.09720000000000001,-0.0385,-0.10890000000000001,-0.034,-0.1293,-0.023399999999999997,-0.0716,-0.15460000000000002,-0.11789999999999999,-0.11699999999999999,-0.1445,-0.0895,-0.0848,-0.1211,-0.1193,-0.0155,-0.03,-0.057800000000000004,-0.1162,-0.0917,-0.0934,-0.0592,-0.07,-0.0141,-0.0558,-0.063
2019-06-30,0.0462,0.0525,0.01,0.0737,0.0791,0.06849999999999999,0.0904,0.0682,0.1096,0.09720000000000001,0.086,0.1604,0.12240000000000001,0.1065,0.1392,0.0735,0.1489,0.0296,0.08900000000000001,0.0364,0.051500000000000004,0.0571,0.1116,0.0837,0.0669,0.0747,0.0722,0.0737,0.062,0.07519999999999999
2019-07-31,0.0258,-0.0215,0.0338,-0.0216,0.0332,0.0489,0.009300000000000001,-0.0216,0.0132,-0.1115,0.003,-0.0254,0.0059,-0.008100000000000001,0.0095,-0.0192,-0.0279,-0.1192,-0.0262,-0.0101,0.020499999999999997,0.0363,0.0326,0.0055000000000000005,0.0195,0.0014000000000000002,0.005600000000000001,0.0323,0.031400000000000004,-0.019
2019-08-31,0.0088,0.0617,-0.1105,-0.06269999999999999,-0.0452,0.0158,-0.059000000000000004,-0.0064,-0.0516,-0.0547,0.0016,-0.12029999999999999,-0.0642,-0.0516,-0.08,0.032,-0.024700000000000003,-0.1519,-0.08529999999999999,0.0345,0.0029,-0.0208,-0.0311,-0.0294,-0.071,-0.0245,-0.001,0.0149,-0.0483,-0.0259
2019-09-30,0.0062,0.017,0.0199,-0.0441,0.0121,0.0173,0.0986,-0.0098,0.0512,0.0737,0.0637,0.0709,0.0604,0.0557,0.057,0.0245,0.0302,-0.08650000000000001,0.0379,0.0394,0.0126,-0.0098,0.042300000000000004,0.0171,0.004699999999999999,0.0582,0.008199999999999999,-0.025,0.026699999999999998,0.025699999999999997
2019-10-31,-0.0158,-0.0106,0.081,0.0572,0.0212,-0.0068000000000000005,-0.0222,0.0466,-0.011699999999999999,0.10800000000000001,0.0291,0.0354,0.0622,0.0304,0.0717,-0.0354,0.0111,-0.11109999999999999,-0.0209,-0.0139,0.0219,0.018799999999999997,0.0509,0.0001,0.0155,0.026699999999999998,0.0151,-0.043,0.0339,0.0189
2019-11-30,0.0194,-0.006,0.0552,0.0613,-0.0131,-0.0134,0.0546,0.0548,0.0382,-0.0226,0.0322,0.0608,0.028999999999999998,0.0892,0.0313,0.0647,0.0341,-0.09789999999999999,0.0115,-0.021400000000000002,0.024700000000000003,0.0509,0.050199999999999995,0.0313,0.0276,0.041299999999999996,0.0206,0.027000000000000003,0.0574,0.0436
2019-12-31,0.0366,0.0139,0.0321,0.042199999999999994,0.0319,0.025699999999999997,0.0789,0.0345,0.013600000000000001,-0.0337,-0.0013,0.0078000000000000005,0.0392,0.023799999999999998,0.0751,-0.0496,0.1012,0.006500000000000001,0.06280000000000001,0.0412,0.0104,0.0183,0.0632,0.0216,-0.0021,0.0241,0.0121,0.0227,0.0262,0.015600000000000001
2020-01-31,0.009399999999999999,0.027000000000000003,-0.0366,0.0051,-0.047400000000000005,0.004,-0.0632,-0.0199,-0.0753,-0.0455,0.0226,-0.1531,-0.0513,-0.0438,0.09449999999999999,0.0003,-0.0594,-0.23129999999999998,-0.1189,0.0483,-0.0212,0.0506,0.0097,-0.0472,-0.0015,-0.030299999999999997,0.011399999999999999,0.015,-0.024399999999999998,0.0166
2020-02-29,-0.08779999999999999,-0.0748,-0.06709999999999999,-0.0513,-0.0661,-0.08460000000000001,-0.1011,-0.0537,-0.0974,-0.0815,-0.08529999999999999,-0.1027,-0.0536,-0.06509999999999999,-0.0625,-0.1211,-0.09210000000000002,-0.0873,-0.1553,-0.0989,-0.0622,-0.0556,-0.0902,-0.0741,-0.1091,-0.094,-0.0603,-0.09380000000000001,-0.10710000000000001,-0.0885
2020-03-31,-0.0875,-0.1,-0.0643,-0.1654,-0.2306,-0.0675,-0.1766,-0.0509,-0.17370000000000002,-0.3602,-0.2895,-0.2208,-0.1761,-0.2107,-0.2409,-0.3502,-0.1274,-0.40990000000000004,-0.3465,-0.1305,-0.1322,-0.1139,-0.08650000000000001,-0.09720000000000001,-0.16820000000000002,-0.1773,-0.045,-0.2212,-0.20199999999999999,-0.14029999999999998
2020-04-30,0.0729,0.1094,0.019799999999999998,0.14980000000000002,0.0889,0.1025,0.09570000000000001,0.13449999999999998,0.16760000000000003,0.1319,0.1761,0.1164,0.0975,0.1458,0.2884,0.0747,0.1984,0.1795,0.3284,0.0518,0.09210000000000002,0.15990000000000001,0.13970000000000002,0.0973,0.0861,0.1253,0.18789999999999998,0.1867,0.11960000000000001,0.042800000000000005
2020-05-31,0.038599999999999995,0.0092,-0.0121,0.032,0.1121,0.0213,0.1143,0.0416,0.09230000000000001,0.08039999999999999,0.1322,0.0582,0.0709,0.09609999999999999,0.09179999999999999,0.0546,0.0262,0.0317,0.005600000000000001,0.0463,0.0481,0.0782,0.0802,0.029300000000000003,0.0805,0.0799,0.042800000000000005,0.026000000000000002,0.0365,0.0105
2020-06-30,-0.013999999999999999,0.0034999999999999996,-0.0075,0.032,0.013999999999999999,0.0197,0.025,-0.0144,0.008,0.0579,0.0362,0.04650000000000001,0.049100000000000005,0.052300000000000006,0.1611,0.059699999999999996,0.08960000000000001,-0.0641,-0.0037,-0.050199999999999995,-0.0262,0.0513,0.0663,0.0049,0.011200000000000002,0.0132,0.0558,-0.0236,-0.0034999999999999996,-0.0195
2020-07-31,0.06309999999999999,0.054299999999999994,0.07780000000000001,0.057999999999999996,0.049100000000000005,0.07780000000000001,0.0066,0.043899999999999995,0.0722,-0.1895,0.09939999999999999,0.0223,0.08960000000000001,0.08869999999999999,0.20420000000000002,-0.0709,0.0953,0.0654,-0.048600000000000004,0.0634,0.0506,0.051399999999999994,0.09519999999999999,0.0087,0.06480000000000001,0.0521,0.1036,0.0435,0.0197,0.0617
2020-08-31,0.0406,0.026000000000000002,0.04769999999999999,0.11699999999999999,0.0373,0.0483,0.12210000000000001,0.0235,0.0512,0.1255,0.0761,0.0827,0.0473,0.1229,0.4755,0.0816,0.0506,0.0213,-0.0127,-0.0225,0.055999999999999994,0.0928,0.1176,0.0658,0.1303,0.050199999999999995,0.0802,0.1225,0.049,0.0889
2020-09-30,-0.026600000000000002,0.0025,-0.0664,-0.0225,-0.046,-0.0066,0.0584,-0.0143,0.0103,0.0262,0.0078000000000000005,-0.049100000000000005,0.0037,0.0074,-0.1051,-0.0535,-0.011399999999999999,0.0821,-0.1516,-0.0032,-0.0197,-0.0507,-0.051399999999999994,-0.0022,0.0141,-0.023799999999999998,-0.0455,-0.0077,-0.040999999999999995,-0.013600000000000001
2020-10-31,-0.024900000000000002,-0.046,-0.056900000000000006,-0.024900000000000002,-0.0629,-0.0054,-0.0176,-0.0437,-0.0013,0.052300000000000006,-0.0353,0.07339999999999999,0.024700000000000003,-0.0049,-0.04650000000000001,-0.058600000000000006,0.0719,-0.18969999999999998,-0.0447,0.0447,-0.038900000000000004,-0.0104,-0.0318,0.0026,-0.0338,-0.008100000000000001,-0.030600000000000002,-0.0091,-0.0078000000000000005,-0.0291
2020-11-30,0.0825,0.111,0.0805,0.1331,0.2384,0.0576,0.1445,0.0983,0.125,0.24050000000000002,0.1277,0.1911,0.17579999999999998,0.18289999999999998,0.36450000000000005,0.3146,0.0766,0.1597,0.2872,0.026600000000000002,0.1447,0.10400000000000001,0.1173,0.0973,0.1745,0.1598,0.0747,0.1118,0.1634,0.1501
2020-12-31,0.0364,0.0331,0.0866,0.1108,0.1119,0.0078000000000000005,0.044000000000000004,0.0471,0.0332,0.1177,0.0279,0.0647,0.028999999999999998,0.0363,0.16899999999999998,0.0252,0.08650000000000001,0.27390000000000003,0.055999999999999994,0.0062,0.0512,0.0358,0.0721,0.015700000000000002,0.008100000000000001,0.0321,0.009399999999999999,0.0398,0.0694,0.024
2021-01-31,-0.04190000000000001,-0.0688,-0.022799999999999997,-0.0183,0.0425,-0.059500000000000004,-0.048499999999999995,0.0342,-0.0043,0.0127,0.0337,-0.04769999999999999,0.0216,0.0265,0.1246,-0.0693,0.0106,0.11199999999999999,0.0518,-0.0044,-0.0355,-0.0022,0.0126,-0.0189,-0.0451,-0.0252,0.0070999999999999995,-0.043899999999999995,-0.0282,-0.029500000000000002
2021-02-28,0.0075,-0.0333,0.057300000000000004,0.0771,0.1369,-0.0005,0.0406,-0.0125,0.024900000000000002,0.1997,0.0562,0.17420000000000002,0.1189,0.0649,-0.0999,0.087,0.0891,0.0487,0.2396,-0.045899999999999996,0.0426,0.0436,-0.019,0.0144,0.0913,0.052300000000000006,-0.0318,0.0767,0.1075,0.056600000000000004
2021-03-31,0.075,0.08410000000000001,0.1173,-0.042199999999999994,0.0518,0.0739,0.0037,-0.0009,0.0775,0.0833,0.1137,0.2224,0.0718,0.0443,0.0098,0.1133,0.0173,-0.1367,0.022400000000000003,0.1039,0.0163,0.0038,0.0169,0.0806,0.0784,0.08869999999999999,0.055999999999999994,0.0325,0.0587,0.0662
2021-04-30,0.029500000000000002,0.0358,0.0143,0.0053,0.0039000000000000003,0.0161,0.049400000000000006,0.0296,0.044000000000000004,0.06309999999999999,0.060899999999999996,0.0286,0.0231,-0.0072,0.0416,0.0144,0.0535,-0.0078000000000000005,0.0059,0.0398,0.0308,0.0809,0.0407,0.0418,0.0392,0.056900000000000006,0.0741,0.0533,0.061900000000000004,0.0541
2021-05-31,0.0274,0.0213,0.0204,0.0003,0.031400000000000004,0.0042,-0.0074,-0.0012,0.0484,0.0317,-0.005699999999999999,0.1442,0.0229,-0.002,-0.06509999999999999,0.048600000000000004,0.09880000000000001,0.3677,0.0617,-0.0116,-0.0051,-0.0083,-0.0076,0.0158,0.020099999999999996,0.0109,-0.0273,-0.0138,0.0321,0.0436
2021-06-30,-0.025099999999999997,-0.0097,0.0199,0.0352,-0.0032,-0.0051,0.08560000000000001,0.0441,-0.0501,-0.07339999999999999,-0.0361,-0.061200000000000004,-0.013300000000000001,0.0594,0.0542,-0.0269,-0.0929,0.066,0.055999999999999994,-0.014199999999999999,-0.0001,0.06280000000000001,0.0742,-0.0223,-0.0447,-0.018000000000000002,0.0384,-0.0073,-0.0226,-0.0276
2021-07-31,-0.0005,0.0129,0.0096,-0.0727,-0.026099999999999998,0.0392,0.0478,0.028399999999999998,0.0022,0.0009,0.013999999999999999,0.07200000000000001,0.0039000000000000003,-0.0043,-0.0063,-0.009899999999999999,0.0096,0.1724,-0.0889,0.0297,0.0036,0.0329,0.0359,-0.011000000000000001,-0.0447,0.0235,-0.0079,0.052000000000000005,0.0021,0.0044
2021-08-31,-0.0026,-0.0158,0.0347,0.0571,0.003,0.0002,-0.0059,0.028399999999999998,0.0058,-0.0032,0.0207,0.0351,0.0115,0.0169,0.0258,-0.0166,-0.0317,0.22649999999999998,-0.0134,0.0323,0.0137,0.0489,0.0403,0.0323,0.0008,0.0138,0.0301,-0.0097,0.0286,0.0187
2021-09-30,-0.0365,-0.0296,-0.0712,-0.0083,0.0132,-0.0415,-0.0915,-0.0602,-0.055099999999999996,-0.08039999999999999,-0.0756,-0.10640000000000001,-0.0751,-0.0625,0.0449,0.0003,-0.0886,0.109,0.1127,-0.0487,-0.0558,-0.0632,-0.0582,-0.0709,-0.029500000000000002,-0.045700000000000005,-0.0454,-0.0072,-0.0154,-0.0464
2021-10-31,0.0342,0.0536,-0.0137,0.0718,0.0225,0.0382,0.12269999999999999,0.0223,0.0883,0.0059,0.073,0.1014,0.0475,0.13470000000000001,0.3385,0.0034000000000000002,0.0898,0.0464,0.10289999999999999,0.051100000000000007,-0.0424,0.0816,0.07150000000000001,0.0095,0.09949999999999999,0.0645,0.056900000000000006,0.009000000000000001,0.0707,0.0398
2021-11-30,-0.0395,0.0007000000000000001,-0.0702,-0.09720000000000001,-0.0338,0.009000000000000001,0.0011,-0.0426,-0.0055000000000000005,-0.043899999999999995,0.0392,-0.06280000000000001,0.011899999999999999,-0.0354,0.030600000000000002,-0.061500000000000006,0.005,-0.1873,-0.0538,-0.0197,-0.0719,-0.0403,0.0876,-0.024900000000000002,-0.058499999999999996,-0.0116,0.021400000000000002,-0.018600000000000002,-0.056799999999999996,-0.036699999999999997
2021-12-31,0.10460000000000001,0.0925,0.1245,-0.019,0.036699999999999997,0.1124,-0.0366,0.0658,0.0639,0.087,0.08439999999999999,0.09789999999999999,0.0449,-0.0401,-0.0536,0.0604,0.0908,0.1434,0.0292,0.08560000000000001,0.0395,-0.0009,0.0438,0.051500000000000004,0.08259999999999999,0.0876,-0.0011,0.0814,0.0472,0.053399999999999996
2022-01-31,0.0086,-0.0191,0.0788,-0.193,-0.0548,-0.0591,-0.11130000000000001,-0.0877,-0.0764,-0.1235,-0.1263,-0.1032,-0.0663,-0.1442,-0.09960000000000001,-0.0002,-0.055999999999999994,0.0066,0.1783,-0.021,-0.019299999999999998,-0.091,-0.07719999999999999,-0.0279,-0.056799999999999996,-0.0646,-0.0901,-0.083,-0.0069,0.0067
2022-02-28,0.0141,-0.053399999999999996,-0.008,-0.0091,0.0341,-0.042800000000000005,-0.0584,-0.0101,-0.0263,-0.07339999999999999,-0.0222,0.23879999999999998,-0.0449,0.0025,-0.0707,0.0932,0.1047,0.35509999999999997,0.0824,-0.0109,0.0029,-0.0645,-0.026600000000000002,-0.0616,-0.011200000000000002,0.0168,-0.0178,-0.0129,-0.016200000000000003,0.0115
2022-03-31,0.009899999999999999,0.0336,-0.022400000000000003,-0.0462,0.008100000000000001,-0.029300000000000003,-0.008100000000000001,0.051500000000000004,0.0316,-0.0907,-0.0602,0.1553,0.0302,0.0125,0.16690000000000002,-0.020499999999999997,0.09960000000000001,0.2595,0.0974,0.0969,-0.0242,0.027000000000000003,0.0435,0.0015,0.045,0.031,0.0346,0.0012,-0.0104,0.0689
2022-04-30,0.03,0.0304,0.0637,-0.2539,-0.09939999999999999,0.0233,-0.0691,-0.0691,-0.0239,0.0674,-0.0471,-0.0642,-0.1007,-0.1338,-0.17550000000000002,-0.0904,-0.1393,0.078,-0.013999999999999999,-0.0371,-0.1056,-0.1255,-0.1241,-0.0072,-0.10310000000000001,-0.0217,-0.1124,-0.0513,-0.07980000000000001,-0.0719
2022-05-31,-0.016399999999999998,-0.0159,0.0268,-0.0333,-0.073,-0.0524,-0.0674,0.0096,0.0481,0.0235,0.0414,-0.0818,0.030899999999999997,-0.0097,-0.0974,-0.029300000000000003,-0.034300000000000004,0.0207,0.1583,0.048,0.0866,-0.0321,-0.0086,-0.0066,-0.042199999999999994,0.0105,-0.056100000000000004,-0.020099999999999996,0.0288,-0.0079
2022-06-30,-0.0165,0.0001,-0.1168,-0.11019999999999999,-0.1252,-0.026699999999999998,-0.1192,-0.0202,-0.15439999999999998,-0.11220000000000001,-0.1097,-0.2115,-0.13570000000000002,-0.1017,-0.11699999999999999,-0.019299999999999998,-0.1766,-0.1073,-0.1666,-0.0654,-0.0663,-0.065,-0.1018,-0.0849,-0.0897,-0.0633,-0.0863,-0.0803,-0.09050000000000001,-0.10859999999999999
2022-07-31,0.036000000000000004,0.054299999999999994,0.0055000000000000005,0.1452,0.1201,0.0069,0.11789999999999999,0.0277,0.0759,0.069,0.1643,0.20440000000000003,0.1351,0.2164,0.2904,0.0647,0.0039000000000000003,0.0332,0.1043,0.06269999999999999,-0.0003,0.087,0.15789999999999998,0.0716,0.0951,0.0906,0.1641,0.114,0.0741,0.0894
2022-08-31,-0.0154,-0.0187,-0.0013,-0.0276,-0.0496,-0.0213,-0.059000000000000004,-0.0504,-0.0139,-0.122,-0.0691,-0.013000000000000001,-0.049800000000000004,-0.042800000000000005,-0.0572,-0.0176,-0.0406,0.1431,0.033,0.0011,-0.0287,-0.0489,-0.058600000000000006,-0.0771,-0.016399999999999998,-0.016200000000000003,-0.0344,-0.0167,-0.0216,-0.0264
2022-09-30,-0.0786,-0.053,-0.10619999999999999,-0.0605,-0.1349,-0.1056,-0.1751,-0.0192,-0.11199999999999999,-0.1553,-0.07780000000000001,-0.18,-0.0971,-0.10490000000000001,-0.0638,-0.1242,-0.055,-0.0966,-0.0929,-0.1161,-0.1386,-0.1106,-0.1167,-0.13269999999999998,-0.14029999999999998,-0.0951,-0.0768,-0.062,-0.0771,-0.0691
2022-10-31,0.09910000000000001,0.09369999999999999,0.1207,0.134,0.08779999999999999,0.0565,0.10880000000000001,0.08779999999999999,0.0895,0.0843,0.09910000000000001,0.1991,0.16879999999999998,0.024399999999999998,-0.075,0.1603,0.0753,0.1231,0.23920000000000002,0.0345,0.106,0.023,0.0883,0.1005,0.07429999999999999,0.1368,0.02,0.1058,0.12710000000000002,0.11800000000000001
2022-11-30,0.046,0.032400000000000005,0.0559,0.0699,0.1573,0.0943,0.1752,0.0535,0.10529999999999999,0.0699,0.0684,0.13970000000000002,0.09539999999999998,0.056299999999999996,-0.0942,0.0818,0.18420000000000003,0.1362,0.0088,0.06849999999999999,0.0218,0.055,0.0519,0.0694,0.10310000000000001,0.0506,0.0285,0.0601,0.048,0.0629
2022-12-31,-0.0222,-0.04019999999999999,0.018799999999999997,-0.0602,-0.0766,0.0079,-0.002,-0.0172,-0.06280000000000001,-0.0092,-0.024399999999999998,-0.076,-0.0426,-0.07519999999999999,-0.2999,0.017,-0.036699999999999997,-0.1293,-0.0412,-0.011200000000000002,-0.0682,-0.0672,-0.0911,-0.0408,-0.0722,-0.056299999999999996,-0.0892,-0.0642,-0.0555,-0.030299999999999997
2023-01-31,-0.0175,-0.0368,0.0146,0.18969999999999998,0.11470000000000001,-0.0043,0.09029999999999999,-0.0105,0.0916,0.1589,0.1336,0.2217,0.081,0.1232,0.3093,0.0378,0.1564,0.038900000000000004,0.027200000000000002,-0.012199999999999999,0.1356,0.0941,0.09849999999999999,0.0323,0.0989,0.0689,0.1094,0.09759999999999999,0.0637,0.0202
2023-02-28,-0.0187,0.0028000000000000004,-0.0338,-0.0418,-0.0455,-0.0274,-0.0602,-0.0429,-0.0453,-0.1288,0.0051,0.0207,-0.0085,0.0331,0.1192,-0.0176,-0.0629,0.0124,-0.0704,-0.053200000000000004,-0.065,-0.0202,0.013600000000000001,-0.047599999999999996,0.0005,-0.0034000000000000002,-0.0554,-0.0254,-0.024399999999999998,-0.0161
2023-03-31,0.0374,0.0424,0.0018,0.025699999999999997,-0.0387,0.0513,0.042199999999999994,0.024900000000000002,-0.0355,-0.057699999999999994,0.0026,-0.0808,0.0034000000000000002,-0.0383,-0.0037,0.0106,0.018799999999999997,-0.0575,-0.0029,0.0395,-0.001,0.0993,0.09849999999999999,0.0016,-0.0016,0.0060999999999999995,0.0355,0.0334,-0.0894,0.0217
2023-04-30,0.0296,0.042300000000000004,0.040999999999999995,0.0034999999999999996,0.015700000000000002,0.0437,0.0222,0.0412,-0.003,0.0418,0.0434,-0.0683,-0.0398,-0.0525,-0.16329999999999997,-0.0075,-0.0259,-0.0526,0.0269,0.0172,0.009899999999999999,0.0199,-0.0183,0.0008,-0.019299999999999998,0.0045000000000000005,0.0183,0.050499999999999996,0.0197,0.0441
2023-05-31,-0.048799999999999996,-0.030299999999999997,-0.0873,0.0213,-0.0063,-0.0909,-0.1359,-0.0366,-0.0764,-0.1137,-0.011899999999999999,-0.0848,-0.01,0.0115,0.1594,-0.041100000000000005,-0.059800000000000006,-0.12359999999999999,-0.0955,-0.0583,-0.0941,0.0774,0.08259999999999999,-0.0795,-0.0060999999999999995,-0.0127,0.0195,-0.051699999999999996,-0.037599999999999995,-0.023700000000000002
2023-06-30,0.0037,0.028300000000000002,0.0781,0.095,0.060599999999999994,0.0719,0.0713,0.0466,0.1119,0.12179999999999999,0.1751,0.2022,0.1423,0.1765,0.2559,0.0795,0.11380000000000001,0.2003,0.0634,0.025099999999999997,0.0462,0.044000000000000004,0.0802,0.0698,0.1115,0.11599999999999999,0.0785,0.0576,0.058600000000000006,0.067
2023-07-31,0.0196,0.032400000000000005,0.0149,0.0184,0.0429,0.0034000000000000002,0.0097,-0.0012,0.043899999999999995,0.0346,0.036699999999999997,0.0341,0.060599999999999994,0.039,0.028999999999999998,0.02,0.0818,0.087,0.0745,0.0277,0.0095,0.0461,0.0349,0.0519,0.0742,-0.0103,0.0319,0.0287,0.0642,0.011399999999999999
2023-08-31,-0.039599999999999996,-0.0462,-0.032799999999999996,-0.040999999999999995,0.0564,-0.0176,-0.060899999999999996,-0.0023,-0.0424,-0.0392,-0.0123,-0.0152,-0.0176,-0.08650000000000001,-0.0482,-0.026000000000000002,-0.06280000000000001,0.0336,0.0202,-0.0536,0.0016,-0.0183,-0.0152,-0.0227,-0.054400000000000004,-0.0152,0.0048,-0.0513,-0.0361,0.0079
2023-09-30,-0.0489,-0.051399999999999994,-0.0246,-0.1084,-0.0617,-0.0681,-0.044500000000000005,-0.047,-0.0617,-0.1192,-0.0842,-0.045899999999999996,-0.0669,-0.0742,-0.0242,-0.1025,-0.0684,0.2588,0.0298,-0.050499999999999996,-0.032,-0.0444,-0.0791,-0.052300000000000006,-0.046,-0.027000000000000003,-0.0613,-0.044500000000000005,-0.0203,-0.0354
2023-10-31,-0.0327,-0.0434,-0.04,0.0108,-0.0209,-0.0003,0.042699999999999995,-0.045899999999999996,-0.065,-0.062400000000000004,-0.061399999999999996,-0.0401,-0.0713,-0.1293,-0.1832,0.0345,-0.0425,-0.10099999999999999,-0.061,0.0102,-0.0013,-0.0036,-0.0388,-0.0296,-0.0673,-0.009000000000000001,0.006500000000000001,-0.0171,-0.0179,-0.011000000000000001
2023-11-30,0.041299999999999996,0.039,0.047599999999999996,0.1058,0.078,0.0496,0.106,0.057999999999999996,0.08039999999999999,0.0843,0.16149999999999998,0.1114,0.09910000000000001,0.1008,0.16510000000000002,0.1114,0.0824,0.1418,-0.0159,0.051500000000000004,0.0696,0.12179999999999999,0.1213,0.08869999999999999,0.12279999999999999,0.0791,0.0695,0.0767,0.1026,0.0621
2023-12-31,0.0362,0.0055000000000000005,0.009300000000000001,0.0443,0.0885,0.0031,0.0463,0.0691,0.08470000000000001,0.16649999999999998,0.1416,0.0966,0.1032,0.1321,0.0617,0.06849999999999999,0.1124,0.045,0.0001,0.0173,0.0225,0.035699999999999996,0.0629,0.042699999999999995,0.08039999999999999,0.0463,0.0638,0.0506,0.0676,0.017
2024-01-31,-0.013600000000000001,-0.008199999999999999,-0.025099999999999997,0.0673,-0.0042,0.0383,-0.0519,0.0352,-0.053099999999999994,-0.0254,-0.0154,0.0089,-0.0027,-0.0926,-0.18899999999999997,-0.0212,-0.0574,0.0732,-0.0021,-0.0301,0.045700000000000005,0.0344,0.023399999999999997,-0.045599999999999995,-0.0151,0.0294,0.0134,0.0062,0.0075,0.0338
2024-02-29,0.0187,0.001,0.0,0.062400000000000004,0.0155,0.03,0.0591,0.0463,0.0363,0.1211,0.1048,0.0487,0.087,0.0808,0.0723,0.025,0.019799999999999998,-0.07200000000000001,0.031400000000000004,0.0239,-0.027200000000000002,0.044800000000000006,0.07980000000000001,0.0347,0.0727,0.0572,0.1084,0.0546,0.0363,0.0665
2024-03-31,0.0333,0.046,0.0516,0.0102,-0.0053,0.0311,-0.0634,0.0219,0.0564,0.0723,0.07730000000000001,0.0548,0.0592,0.05,-0.0664,0.0315,0.1788,-0.042199999999999994,0.10439999999999999,0.0704,0.030899999999999997,0.0197,0.029500000000000002,0.079,0.0109,0.0441,0.027000000000000003,0.0088,0.0483,0.043899999999999995
2024-04-30,-0.0069,-0.0197,0.0246,-0.09050000000000001,-0.0593,-0.015600000000000001,-0.0636,-0.0587,-0.0724,-0.1215,-0.0703,-0.09269999999999999,-0.0574,-0.0761,-0.0023,-0.0109,0.043899999999999995,-0.008199999999999999,-0.0064,0.0158,-0.0653,-0.0519,-0.0353,0.0040999999999999995,-0.0794,-0.0592,-0.0507,-0.0232,-0.0418,-0.022400000000000003
2024-05-31,0.0021,-0.018000000000000002,0.0642,0.0904,0.1293,0.0019,0.0496,0.032,0.0499,0.06709999999999999,0.035,0.0443,0.0195,0.0467,-0.0086,0.0726,0.028900000000000002,0.07339999999999999,-0.0062,0.0803,0.0374,0.030600000000000002,0.134,0.0429,0.0034999999999999996,0.0015,0.036699999999999997,-0.0348,0.0354,0.0344
2024-06-30,-0.0222,-0.030699999999999998,0.0106,0.0381,0.0124,-0.0012,-0.1253,0.029300000000000003,-0.0524,-0.061900000000000004,-0.0529,-0.057800000000000004,0.021099999999999997,-0.0443,0.0697,-0.0369,-0.0659,-0.09230000000000001,-0.0206,-0.0416,-0.006,0.0689,0.07769999999999999,-0.0262,0.0301,-0.028399999999999998,0.0509,0.0059,-0.0028000000000000004,-0.011899999999999999
2024-07-31,0.0393,0.0304,0.11689999999999999,-0.0313,0.0301,-0.010700000000000001,-0.0236,0.0083,0.06570000000000001,0.3161,0.146,0.0642,-0.0021,0.0757,0.1198,0.08349999999999999,0.0434,0.0264,0.0196,0.0639,0.0385,-0.0252,0.0033,0.0548,0.0013,0.0646,-0.0013,-0.0265,0.0767,0.0647
2024-08-31,0.0506,0.0088,0.0796,0.0536,0.0171,0.0635,0.057800000000000004,0.0641,0.0158,-0.017,0.0072,-0.06849999999999999,-0.0147,-0.0331,-0.0537,0.0138,-0.0273,-0.0705,-0.029300000000000003,0.0458,0.0124,0.0167,0.0146,0.0305,0.0253,-0.0123,0.0076,0.0553,0.025,0.062
2024-09-30,0.0095,0.013000000000000001,-0.0132,0.042300000000000004,-0.0233,0.010700000000000001,0.057800000000000004,-0.0184,0.037599999999999995,0.016200000000000003,0.0552,0.018500000000000003,0.0464,0.0125,0.14800000000000002,-0.0144,0.079,0.0451,-0.0334,0.053399999999999996,0.0556,0.0354,0.022400000000000003,0.0087,0.0253,-0.0076,0.0409,0.054299999999999994,-0.005,-0.0066
2024-10-31,-0.053099999999999994,-0.051500000000000004,0.0839,0.038,0.0083,-0.0583,-0.061200000000000004,-0.0315,-0.0387,-0.1711,-0.0374,-0.0152,-0.048,-0.0023,-0.0313,-0.021,-0.0348,-0.0073,-0.004699999999999999,0.0069,0.023700000000000002,-0.0040999999999999995,0.0,-0.0359,0.014199999999999999,-0.0154,-0.0096,-0.0066,0.0264,-0.0282
2024-11-30,0.0063,-0.004,0.0215,0.13449999999999998,0.0547,0.0702,0.0785,-0.0051,0.0235,0.10710000000000001,0.0968,0.1042,0.0677,0.1081,0.3125,0.0346,-0.021400000000000002,0.11220000000000001,0.0647,0.0621,0.09179999999999999,0.067,0.035,0.051500000000000004,0.0817,0.1186,0.1025,0.0625,0.12029999999999999,0.07690000000000001
2024-12-31,-0.0475,-0.0603,-0.08259999999999999,-0.018500000000000003,-0.061500000000000006,-0.061200000000000004,0.0203,-0.0538,-0.1134,-0.1097,-0.1414,-0.17989999999999998,-0.08789999999999999,-0.084,0.1185,-0.0256,-0.11349999999999999,-0.1764,-0.0875,-0.07780000000000001,-0.0796,-0.0051,0.025,-0.075,-0.0863,-0.086,-0.003,-0.0426,-0.07339999999999999,-0.0636
2025-01-31,-0.0034000000000000002,-0.0375,0.0548,0.0645,0.0175,0.0016,0.026099999999999998,0.0635,0.041299999999999996,0.0209,0.0463,0.0649,0.0603,0.0242,0.0031,0.056600000000000004,0.0349,-0.09210000000000002,0.0149,0.0292,0.0137,0.0526,-0.0444,0.0025,0.020499999999999997,0.0478,0.0726,0.0364,0.0757,0.054900000000000004
2025-02-28,0.061399999999999996,0.02,0.15439999999999998,0.0002,-0.0347,0.036000000000000004,-0.052199999999999996,0.035,-0.0351,-0.0594,-0.0919,0.0382,-0.0403,-0.0803,-0.2351,0.0068000000000000005,-0.0321,-0.16870000000000002,0.033,0.0202,0.094,-0.0621,-0.0074,0.013500000000000002,0.009899999999999999,-0.0039000000000000003,-0.0506,0.0279,-0.0165,0.0432
2025-03-31,0.0195,-0.0004,0.048,-0.0678,-0.0273,-0.0233,-0.1825,-0.0416,-0.053099999999999994,-0.0434,-0.051699999999999996,-0.081,-0.0592,-0.1036,-0.1015,-0.0027,0.0363,-0.0069,0.0391,0.0076,-0.0134,-0.0795,-0.09820000000000001,-0.025699999999999997,-0.08039999999999999,-0.0052,-0.08650000000000001,-0.0728,-0.0482,0.0102
2025-04-30,-0.0022,-0.0581,0.0518,0.1301,0.0189,-0.0348,-0.0766,-0.0066,-0.0464,-0.063,0.0092,0.0032,-0.0304,-0.022799999999999997,0.06269999999999999,0.009899999999999999,0.026600000000000002,-0.0127,-0.1435,-0.0132,-0.049,0.0274,-0.011699999999999999,-0.0527,-0.0273,0.019799999999999998,0.0132,-0.0264,-0.0338,0.0079
2025-05-31,-0.004699999999999999,-0.0344,0.0462,0.0649,0.043,0.040999999999999995,0.1027,-0.0395,0.0233,-0.0271,0.0516,0.0397,0.08199999999999999,0.16510000000000002,0.1977,0.1024,0.034,-0.0166,0.0182,0.034300000000000004,0.038599999999999995,0.1109,0.0929,0.0453,0.0727,0.023799999999999998,0.0647,0.0368,0.043,0.0123
2025-06-30,-0.0067,-0.0167,0.0075,0.1011,0.0356,-0.0391,0.020099999999999996,0.020099999999999996,0.0034000000000000002,0.045899999999999996,0.0642,0.1043,0.0738,0.09390000000000001,-0.0637,0.059800000000000006,0.08449999999999999,0.0297,0.052300000000000006,0.0101,0.0363,0.0644,0.10800000000000001,-0.0212,0.0475,0.0155,0.0275,0.0196,0.055099999999999996,-0.0103
2025-07-31,-0.0226,0.0338,-0.0584,-0.0832,-0.0334,-0.031,0.025099999999999997,-0.0128,-0.0067,0.0095,0.0738,0.0342,0.036699999999999997,0.1308,-0.0144,0.0451,0.0102,0.1253,0.0356,0.0337,-0.0336,0.0444,0.0613,-0.0138,-0.0206,0.0014000000000000002,0.0311,-0.025099999999999997,-0.0068000000000000005,-0.0254
2025-08-31,0.018500000000000003,0.0349,0.0387,0.0506,0.0582,0.0327,0.0425,0.0473,0.0634,0.1747,0.06,0.042199999999999994,-0.0204,0.0178,0.08199999999999999,0.0034999999999999996,0.1149,0.1288,0.043,-0.0159,0.038,-0.010700000000000001,0.034,0.04019999999999999,0.0421,0.0154,0.0085,0.0088,0.0418,0.0444
2025-09-30,-0.022099999999999998,-0.071,-0.0209,-0.0175,0.0086,-0.0354,-0.0542,0.0203,-0.0463,-0.0335,0.0097,0.0097,0.08960000000000001,0.086,0.26489999999999997,0.0463,0.10220000000000001,0.1802,-0.0075,0.0398,-0.0113,0.0478,0.0815,-0.0391,0.0049,0.008,-0.0106,-0.0461,0.0118,-0.0007000000000000001
2025-10-31,-0.0155,0.0337,-0.1153,-0.0604,-0.0806,-0.0304,-0.0604,0.042800000000000005,-0.0319,-0.09570000000000001,-0.0055000000000000005,0.11289999999999999,0.08380000000000001,0.16870000000000002,0.027200000000000002,0.0196,0.024399999999999998,0.010700000000000001,-0.008199999999999999,0.0044,-0.058499999999999996,0.0095,0.0917,-0.0643,-0.0024,0.0002,0.0285,-0.036000000000000004,-0.0233,-0.0321
2025-11-30,0.049699999999999994,0.0235,0.0782,-0.0103,0.0227,0.011399999999999999,0.0392,0.10859999999999999,0.034,0.0029,0.0317,0.049100000000000005,0.0106,-0.07769999999999999,-0.0388,-0.0212,0.039599999999999996,-0.020499999999999997,0.0246,0.028999999999999998,-0.014499999999999999,-0.0199,-0.0288,0.0032,0.0055000000000000005,0.0177,-0.0043,0.066,0.015700000000000002,0.0338
2025-12-31,-0.027200000000000002,-0.0199,0.018799999999999997,-0.0787,0.028999999999999998,-0.024300000000000002,0.038599999999999995,-0.015300000000000001,-0.018600000000000002,-0.0302,-0.0437,0.057300000000000004,0.0151,-0.0516,0.046,0.038599999999999995,0.0677,0.1245,-0.009399999999999999,-0.042699999999999995,0.0371,-0.0028000000000000004,-0.0066,0.0070999999999999995,0.0334,-0.0352,-0.0115,0.0086,0.0358,-0.0032
2026-01-31,0.0659,0.0636,0.1066,-0.0915,0.053,0.0767,-0.0144,0.0052,0.1036,0.0915,0.0837,0.0805,0.17129999999999998,0.19649999999999998,-0.026600000000000002,0.053899999999999997,0.1833,0.08070000000000001,0.1393,0.0286,0.034,-0.0404,0.0215,0.031400000000000004,0.0139,0.0721,0.0482,0.0338,-0.0152,0.0052
2026-02-28,0.0737,0.08990000000000001,0.0611,0.1084,-0.0241,0.0864,0.0541,0.0463,0.0664,0.0447,0.0949,0.0637,0.0942,0.005,-0.050199999999999995,0.0542,0.1303,-0.12279999999999999,0.08839999999999999,0.099,0.0404,-0.08800000000000001,-0.012,0.08310000000000001,0.0346,0.0553,-0.036000000000000004,0.062,-0.0466,0.054000000000000006
2026-03-31,-0.0787,-0.0808,-0.0863,-0.0231,0.0582,-0.14279999999999998,-0.11460000000000001,-0.0723,-0.0105,-0.1929,-0.1,-0.052000000000000005,-0.08650000000000001,-0.0718,-0.0794,-0.1096,-0.1746,0.1475,0.1309,-0.020499999999999997,-0.026099999999999998,-0.0574,-0.0395,-0.1253,-0.0689,-0.09140000000000001,-0.029500000000000002,-0.0765,-0.0346,-0.0636
2026-04-30,0.022099999999999998,0.0322,0.0288,-0.0037,0.0184,0.019799999999999998,-0.030699999999999998,-0.0206,0.0239,0.0862,0.1404,0.1789,0.1515,0.28850000000000003,0.0326,0.0171,0.0223,-0.1105,-0.0416,0.020499999999999997,-0.0226,0.134,0.2029,-0.0169,0.07719999999999999,0.044199999999999996,0.1375,0.0484,0.0911,-0.0146
2026-05-31,0.0066,-0.0745,0.037000000000000005,-0.0435,-0.027999999999999997,-0.0116,0.0248,0.029500000000000002,-0.0353,0.0418,-0.0206,0.11359999999999999,0.042199999999999994,0.0637,0.1278,0.0553,0.0489,0.028300000000000002,-0.0616,-0.049699999999999994,-0.0146,0.0768,0.1435,0.0037,0.016,-0.0365,-0.026699999999999998,-0.0279,-0.008,0.0291
2026-06-30,0.023399999999999997,-0.02,0.0345,-0.0867,-0.029300000000000003,0.0368,-0.0487,0.07519999999999999,0.0013,0.1477,0.0925,-0.0509,0.2697,0.034300000000000004,-0.0344,0.0579,-0.0851,-0.1315,-0.056900000000000006,0.027999999999999997,-0.0898,-0.0964,-0.0097,0.1182,0.0395,0.0689,-0.0559,0.021400000000000002,0.0527,0.0259
2026-07-31,0.0455,0.013000000000000001,0.022799999999999997,0.0017000000000000001,0.0664,-0.0044,0.0707,0.0075,-0.0115,0.0045000000000000005,-0.094,-0.24170000000000003,-0.2094,-0.19640000000000002,-0.20989999999999998,0.0197,-0.013000000000000001,-0.0649,0.14800000000000002,-0.0178,0.0319,0.0629,-0.054299999999999994,0.021099999999999997,0.0016,0.0192,0.0678,0.0126,0.0479,0.0144
