ticker,cik,company,event,form,date,source
A,1090872.0,"AGILENT TECHNOLOGIES, INC.",still_listed_or_no_event,,,edgar
AAL,6201.0,American Airlines Group Inc.,exchange_delisting,25-NSE,2014-04-09,edgar
AAL,6201.0,American Airlines Group Inc.,bankruptcy,8-K,2013-10-23,edgar
AAL,6201.0,American Airlines Group Inc.,exchange_delisting,25-NSE,2012-01-17,edgar
AAL,6201.0,American Airlines Group Inc.,exchange_delisting,25-NSE,2012-01-17,edgar
AAL,6201.0,American Airlines Group Inc.,exchange_delisting,25-NSE,2012-01-17,edgar
AAL,6201.0,American Airlines Group Inc.,bankruptcy,8-K,2011-11-29,edgar
AAL,6201.0,American Airlines Group Inc.,deregistration_listed,15-12B,1997-01-02,edgar
AAMRQ,,,no_cik,,,unresolved
AAP,1158449.0,ADVANCE AUTO PARTS INC,still_listed_or_no_event,,,edgar
AAPL,320193.0,Apple Inc.,exchange_delisting,25-NSE,2025-11-14,edgar
AAPL,320193.0,Apple Inc.,exchange_delisting,25-NSE,2025-05-22,edgar
AAPL,320193.0,Apple Inc.,exchange_delisting,25-NSE,2024-01-17,edgar
AAPL,320193.0,Apple Inc.,exchange_delisting,25-NSE,2022-11-09,edgar
AAPL,320193.0,Apple Inc.,issuer_delisting,25,2019-03-14,edgar
ABBV,1551152.0,AbbVie Inc.,exchange_delisting,25-NSE,2024-06-03,edgar
ABBV,1551152.0,AbbVie Inc.,exchange_delisting,25-NSE,2024-05-17,edgar
ABBV,1551152.0,AbbVie Inc.,exchange_delisting,25-NSE,2023-11-15,edgar
ABBV,1551152.0,AbbVie Inc.,exchange_delisting,25-NSE,2021-05-04,edgar
ABBV,1551152.0,AbbVie Inc.,exchange_delisting,25-NSE,2019-10-18,edgar
ABC,351569.0,Ameris Bancorp,issuer_delisting,25,2024-07-22,edgar
ABC,351569.0,Ameris Bancorp,exchange_delisting,25-NSE,2006-10-03,edgar
ABI,1449133.0,Safety First Trust Series 2009-2,exchange_delisting,25-NSE,2014-05-09,edgar
ABKFQ,,,no_cik,,,unresolved
ABMD,815094.0,ABIOMED INC,deregistration_unlisted,15-12G,2023-01-03,edgar
ABMD,815094.0,ABIOMED INC,exchange_delisting,25-NSE,2022-12-22,edgar
ABNB,1559720.0,"Airbnb, Inc.",still_listed_or_no_event,,,edgar
ABS,829281.0,LEHMAN ABS CORP,exchange_delisting,25-NSE,2017-10-10,edgar
ABS,829281.0,LEHMAN ABS CORP,exchange_delisting,25-NSE,2009-07-08,edgar
ABS,829281.0,LEHMAN ABS CORP,exchange_delisting,25-NSE,2009-04-09,edgar
ABS,829281.0,LEHMAN ABS CORP,exchange_delisting,25-NSE,2008-02-11,edgar
ABS,829281.0,LEHMAN ABS CORP,exchange_delisting,25-NSE,2008-01-18,edgar
ABS,829281.0,LEHMAN ABS CORP,exchange_delisting,25-NSE,2008-01-04,edgar
ABS,829281.0,LEHMAN ABS CORP,exchange_delisting,25-NSE,2007-12-31,edgar
ABS,829281.0,LEHMAN ABS CORP,exchange_delisting,25-NSE,2007-12-31,edgar
ABS,829281.0,LEHMAN ABS CORP,exchange_delisting,25-NSE,2007-12-31,edgar
ABS,829281.0,LEHMAN ABS CORP,exchange_delisting,25-NSE,2007-12-31,edgar
ABS,829281.0,LEHMAN ABS CORP,exchange_delisting,25-NSE,2007-08-20,edgar
ABS,829281.0,LEHMAN ABS CORP,exchange_delisting,25-NSE,2007-06-21,edgar
ABS,829281.0,LEHMAN ABS CORP,exchange_delisting,25-NSE,2007-03-15,edgar
ABS,829281.0,LEHMAN ABS CORP,exchange_delisting,25-NSE,2007-03-07,edgar
ABS,829281.0,LEHMAN ABS CORP,exchange_delisting,25-NSE,2006-09-26,edgar
ABS,829281.0,LEHMAN ABS CORP,exchange_delisting,25-NSE,2006-05-10,edgar
ABS,829281.0,LEHMAN ABS CORP,exchange_delisting,25-NSE,2006-05-10,edgar
ABS,829281.0,LEHMAN ABS CORP,exchange_delisting,25-NSE,2006-05-10,edgar
ABS,829281.0,LEHMAN ABS CORP,exchange_delisting,25-NSE,2006-05-10,edgar
ABS,829281.0,LEHMAN ABS CORP,exchange_delisting,25-NSE,2006-05-10,edgar
ABS,829281.0,LEHMAN ABS CORP,exchange_delisting,25-NSE,2006-05-10,edgar
ABS,829281.0,LEHMAN ABS CORP,exchange_delisting,25-NSE,2006-05-10,edgar
ABS,829281.0,LEHMAN ABS CORP,exchange_delisting,25-NSE,2006-05-10,edgar
ABS,829281.0,LEHMAN ABS CORP,exchange_delisting,25-NSE/A,2006-05-10,edgar
ABS,829281.0,LEHMAN ABS CORP,exchange_delisting,25-NSE/A,2006-05-10,edgar
ABS,829281.0,LEHMAN ABS CORP,exchange_delisting,25-NSE,2006-05-10,edgar
ABS,829281.0,LEHMAN ABS CORP,exchange_delisting,25-NSE,2006-05-10,edgar
ABS,829281.0,LEHMAN ABS CORP,issuer_delisting,25,2006-04-04,edgar
ABS,829281.0,LEHMAN ABS CORP,issuer_delisting,25,2006-04-04,edgar
ABS,829281.0,LEHMAN ABS CORP,issuer_delisting,25,2006-03-06,edgar
ABS,829281.0,LEHMAN ABS CORP,issuer_delisting,25,2006-02-23,edgar
ABS,829281.0,LEHMAN ABS CORP,issuer_delisting,25,2006-02-23,edgar
ABS,829281.0,LEHMAN ABS CORP,issuer_delisting,25,2006-02-23,edgar
ABS,829281.0,LEHMAN ABS CORP,issuer_delisting,25,2006-02-03,edgar
ABS,829281.0,LEHMAN ABS CORP,issuer_delisting,25,2006-02-03,edgar
ABS,829281.0,LEHMAN ABS CORP,issuer_delisting,25,2006-02-03,edgar
ABS,829281.0,LEHMAN ABS CORP,issuer_delisting,25,2006-01-20,edgar
ABS,829281.0,LEHMAN ABS CORP,issuer_delisting,25,2006-01-20,edgar
ABS,829281.0,LEHMAN ABS CORP,issuer_delisting,25,2005-05-05,edgar
ABS,829281.0,LEHMAN ABS CORP,issuer_delisting,25,2005-05-05,edgar
ABS,829281.0,LEHMAN ABS CORP,issuer_delisting,25,2004-05-25,edgar
ABS,829281.0,LEHMAN ABS CORP,issuer_delisting,25,2004-05-25,edgar
ABS,829281.0,LEHMAN ABS CORP,issuer_delisting,25,2004-05-25,edgar
ABS,829281.0,LEHMAN ABS CORP,issuer_delisting,25,2003-11-13,edgar
ABS,829281.0,LEHMAN ABS CORP,issuer_delisting,25,2003-11-13,edgar
ABS,829281.0,LEHMAN ABS CORP,issuer_delisting,25,2002-12-05,edgar
ABS,829281.0,LEHMAN ABS CORP,deregistration_unlisted,15-12G,1996-01-31,edgar
ABT,1800.0,ABBOTT LABORATORIES,exchange_delisting,25-NSE,2007-01-22,edgar
ABT,1800.0,ABBOTT LABORATORIES,exchange_delisting,25-NSE,2007-01-16,edgar
ABT,1800.0,ABBOTT LABORATORIES,issuer_delisting,25,2007-01-10,edgar
ABT,1800.0,ABBOTT LABORATORIES,deregistration_listed,15-12B,2007-01-10,edgar
ABX,1814287.0,"Abacus Global Management, Inc.",issuer_delisting,25,2025-12-29,edgar
ABX,1814287.0,"Abacus Global Management, Inc.",deregistration_unlisted,15-12G,2025-08-26,edgar
ABX,1814287.0,"Abacus Global Management, Inc.",exchange_delisting,25-NSE,2025-08-14,edgar
ABX,1814287.0,"Abacus Global Management, Inc.",exchange_delisting,25-NSE,2023-07-03,edgar
ACAS,817473.0,"AMERICAN CAPITAL, LTD",deregistration_unlisted,15-12G,2017-01-17,edgar
ACAS,817473.0,"AMERICAN CAPITAL, LTD",exchange_delisting,25-NSE/A,2017-01-04,edgar
ACGL,947484.0,ARCH CAPITAL GROUP LTD.,exchange_delisting,25-NSE,2021-09-29,edgar
ACGL,947484.0,ARCH CAPITAL GROUP LTD.,exchange_delisting,25-NSE,2018-01-02,edgar
ACGL,947484.0,ARCH CAPITAL GROUP LTD.,exchange_delisting,25-NSE,2012-05-02,edgar
ACGL,947484.0,ARCH CAPITAL GROUP LTD.,exchange_delisting,25-NSE,2012-05-02,edgar
ACGL,947484.0,ARCH CAPITAL GROUP LTD.,deregistration_unlisted,15-12G,2000-11-09,edgar
ACKH,,,no_cik,,,unresolved
ACN,1467373.0,Accenture plc,deregistration_unlisted,15-12G,2018-03-13,edgar
ACS,1038144.0,ACS - TECH 80 LTD,deregistration_listed,15-12B,2008-10-23,edgar
ACS,1038144.0,ACS - TECH 80 LTD,issuer_delisting,25,2008-10-06,edgar
ACV,1636289.0,Virtus Diversified Income & Convertible Fund,still_listed_or_no_event,,,edgar
ADBE,796343.0,ADOBE INC.,deregistration_unlisted,15-12G,1995-10-30,edgar
ADCT,1771910.0,ADC Therapeutics SA,still_listed_or_no_event,,,edgar
ADI,6281.0,ANALOG DEVICES INC,issuer_delisting,25,2012-03-30,edgar
ADI,6281.0,ANALOG DEVICES INC,issuer_delisting,25,2006-04-06,edgar
ADM,7084.0,Archer-Daniels-Midland Co,exchange_delisting,25-NSE,2025-09-12,edgar
ADM,7084.0,Archer-Daniels-Midland Co,exchange_delisting,25-NSE,2023-06-23,edgar
ADM,7084.0,Archer-Daniels-Midland Co,exchange_delisting,25-NSE,2019-06-24,edgar
ADM,7084.0,Archer-Daniels-Midland Co,exchange_delisting,25-NSE,2011-08-22,edgar
ADM,7084.0,Archer-Daniels-Midland Co,issuer_delisting,25,2008-05-30,edgar
ADP,8670.0,AUTOMATIC DATA PROCESSING INC,issuer_delisting,25,2013-02-19,edgar
ADP,8670.0,AUTOMATIC DATA PROCESSING INC,issuer_delisting,25,2008-10-20,edgar
ADP,8670.0,AUTOMATIC DATA PROCESSING INC,exchange_delisting,25-NSE,2007-03-23,edgar
ADP,8670.0,AUTOMATIC DATA PROCESSING INC,issuer_delisting,25,2006-11-30,edgar
ADS,1954042.0,ZEEKR Intelligent Technology Holding Ltd,deregistration_unlisted,15-12G,2026-01-02,edgar
ADS,1954042.0,ZEEKR Intelligent Technology Holding Ltd,exchange_delisting,25-NSE,2025-12-22,edgar
ADSK,769397.0,"Autodesk, Inc.",still_listed_or_no_event,,,edgar
AEE,1002910.0,AMEREN CORP,exchange_delisting,25-NSE,2008-10-10,edgar
AEE,1002910.0,AMEREN CORP,issuer_delisting,25,2005-05-20,edgar
AEP,4904.0,AMERICAN ELECTRIC POWER CO INC,exchange_delisting,25-NSE,2023-08-14,edgar
AEP,4904.0,AMERICAN ELECTRIC POWER CO INC,exchange_delisting,25-NSE,2022-03-15,edgar
AEP,4904.0,AMERICAN ELECTRIC POWER CO INC,issuer_delisting,25,2020-09-30,edgar
AEP,4904.0,AMERICAN ELECTRIC POWER CO INC,exchange_delisting,25-NSE,2012-12-20,edgar
AEP,4904.0,AMERICAN ELECTRIC POWER CO INC,issuer_delisting,25,2005-08-17,edgar
AES,874761.0,AES CORP,exchange_delisting,25-NSE,2024-02-15,edgar
AES,874761.0,AES CORP,exchange_delisting,25-NSE,2017-06-23,edgar
AES,874761.0,AES CORP,issuer_delisting,25,2005-08-23,edgar
AES,874761.0,AES CORP,issuer_delisting,25,2004-03-26,edgar
AET,,,no_cik,,,unresolved
AFL,4977.0,AFLAC INC,exchange_delisting,25-NSE,2017-11-16,edgar
AFL,4977.0,AFLAC INC,issuer_delisting,25,2006-12-21,edgar
AFS.A,,,no_cik,,,unresolved
AGC,1823340.0,Altimeter Growth Corp.,deregistration_listed,15-12B,2022-01-19,edgar
AGC,1823340.0,Altimeter Growth Corp.,exchange_delisting,25-NSE,2021-12-01,edgar
AGC,1823340.0,Altimeter Growth Corp.,exchange_delisting,25-NSE,2021-12-01,edgar
AGC,1823340.0,Altimeter Growth Corp.,exchange_delisting,25-NSE,2021-12-01,edgar
AHM,,,no_cik,,,unresolved
AIG,5272.0,"AMERICAN INTERNATIONAL GROUP, INC.",exchange_delisting,25-NSE,2024-09-16,edgar
AIG,5272.0,"AMERICAN INTERNATIONAL GROUP, INC.",exchange_delisting,25-NSE,2024-03-15,edgar
AIG,5272.0,"AMERICAN INTERNATIONAL GROUP, INC.",exchange_delisting,25-NSE,2022-12-15,edgar
AIG,5272.0,"AMERICAN INTERNATIONAL GROUP, INC.",exchange_delisting,25-NSE,2022-06-15,edgar
AIG,5272.0,"AMERICAN INTERNATIONAL GROUP, INC.",exchange_delisting,25-NSE,2021-01-14,edgar
AIG,5272.0,"AMERICAN INTERNATIONAL GROUP, INC.",exchange_delisting,25-NSE,2013-07-10,edgar
AIG,5272.0,"AMERICAN INTERNATIONAL GROUP, INC.",exchange_delisting,25-NSE,2013-03-25,edgar
AIG,5272.0,"AMERICAN INTERNATIONAL GROUP, INC.",exchange_delisting,25-NSE,2012-12-03,edgar
AIG,5272.0,"AMERICAN INTERNATIONAL GROUP, INC.",exchange_delisting,25-NSE,2011-08-02,edgar
AIG,5272.0,"AMERICAN INTERNATIONAL GROUP, INC.",exchange_delisting,25-NSE,2011-08-02,edgar
AIG,5272.0,"AMERICAN INTERNATIONAL GROUP, INC.",issuer_delisting,25,2008-11-14,edgar
AIG,5272.0,"AMERICAN INTERNATIONAL GROUP, INC.",issuer_delisting,25,2007-01-05,edgar
AIT,109563.0,APPLIED INDUSTRIAL TECHNOLOGIES INC,still_listed_or_no_event,,,edgar
AIV,922864.0,APARTMENT INVESTMENT & MANAGEMENT CO,deregistration_listed,15-12B,2019-05-30,edgar
AIV,922864.0,APARTMENT INVESTMENT & MANAGEMENT CO,exchange_delisting,25-NSE,2019-05-17,edgar
AIV,922864.0,APARTMENT INVESTMENT & MANAGEMENT CO,deregistration_listed,15-12B,2016-08-03,edgar
AIV,922864.0,APARTMENT INVESTMENT & MANAGEMENT CO,exchange_delisting,25-NSE,2016-07-29,edgar
AIV,922864.0,APARTMENT INVESTMENT & MANAGEMENT CO,deregistration_listed,15-12B,2012-08-07,edgar
AIV,922864.0,APARTMENT INVESTMENT & MANAGEMENT CO,exchange_delisting,25-NSE,2012-07-26,edgar
AIV,922864.0,APARTMENT INVESTMENT & MANAGEMENT CO,deregistration_listed,15-12B,2012-06-29,edgar
AIV,922864.0,APARTMENT INVESTMENT & MANAGEMENT CO,exchange_delisting,25-NSE,2012-06-18,edgar
AIV,922864.0,APARTMENT INVESTMENT & MANAGEMENT CO,exchange_delisting,25-NSE,2012-06-18,edgar
AIV,922864.0,APARTMENT INVESTMENT & MANAGEMENT CO,exchange_delisting,25-NSE,2012-06-18,edgar
AIV,922864.0,APARTMENT INVESTMENT & MANAGEMENT CO,deregistration_listed,15-12B,2010-10-22,edgar
AIV,922864.0,APARTMENT INVESTMENT & MANAGEMENT CO,exchange_delisting,25-NSE,2010-10-07,edgar
AIV,922864.0,APARTMENT INVESTMENT & MANAGEMENT CO,exchange_delisting,25-NSE,2006-10-26,edgar
AIV,922864.0,APARTMENT INVESTMENT & MANAGEMENT CO,deregistration_listed,15-12B,2006-07-24,edgar
AIV,922864.0,APARTMENT INVESTMENT & MANAGEMENT CO,issuer_delisting,25,2006-03-23,edgar
AIV,922864.0,APARTMENT INVESTMENT & MANAGEMENT CO,deregistration_listed,15-12B,2006-03-23,edgar
AIV,922864.0,APARTMENT INVESTMENT & MANAGEMENT CO,deregistration_listed,15-12B,2005-02-18,edgar
AIV,922864.0,APARTMENT INVESTMENT & MANAGEMENT CO,issuer_delisting,25,2005-02-01,edgar
AIV,922864.0,APARTMENT INVESTMENT & MANAGEMENT CO,issuer_delisting,25,2004-04-30,edgar
AIV,922864.0,APARTMENT INVESTMENT & MANAGEMENT CO,deregistration_listed,15-12B,2004-04-26,edgar
AIV,922864.0,APARTMENT INVESTMENT & MANAGEMENT CO,deregistration_listed,15-12B,2004-02-05,edgar
AIV,922864.0,APARTMENT INVESTMENT & MANAGEMENT CO,issuer_delisting,25,2003-08-22,edgar
AIV,922864.0,APARTMENT INVESTMENT & MANAGEMENT CO,issuer_delisting,25,2003-07-03,edgar
AIV,922864.0,APARTMENT INVESTMENT & MANAGEMENT CO,issuer_delisting,25,2002-04-19,edgar
AIV,922864.0,APARTMENT INVESTMENT & MANAGEMENT CO,deregistration_listed,15-12B,1998-05-13,edgar
AIZ,1267238.0,"ASSURANT, INC.",exchange_delisting,25-NSE,2021-03-15,edgar
AJG,354190.0,Arthur J. Gallagher & Co.,still_listed_or_no_event,,,edgar
AKAM,1086222.0,AKAMAI TECHNOLOGIES INC,still_listed_or_no_event,,,edgar
AL,1499655.0,Precidian ETFs Trust,exchange_delisting,25-NSE,2026-02-17,edgar
AL,1499655.0,Precidian ETFs Trust,issuer_delisting,25,2025-04-21,edgar
AL,1499655.0,Precidian ETFs Trust,exchange_delisting,25-NSE,2016-03-22,edgar
ALB,915913.0,ALBEMARLE CORP,still_listed_or_no_event,,,edgar
ALGN,1097149.0,ALIGN TECHNOLOGY INC,still_listed_or_no_event,,,edgar
ALK,766421.0,"ALASKA AIR GROUP, INC.",still_listed_or_no_event,,,edgar
ALL,899051.0,ALLSTATE CORP,exchange_delisting,25-NSE,2023-04-17,edgar
ALL,899051.0,ALLSTATE CORP,exchange_delisting,25-NSE,2020-01-15,edgar
ALL,899051.0,ALLSTATE CORP,exchange_delisting,25-NSE,2019-10-15,edgar
ALL,899051.0,ALLSTATE CORP,exchange_delisting,25-NSE,2019-10-15,edgar
ALL,899051.0,ALLSTATE CORP,exchange_delisting,25-NSE,2019-10-15,edgar
ALL,899051.0,ALLSTATE CORP,exchange_delisting,25-NSE,2018-10-15,edgar
ALL,899051.0,ALLSTATE CORP,deregistration_unlisted,15-12G,2006-12-08,edgar
ALL,899051.0,ALLSTATE CORP,issuer_delisting,25,2003-12-15,edgar
ALL,899051.0,ALLSTATE CORP,deregistration_listed,15-12B,2003-12-01,edgar
ALL,899051.0,ALLSTATE CORP,deregistration_unlisted,15-12G,2003-01-07,edgar
ALL,899051.0,ALLSTATE CORP,issuer_delisting,25,2002-12-20,edgar
ALL,899051.0,ALLSTATE CORP,deregistration_unlisted,15-12G,2001-12-28,edgar
ALLE,1579241.0,Allegion plc,exchange_delisting,25-NSE,2017-10-03,edgar
ALXN,899866.0,"ALEXION PHARMACEUTICALS, INC.",deregistration_unlisted,15-12G,2021-08-02,edgar
ALXN,899866.0,"ALEXION PHARMACEUTICALS, INC.",exchange_delisting,25-NSE,2021-07-21,edgar
AM,1623925.0,Antero Midstream Corp,deregistration_listed,15-12B,2019-03-29,edgar
AM,1623925.0,Antero Midstream Corp,exchange_delisting,25-NSE,2019-03-13,edgar
AMAT,6951.0,APPLIED MATERIALS INC /DE,deregistration_unlisted,15-12G,2018-12-12,edgar
AMAT,6951.0,APPLIED MATERIALS INC /DE,deregistration_unlisted,15-12G,1999-07-06,edgar
AMCC,711065.0,APPLIED MICRO CIRCUITS CORP,deregistration_unlisted,15-12G,2017-02-06,edgar
AMCC,711065.0,APPLIED MICRO CIRCUITS CORP,exchange_delisting,25-NSE,2017-01-26,edgar
AMCR,1748790.0,Amcor plc,still_listed_or_no_event,,,edgar
AMD,2488.0,ADVANCED MICRO DEVICES INC,issuer_delisting,25,2014-12-31,edgar
AMD,2488.0,ADVANCED MICRO DEVICES INC,deregistration_unlisted,15-12G,1996-02-09,edgar
AMD,2488.0,ADVANCED MICRO DEVICES INC,deregistration_unlisted,15-12G,1996-02-09,edgar
AME,1037868.0,AMETEK INC/,deregistration_unlisted,15-12G,2025-06-23,edgar
AME,1037868.0,AMETEK INC/,exchange_delisting,25-NSE,2017-07-18,edgar
AME,1037868.0,AMETEK INC/,deregistration_listed,15-12B,2016-03-17,edgar
AME,1037868.0,AMETEK INC/,deregistration_listed,15-12B,2015-11-19,edgar
AME,1037868.0,AMETEK INC/,deregistration_listed,15-12B,2011-08-25,edgar
AMG,1004434.0,"AFFILIATED MANAGERS GROUP, INC.",exchange_delisting,25-NSE,2017-08-15,edgar
AMG,1004434.0,"AFFILIATED MANAGERS GROUP, INC.",exchange_delisting,25-NSE,2015-10-23,edgar
AMG,1004434.0,"AFFILIATED MANAGERS GROUP, INC.",issuer_delisting,25,2004-12-02,edgar
AMGN,318154.0,AMGEN INC,exchange_delisting,25-NSE,2026-02-24,edgar
AMGN,318154.0,AMGEN INC,exchange_delisting,25-NSE,2022-02-07,edgar
AMGN,318154.0,AMGEN INC,issuer_delisting,25,2020-12-28,edgar
AMGN,318154.0,AMGEN INC,deregistration_unlisted,15-12G,2006-08-01,edgar
AMGN,318154.0,AMGEN INC,deregistration_unlisted,15-12G,2006-03-27,edgar
AMGN,318154.0,AMGEN INC,deregistration_unlisted,15-12G,1995-03-30,edgar
AMH,1562401.0,American Homes 4 Rent,exchange_delisting,25-NSE,2022-05-05,edgar
AMH,1562401.0,American Homes 4 Rent,exchange_delisting,25-NSE,2021-06-30,edgar
AMH,1562401.0,American Homes 4 Rent,exchange_delisting,25-NSE,2021-06-07,edgar
AMH,1562401.0,American Homes 4 Rent,exchange_delisting,25-NSE,2018-04-06,edgar
AMH,1562401.0,American Homes 4 Rent,exchange_delisting,25-NSE,2017-10-03,edgar
AMH,1562401.0,American Homes 4 Rent,exchange_delisting,25-NSE,2017-10-03,edgar
AMP,820027.0,AMERIPRISE FINANCIAL INC,exchange_delisting,25-NSE,2014-06-18,edgar
AMT,1053507.0,AMERICAN TOWER CORP /MA/,exchange_delisting,25-NSE,2026-05-22,edgar
AMT,1053507.0,AMERICAN TOWER CORP /MA/,exchange_delisting,25-NSE,2025-04-04,edgar
AMT,1053507.0,AMERICAN TOWER CORP /MA/,exchange_delisting,25-NSE,2018-02-15,edgar
AMT,1053507.0,AMERICAN TOWER CORP /MA/,exchange_delisting,25-NSE,2017-05-16,edgar
AMT,1053507.0,AMERICAN TOWER CORP /MA/,exchange_delisting,25-NSE,2012-01-04,edgar
AMT,1053507.0,AMERICAN TOWER CORP /MA/,deregistration_listed,15-12B,2012-01-03,edgar
AMT,1053507.0,AMERICAN TOWER CORP /MA/,deregistration_listed,15-12B,2007-06-28,edgar
AMTM,2011286.0,"Amentum Holdings, Inc.",still_listed_or_no_event,,,edgar
AMZN,1018724.0,AMAZON COM INC,deregistration_unlisted,15-12G,2004-04-23,edgar
AN,350698.0,"AUTONATION, INC.",still_listed_or_no_event,,,edgar
ANDV,,,no_cik,,,unresolved
ANDW,317093.0,ANDREW CORP,deregistration_listed,15-12B,2007-12-28,edgar
ANDW,317093.0,ANDREW CORP,exchange_delisting,25-NSE,2007-12-27,edgar
ANET,1596532.0,"Arista Networks, Inc.",still_listed_or_no_event,,,edgar
ANF,1018840.0,ABERCROMBIE & FITCH CO /DE/,deregistration_listed,15-12B,2014-04-08,edgar
ANF,1018840.0,ABERCROMBIE & FITCH CO /DE/,exchange_delisting,25-NSE,2014-03-28,edgar
ANSS,,,no_cik,,,unresolved
ANTM,,,no_cik,,,unresolved
ANV,,,no_cik,,,unresolved
AON,315293.0,Aon plc,exchange_delisting,25-NSE,2026-02-17,edgar
AON,315293.0,Aon plc,exchange_delisting,25-NSE,2025-12-15,edgar
AON,315293.0,Aon plc,exchange_delisting,25-NSE,2024-06-14,edgar
AON,315293.0,Aon plc,exchange_delisting,25-NSE,2023-11-27,edgar
AON,315293.0,Aon plc,exchange_delisting,25-NSE,2021-02-16,edgar
AON,315293.0,Aon plc,deregistration_listed,15-12B,2020-04-02,edgar
AON,315293.0,Aon plc,exchange_delisting,25-NSE,2020-04-01,edgar
AON,315293.0,Aon plc,exchange_delisting,25-NSE,2012-06-08,edgar
AON,315293.0,Aon plc,issuer_delisting,25,2002-10-02,edgar
AOS,91142.0,SMITH A O CORP,still_listed_or_no_event,,,edgar
APA,1841666.0,APA Corp,still_listed_or_no_event,,,edgar
APC,2080921.0,ARKO Petroleum Corp.,still_listed_or_no_event,,,edgar
APCC,835910.0,AMERICAN POWER CONVERSION CORP,deregistration_unlisted,15-12G,2007-02-14,edgar
APCC,835910.0,AMERICAN POWER CONVERSION CORP,exchange_delisting,25-NSE,2007-02-14,edgar
APD,2969.0,"Air Products & Chemicals, Inc.",exchange_delisting,25-NSE,2025-02-12,edgar
APD,2969.0,"Air Products & Chemicals, Inc.",exchange_delisting,25-NSE,2021-06-02,edgar
APD,2969.0,"Air Products & Chemicals, Inc.",exchange_delisting,25-NSE,2021-04-15,edgar
APD,2969.0,"Air Products & Chemicals, Inc.",exchange_delisting,25-NSE,2020-08-07,edgar
APD,2969.0,"Air Products & Chemicals, Inc.",exchange_delisting,25-NSE,2008-04-15,edgar
APH,820313.0,AMPHENOL CORP /DE/,still_listed_or_no_event,,,edgar
APO,1858681.0,"Apollo Global Management, Inc.",deregistration_unlisted,15-12G,2026-08-11,edgar
APO,1858681.0,"Apollo Global Management, Inc.",exchange_delisting,25-NSE,2026-07-31,edgar
APOL,929887.0,APOLLO EDUCATION GROUP INC,deregistration_unlisted,15-12G,2017-02-13,edgar
APOL,929887.0,APOLLO EDUCATION GROUP INC,exchange_delisting,25-NSE,2017-02-01,edgar
APOL,929887.0,APOLLO EDUCATION GROUP INC,deregistration_unlisted,15-12G,2004-08-27,edgar
APTV,1521332.0,Aptiv PLC,exchange_delisting,25-NSE,2026-04-07,edgar
APTV,1521332.0,Aptiv PLC,exchange_delisting,25-NSE,2026-02-25,edgar
APTV,1521332.0,Aptiv PLC,deregistration_unlisted,15-12G,2024-12-30,edgar
APTV,1521332.0,Aptiv PLC,exchange_delisting,25-NSE,2024-12-18,edgar
APTV,1521332.0,Aptiv PLC,exchange_delisting,25-NSE,2024-12-10,edgar
APTV,1521332.0,Aptiv PLC,exchange_delisting,25-NSE,2024-09-19,edgar
APTV,1521332.0,Aptiv PLC,exchange_delisting,25-NSE,2023-06-15,edgar
APTV,1521332.0,Aptiv PLC,exchange_delisting,25-NSE,2021-11-24,edgar
APTV,1521332.0,Aptiv PLC,exchange_delisting,25-NSE,2019-03-18,edgar
AR,1433270.0,ANTERO RESOURCES Corp,still_listed_or_no_event,,,edgar
ARC,1305168.0,"ARC DOCUMENT SOLUTIONS, INC.",deregistration_unlisted,15-12G,2024-12-02,edgar
ARC,1305168.0,"ARC DOCUMENT SOLUTIONS, INC.",exchange_delisting,25-NSE,2024-11-22,edgar
ARE,1035443.0,"ALEXANDRIA REAL ESTATE EQUITIES, INC.",exchange_delisting,25-NSE,2019-10-07,edgar
ARE,1035443.0,"ALEXANDRIA REAL ESTATE EQUITIES, INC.",exchange_delisting,25-NSE,2017-04-17,edgar
ARE,1035443.0,"ALEXANDRIA REAL ESTATE EQUITIES, INC.",exchange_delisting,25-NSE,2012-04-13,edgar
ARE,1035443.0,"ALEXANDRIA REAL ESTATE EQUITIES, INC.",exchange_delisting,25-NSE,2007-03-23,edgar
ARE,1035443.0,"ALEXANDRIA REAL ESTATE EQUITIES, INC.",issuer_delisting,25,2004-08-03,edgar
ARG,,,no_cik,,,unresolved
AS,1988894.0,"Amer Sports, Inc.",still_listed_or_no_event,,,edgar
ASC,1577437.0,Ardmore Shipping Corp,still_listed_or_no_event,,,edgar
ASH,1674862.0,ASHLAND INC.,still_listed_or_no_event,,,edgar
ASN,874214.0,ANN INC.,deregistration_listed,15-12B,2015-09-04,edgar
ASN,874214.0,ANN INC.,exchange_delisting,25-NSE,2015-08-25,edgar
ASN,874214.0,ANN INC.,deregistration_listed,15-12B,2010-06-23,edgar
ASN,874214.0,ANN INC.,exchange_delisting,25-NSE,2010-06-10,edgar
ASND,1612042.0,Ascendis Pharma A/S,still_listed_or_no_event,,,edgar
ASO,1817358.0,"Academy Sports & Outdoors, Inc.",still_listed_or_no_event,,,edgar
AT,883981.0,MORTONS RESTAURANT GROUP INC,deregistration_listed,15-12B,2012-02-13,edgar
AT,883981.0,MORTONS RESTAURANT GROUP INC,exchange_delisting,25-NSE,2012-02-02,edgar
AT,883981.0,MORTONS RESTAURANT GROUP INC,exchange_delisting,25-NSE/A,2012-01-24,edgar
AT,883981.0,MORTONS RESTAURANT GROUP INC,exchange_delisting,25-NSE,2012-01-23,edgar
AT,883981.0,MORTONS RESTAURANT GROUP INC,deregistration_unlisted,15-12G,2002-07-31,edgar
AT,883981.0,MORTONS RESTAURANT GROUP INC,issuer_delisting,25,2002-07-29,edgar
ATGE,,,no_cik,,,unresolved
ATI,1018963.0,ATI INC,deregistration_unlisted,15-12G,1998-03-25,edgar
ATO,731802.0,ATMOS ENERGY CORP,still_listed_or_no_event,,,edgar
ATVI,,,no_cik,,,unresolved
AV,1606498.0,"AVANOS MEDICAL, INC.",deregistration_unlisted,15-12G,2026-08-06,edgar
AV,1606498.0,"AVANOS MEDICAL, INC.",exchange_delisting,25-NSE,2026-07-27,edgar
AVB,1492915.0,Standard AVB Financial Corp.,deregistration_listed,15-12B,2021-06-16,edgar
AVB,1492915.0,Standard AVB Financial Corp.,exchange_delisting,25-NSE,2021-05-28,edgar
AVB,1492915.0,Standard AVB Financial Corp.,deregistration_listed,15-12B,2013-09-26,edgar
AVB,1492915.0,Standard AVB Financial Corp.,issuer_delisting,25,2013-09-16,edgar
AVGO,1730168.0,Broadcom Inc.,exchange_delisting,25-NSE,2022-09-30,edgar
AVGO,1730168.0,Broadcom Inc.,deregistration_listed,15-12B,2022-01-03,edgar
AVP,1840748.0,LAVA Therapeutics NV,deregistration_unlisted,15-12G,2025-12-16,edgar
AVP,1840748.0,LAVA Therapeutics NV,exchange_delisting,25-NSE/A,2025-11-21,edgar
AVY,8818.0,Avery Dennison Corp,exchange_delisting,25-NSE,2025-02-28,edgar
AVY,8818.0,Avery Dennison Corp,issuer_delisting,25,2020-11-09,edgar
AVY,8818.0,Avery Dennison Corp,exchange_delisting,25-NSE,2010-11-23,edgar
AW,,,no_cik,,,unresolved
AWE,,,no_cik,,,unresolved
AWK,1410636.0,"American Water Works Company, Inc.",still_listed_or_no_event,,,edgar
AXON,1069183.0,"AXON ENTERPRISE, INC.",still_listed_or_no_event,,,edgar
AXP,4962.0,AMERICAN EXPRESS CO,still_listed_or_no_event,,,edgar
AYE,,,no_cik,,,unresolved
AYI,1144215.0,ACUITY INC. (DE),deregistration_listed,15-12B,2007-10-12,edgar
AZA.A,,,no_cik,,,unresolved
AZO,866787.0,AUTOZONE INC,deregistration_listed,15-12B,2000-10-24,edgar
BA,12927.0,BOEING CO,still_listed_or_no_event,,,edgar
BAC,70858.0,BANK OF AMERICA CORP /DE/,exchange_delisting,25-NSE,2021-04-26,edgar
BAC,70858.0,BANK OF AMERICA CORP /DE/,exchange_delisting,25-NSE,2021-01-29,edgar
BAC,70858.0,BANK OF AMERICA CORP /DE/,exchange_delisting,25-NSE,2020-01-27,edgar
BAC,70858.0,BANK OF AMERICA CORP /DE/,exchange_delisting,25-NSE,2019-09-09,edgar
BAC,70858.0,BANK OF AMERICA CORP /DE/,exchange_delisting,25-NSE,2019-01-14,edgar
BAC,70858.0,BANK OF AMERICA CORP /DE/,exchange_delisting,25-NSE,2018-10-25,edgar
BAC,70858.0,BANK OF AMERICA CORP /DE/,exchange_delisting,25-NSE,2018-09-14,edgar
BAC,70858.0,BANK OF AMERICA CORP /DE/,exchange_delisting,25-NSE,2018-08-29,edgar
BAC,70858.0,BANK OF AMERICA CORP /DE/,exchange_delisting,25-NSE,2018-07-02,edgar
BAC,70858.0,BANK OF AMERICA CORP /DE/,exchange_delisting,25-NSE,2018-06-12,edgar
BAC,70858.0,BANK OF AMERICA CORP /DE/,exchange_delisting,25-NSE,2016-08-16,edgar
BAC,70858.0,BANK OF AMERICA CORP /DE/,exchange_delisting,25-NSE,2016-08-16,edgar
BAC,70858.0,BANK OF AMERICA CORP /DE/,exchange_delisting,25-NSE,2015-08-19,edgar
BAC,70858.0,BANK OF AMERICA CORP /DE/,exchange_delisting,25-NSE,2015-06-30,edgar
BAC,70858.0,BANK OF AMERICA CORP /DE/,exchange_delisting,25-NSE,2015-06-10,edgar
BAC,70858.0,BANK OF AMERICA CORP /DE/,exchange_delisting,25-NSE,2015-06-09,edgar
BAC,70858.0,BANK OF AMERICA CORP /DE/,exchange_delisting,25-NSE,2015-06-09,edgar
BAC,70858.0,BANK OF AMERICA CORP /DE/,exchange_delisting,25-NSE,2015-06-09,edgar
BAC,70858.0,BANK OF AMERICA CORP /DE/,exchange_delisting,25-NSE,2015-04-28,edgar
BAC,70858.0,BANK OF AMERICA CORP /DE/,exchange_delisting,25-NSE,2015-03-03,edgar
BAC,70858.0,BANK OF AMERICA CORP /DE/,exchange_delisting,25-NSE/A,2015-02-03,edgar
BAC,70858.0,BANK OF AMERICA CORP /DE/,exchange_delisting,25-NSE,2015-02-03,edgar
BAC,70858.0,BANK OF AMERICA CORP /DE/,exchange_delisting,25-NSE,2014-12-02,edgar
BAC,70858.0,BANK OF AMERICA CORP /DE/,exchange_delisting,25-NSE/A,2014-07-15,edgar
BAC,70858.0,BANK OF AMERICA CORP /DE/,exchange_delisting,25-NSE,2014-05-20,edgar
BAC,70858.0,BANK OF AMERICA CORP /DE/,exchange_delisting,25-NSE,2014-04-29,edgar
BAC,70858.0,BANK OF AMERICA CORP /DE/,exchange_delisting,25-NSE,2014-04-15,edgar
BAC,70858.0,BANK OF AMERICA CORP /DE/,exchange_delisting,25-NSE,2014-03-28,edgar
BAC,70858.0,BANK OF AMERICA CORP /DE/,exchange_delisting,25-NSE,2014-03-05,edgar
BAC,70858.0,BANK OF AMERICA CORP /DE/,exchange_delisting,25-NSE,2013-08-01,edgar
BAC,70858.0,BANK OF AMERICA CORP /DE/,exchange_delisting,25-NSE,2013-06-28,edgar
BAC,70858.0,BANK OF AMERICA CORP /DE/,exchange_delisting,25-NSE,2013-06-28,edgar
BAC,70858.0,BANK OF AMERICA CORP /DE/,exchange_delisting,25-NSE,2013-06-26,edgar
BAC,70858.0,BANK OF AMERICA CORP /DE/,exchange_delisting,25-NSE,2013-06-26,edgar
BAC,70858.0,BANK OF AMERICA CORP /DE/,exchange_delisting,25-NSE,2013-03-12,edgar
BAC,70858.0,BANK OF AMERICA CORP /DE/,exchange_delisting,25-NSE,2012-12-10,edgar
BAC,70858.0,BANK OF AMERICA CORP /DE/,exchange_delisting,25-NSE,2012-12-06,edgar
BAC,70858.0,BANK OF AMERICA CORP /DE/,exchange_delisting,25-NSE,2012-12-05,edgar
BAC,70858.0,BANK OF AMERICA CORP /DE/,exchange_delisting,25-NSE,2012-12-05,edgar
BAC,70858.0,BANK OF AMERICA CORP /DE/,exchange_delisting,25-NSE,2012-12-04,edgar
BAC,70858.0,BANK OF AMERICA CORP /DE/,exchange_delisting,25-NSE,2012-12-04,edgar
BAC,70858.0,BANK OF AMERICA CORP /DE/,exchange_delisting,25-NSE,2012-11-28,edgar
BAC,70858.0,BANK OF AMERICA CORP /DE/,exchange_delisting,25-NSE,2012-08-15,edgar
BAC,70858.0,BANK OF AMERICA CORP /DE/,exchange_delisting,25-NSE,2012-08-02,edgar
BAC,70858.0,BANK OF AMERICA CORP /DE/,exchange_delisting,25-NSE,2012-07-31,edgar
BAC,70858.0,BANK OF AMERICA CORP /DE/,exchange_delisting,25-NSE,2012-07-31,edgar
BAC,70858.0,BANK OF AMERICA CORP /DE/,exchange_delisting,25-NSE,2012-07-30,edgar
BAC,70858.0,BANK OF AMERICA CORP /DE/,exchange_delisting,25-NSE,2012-07-30,edgar
BAC,70858.0,BANK OF AMERICA CORP /DE/,exchange_delisting,25-NSE,2012-07-16,edgar
BAC,70858.0,BANK OF AMERICA CORP /DE/,exchange_delisting,25-NSE,2012-07-16,edgar
BAC,70858.0,BANK OF AMERICA CORP /DE/,exchange_delisting,25-NSE,2012-06-20,edgar
BAC,70858.0,BANK OF AMERICA CORP /DE/,exchange_delisting,25-NSE,2012-02-16,edgar
BAC,70858.0,BANK OF AMERICA CORP /DE/,exchange_delisting,25-NSE,2012-02-16,edgar
BAC,70858.0,BANK OF AMERICA CORP /DE/,exchange_delisting,25-NSE,2012-02-16,edgar
BAC,70858.0,BANK OF AMERICA CORP /DE/,exchange_delisting,25-NSE,2011-12-01,edgar
BAC,70858.0,BANK OF AMERICA CORP /DE/,exchange_delisting,25-NSE,2011-12-01,edgar
BAC,70858.0,BANK OF AMERICA CORP /DE/,exchange_delisting,25-NSE,2011-12-01,edgar
BAC,70858.0,BANK OF AMERICA CORP /DE/,exchange_delisting,25-NSE,2011-12-01,edgar
BAC,70858.0,BANK OF AMERICA CORP /DE/,exchange_delisting,25-NSE,2011-12-01,edgar
BAC,70858.0,BANK OF AMERICA CORP /DE/,exchange_delisting,25-NSE,2011-12-01,edgar
BAC,70858.0,BANK OF AMERICA CORP /DE/,exchange_delisting,25-NSE,2011-08-25,edgar
BAC,70858.0,BANK OF AMERICA CORP /DE/,exchange_delisting,25-NSE,2011-08-17,edgar
BAC,70858.0,BANK OF AMERICA CORP /DE/,exchange_delisting,25-NSE,2011-08-17,edgar
BAC,70858.0,BANK OF AMERICA CORP /DE/,exchange_delisting,25-NSE,2011-08-17,edgar
BAC,70858.0,BANK OF AMERICA CORP /DE/,exchange_delisting,25-NSE,2011-02-14,edgar
BAC,70858.0,BANK OF AMERICA CORP /DE/,exchange_delisting,25-NSE,2011-02-14,edgar
BAC,70858.0,BANK OF AMERICA CORP /DE/,exchange_delisting,25-NSE,2011-02-14,edgar
BAC,70858.0,BANK OF AMERICA CORP /DE/,exchange_delisting,25-NSE,2010-12-30,edgar
BAC,70858.0,BANK OF AMERICA CORP /DE/,exchange_delisting,25-NSE,2010-12-30,edgar
BAC,70858.0,BANK OF AMERICA CORP /DE/,exchange_delisting,25-NSE,2010-12-30,edgar
BAC,70858.0,BANK OF AMERICA CORP /DE/,exchange_delisting,25-NSE,2010-12-30,edgar
BAC,70858.0,BANK OF AMERICA CORP /DE/,exchange_delisting,25-NSE,2010-12-30,edgar
BAC,70858.0,BANK OF AMERICA CORP /DE/,exchange_delisting,25-NSE,2010-12-30,edgar
BAC,70858.0,BANK OF AMERICA CORP /DE/,exchange_delisting,25-NSE,2010-12-30,edgar
BAC,70858.0,BANK OF AMERICA CORP /DE/,exchange_delisting,25-NSE,2010-12-29,edgar
BAC,70858.0,BANK OF AMERICA CORP /DE/,exchange_delisting,25-NSE,2010-12-29,edgar
BAC,70858.0,BANK OF AMERICA CORP /DE/,exchange_delisting,25-NSE,2010-08-27,edgar
BAC,70858.0,BANK OF AMERICA CORP /DE/,exchange_delisting,25-NSE,2010-08-27,edgar
BAC,70858.0,BANK OF AMERICA CORP /DE/,exchange_delisting,25-NSE,2010-08-25,edgar
BAC,70858.0,BANK OF AMERICA CORP /DE/,exchange_delisting,25-NSE,2010-08-02,edgar
BAC,70858.0,BANK OF AMERICA CORP /DE/,exchange_delisting,25-NSE,2010-07-30,edgar
BAC,70858.0,BANK OF AMERICA CORP /DE/,exchange_delisting,25-NSE,2010-06-28,edgar
BAC,70858.0,BANK OF AMERICA CORP /DE/,exchange_delisting,25-NSE,2010-06-28,edgar
BAC,70858.0,BANK OF AMERICA CORP /DE/,exchange_delisting,25-NSE,2010-06-25,edgar
BAC,70858.0,BANK OF AMERICA CORP /DE/,exchange_delisting,25-NSE,2010-06-24,edgar
BAC,70858.0,BANK OF AMERICA CORP /DE/,exchange_delisting,25-NSE,2010-06-01,edgar
BAC,70858.0,BANK OF AMERICA CORP /DE/,exchange_delisting,25-NSE,2010-05-27,edgar
BAC,70858.0,BANK OF AMERICA CORP /DE/,exchange_delisting,25-NSE,2010-03-23,edgar
BAC,70858.0,BANK OF AMERICA CORP /DE/,exchange_delisting,25-NSE,2010-03-17,edgar
BAC,70858.0,BANK OF AMERICA CORP /DE/,exchange_delisting,25-NSE,2010-02-26,edgar
BAC,70858.0,BANK OF AMERICA CORP /DE/,exchange_delisting,25-NSE,2010-02-25,edgar
BAC,70858.0,BANK OF AMERICA CORP /DE/,exchange_delisting,25-NSE,2009-05-05,edgar
BAC,70858.0,BANK OF AMERICA CORP /DE/,exchange_delisting,25-NSE,2009-03-30,edgar
BAC,70858.0,BANK OF AMERICA CORP /DE/,exchange_delisting,25-NSE,2008-04-09,edgar
BAC,70858.0,BANK OF AMERICA CORP /DE/,exchange_delisting,25-NSE,2007-07-03,edgar
BAC,70858.0,BANK OF AMERICA CORP /DE/,exchange_delisting,25-NSE,2007-01-16,edgar
BAC,70858.0,BANK OF AMERICA CORP /DE/,issuer_delisting,25,2006-12-12,edgar
BAC,70858.0,BANK OF AMERICA CORP /DE/,exchange_delisting,25-NSE,2006-09-13,edgar
BAC,70858.0,BANK OF AMERICA CORP /DE/,exchange_delisting,25-NSE,2006-07-19,edgar
BAC,70858.0,BANK OF AMERICA CORP /DE/,issuer_delisting,25,2005-03-29,edgar
BAC,70858.0,BANK OF AMERICA CORP /DE/,issuer_delisting,25,2003-05-21,edgar
BAC,70858.0,BANK OF AMERICA CORP /DE/,deregistration_unlisted,15-12G,1996-05-28,edgar
BALL,9389.0,BALL Corp,issuer_delisting,25,2011-07-12,edgar
BALL,9389.0,BALL Corp,exchange_delisting,25-NSE,2006-08-22,edgar
BALL,9389.0,BALL Corp,deregistration_listed,15-12B,2006-08-07,edgar
BALL,9389.0,BALL Corp,issuer_delisting,25,2006-08-01,edgar
BAX,10456.0,BAXTER INTERNATIONAL INC,exchange_delisting,25-NSE,2025-05-30,edgar
BAX,10456.0,BAXTER INTERNATIONAL INC,exchange_delisting,25-NSE,2024-05-15,edgar
BAX,10456.0,BAXTER INTERNATIONAL INC,deregistration_listed,15-12B,2021-01-15,edgar
BAX,10456.0,BAXTER INTERNATIONAL INC,exchange_delisting,25-NSE,2009-03-25,edgar
BAX,10456.0,BAXTER INTERNATIONAL INC,deregistration_listed,15-12B,2009-03-24,edgar
BAX,10456.0,BAXTER INTERNATIONAL INC,issuer_delisting,25,2006-12-18,edgar
BAX,10456.0,BAXTER INTERNATIONAL INC,issuer_delisting,25,2006-02-23,edgar
BAY,1089787.0,BAY NATIONAL CORP,deregistration_unlisted,15-12G,2010-12-30,edgar
BAY,1089787.0,BAY NATIONAL CORP,bankruptcy,8-K,2010-07-15,edgar
BAY,1089787.0,BAY NATIONAL CORP,issuer_delisting,25,2010-06-07,edgar
BBBY,,,no_cik,,,unresolved
BBI,,,no_cik,,,unresolved
BBT,1108134.0,Beacon Financial Corp,issuer_delisting,25,2012-11-16,edgar
BBWI,701985.0,"Bath & Body Works, Inc.",deregistration_unlisted,15-12G,2024-08-07,edgar
BBY,764478.0,BEST BUY CO INC,still_listed_or_no_event,,,edgar
BC,14930.0,BRUNSWICK CORP,exchange_delisting,25-NSE,2025-12-01,edgar
BC,14930.0,BRUNSWICK CORP,exchange_delisting,25-NSE,2025-01-16,edgar
BC,14930.0,BRUNSWICK CORP,issuer_delisting,25,2006-12-21,edgar
BCO,78890.0,BRINKS CO,exchange_delisting,25-NSE,2007-10-05,edgar
BCR,,,no_cik,,,unresolved
BDK,,,no_cik,,,unresolved
BDX,10795.0,BECTON DICKINSON & CO,exchange_delisting,25-NSE,2026-06-04,edgar
BDX,10795.0,BECTON DICKINSON & CO,exchange_delisting,25-NSE,2025-08-13,edgar
BDX,10795.0,BECTON DICKINSON & CO,exchange_delisting,25-NSE,2025-05-27,edgar
BDX,10795.0,BECTON DICKINSON & CO,exchange_delisting,25-NSE,2023-08-14,edgar
BDX,10795.0,BECTON DICKINSON & CO,exchange_delisting,25-NSE,2023-06-05,edgar
BDX,10795.0,BECTON DICKINSON & CO,exchange_delisting,25-NSE,2023-06-01,edgar
BDX,10795.0,BECTON DICKINSON & CO,exchange_delisting,25-NSE,2023-05-24,edgar
BDX,10795.0,BECTON DICKINSON & CO,exchange_delisting,25-NSE,2022-12-15,edgar
BDX,10795.0,BECTON DICKINSON & CO,exchange_delisting,25-NSE,2021-03-15,edgar
BDX,10795.0,BECTON DICKINSON & CO,exchange_delisting,25-NSE,2020-05-01,edgar
BDX,10795.0,BECTON DICKINSON & CO,exchange_delisting,25-NSE,2019-06-06,edgar
BDX,10795.0,BECTON DICKINSON & CO,exchange_delisting,25-NSE,2006-05-22,edgar
BDX,10795.0,BECTON DICKINSON & CO,deregistration_unlisted,15-12G,1996-04-22,edgar
BEN,38777.0,FRANKLIN TEMPLETON INC,issuer_delisting,25,2006-09-05,edgar
BEV,,,no_cik,,,unresolved
BF-B,14693.0,BROWN FORMAN CORP,exchange_delisting,25-NSE,2026-07-07,edgar
BF-B,14693.0,BROWN FORMAN CORP,deregistration_listed,15-12B,1998-10-01,edgar
BF.B,,,no_cik,,,unresolved
BFI,,,no_cik,,,unresolved
BFO,,,no_cik,,,unresolved
BG,1996862.0,Bunge Global SA,still_listed_or_no_event,,,edgar
BGEN,,,no_cik,,,unresolved
BGG,,,no_cik,,,unresolved
BHF,1685040.0,"Brighthouse Financial, Inc.",still_listed_or_no_event,,,edgar
BHMSQ,,,no_cik,,,unresolved
BIG,927971.0,BANK OF MONTREAL /CAN/,exchange_delisting,25-NSE,2025-05-15,edgar
BIG,927971.0,BANK OF MONTREAL /CAN/,exchange_delisting,25-NSE,2024-07-25,edgar
BIG,927971.0,BANK OF MONTREAL /CAN/,exchange_delisting,25-NSE,2021-12-27,edgar
BIG,927971.0,BANK OF MONTREAL /CAN/,exchange_delisting,25-NSE,2021-12-27,edgar
BIG,927971.0,BANK OF MONTREAL /CAN/,exchange_delisting,25-NSE,2021-12-17,edgar
BIG,927971.0,BANK OF MONTREAL /CAN/,exchange_delisting,25-NSE,2021-12-17,edgar
BIG,927971.0,BANK OF MONTREAL /CAN/,exchange_delisting,25-NSE,2021-03-15,edgar
BIG,927971.0,BANK OF MONTREAL /CAN/,exchange_delisting,25-NSE,2021-03-08,edgar
BIG,927971.0,BANK OF MONTREAL /CAN/,exchange_delisting,25-NSE,2020-12-18,edgar
BIG,927971.0,BANK OF MONTREAL /CAN/,exchange_delisting,25-NSE,2020-12-18,edgar
BIG,927971.0,BANK OF MONTREAL /CAN/,exchange_delisting,25-NSE,2020-12-18,edgar
BIG,927971.0,BANK OF MONTREAL /CAN/,exchange_delisting,25-NSE,2020-12-18,edgar
BIG,927971.0,BANK OF MONTREAL /CAN/,exchange_delisting,25-NSE,2020-12-18,edgar
BIG,927971.0,BANK OF MONTREAL /CAN/,exchange_delisting,25-NSE,2020-12-18,edgar
BIIB,875045.0,BIOGEN INC.,still_listed_or_no_event,,,edgar
BIO,12208.0,"BIO-RAD LABORATORIES, INC.",issuer_delisting,25,2008-10-22,edgar
BJS,1037461.0,BJS WHOLESALE CLUB INC,deregistration_listed,15-12B,2011-10-13,edgar
BJS,1037461.0,BJS WHOLESALE CLUB INC,exchange_delisting,25-NSE,2011-10-03,edgar
BK,2186.0,BK Technologies Corp,deregistration_listed,15-12B,2019-04-08,edgar
BK,2186.0,BK Technologies Corp,exchange_delisting,25-NSE/A,2019-03-29,edgar
BK,2186.0,BK Technologies Corp,exchange_delisting,25-NSE,2019-03-29,edgar
BK,2186.0,BK Technologies Corp,deregistration_unlisted,15-12G,2004-06-04,edgar
BKB,,,no_cik,,,unresolved
BKNG,1075531.0,Booking Holdings Inc.,exchange_delisting,25-NSE,2025-03-07,edgar
BKNG,1075531.0,Booking Holdings Inc.,exchange_delisting,25-NSE,2024-09-20,edgar
BKNG,1075531.0,Booking Holdings Inc.,exchange_delisting,25-NSE,2022-11-23,edgar
BKNG,1075531.0,Booking Holdings Inc.,exchange_delisting,25-NSE,2022-03-09,edgar
BKNG,1075531.0,Booking Holdings Inc.,issuer_delisting,25,2019-12-06,edgar
BKR,1701605.0,Baker Hughes Co,issuer_delisting,25,2021-12-06,edgar
BLDR,1316835.0,"Builders FirstSource, Inc.",issuer_delisting,25,2021-07-16,edgar
BLDR,1316835.0,"Builders FirstSource, Inc.",exchange_delisting,25-NSE,2010-01-12,edgar
BLK,2012383.0,"BlackRock, Inc.",still_listed_or_no_event,,,edgar
BLL,,,no_cik,,,unresolved
BLS,1139349.0,MERRILL LYNCH DEPOSITOR INC PREFERREDPLUS TRUST SERIES BLS-1,exchange_delisting,25-NSE,2007-03-15,edgar
BLY,,,no_cik,,,unresolved
BMET,351346.0,BIOMET INC,deregistration_listed,15-12B,2015-08-13,edgar
BMET,351346.0,BIOMET INC,deregistration_listed,15-12B,2007-10-05,edgar
BMET,351346.0,BIOMET INC,exchange_delisting,25-NSE,2007-09-25,edgar
BMET,351346.0,BIOMET INC,deregistration_listed,15-12B,2006-12-18,edgar
BMET,351346.0,BIOMET INC,issuer_delisting,25,2006-12-18,edgar
BMGCA,,,no_cik,,,unresolved
BMS,,,no_cik,,,unresolved
BMY,14272.0,BRISTOL MYERS SQUIBB CO,deregistration_unlisted,15-12G,2026-03-27,edgar
BMY,14272.0,BRISTOL MYERS SQUIBB CO,exchange_delisting,25-NSE,2025-05-15,edgar
BMY,14272.0,BRISTOL MYERS SQUIBB CO,exchange_delisting,25-NSE/A,2021-01-07,edgar
BMY,14272.0,BRISTOL MYERS SQUIBB CO,exchange_delisting,25-NSE,2021-01-04,edgar
BMY,14272.0,BRISTOL MYERS SQUIBB CO,issuer_delisting,25,2013-05-28,edgar
BMY,14272.0,BRISTOL MYERS SQUIBB CO,issuer_delisting,25,2007-01-03,edgar
BNI,,,no_cik,,,unresolved
BNL,1424182.0,"Broadstone Net Lease, Inc.",still_listed_or_no_event,,,edgar
BOAT,1129155.0,"MARINE PRODUCTS GROUP, LLC",deregistration_unlisted,15-12G,2026-05-26,edgar
BOAT,1129155.0,"MARINE PRODUCTS GROUP, LLC",exchange_delisting,25-NSE,2026-05-15,edgar
BOL,,,no_cik,,,unresolved
BR,1383312.0,"BROADRIDGE FINANCIAL SOLUTIONS, INC.",still_listed_or_no_event,,,edgar
BRCM,1054374.0,BROADCOM CORP,deregistration_unlisted,15-12G,2016-02-11,edgar
BRCM,1054374.0,BROADCOM CORP,exchange_delisting,25-NSE,2016-02-01,edgar
BRK-B,1067983.0,BERKSHIRE HATHAWAY INC,exchange_delisting,25-NSE,2025-03-12,edgar
BRK-B,1067983.0,BERKSHIRE HATHAWAY INC,exchange_delisting,25-NSE,2024-03-15,edgar
BRK-B,1067983.0,BERKSHIRE HATHAWAY INC,exchange_delisting,25-NSE,2023-03-16,edgar
BRK-B,1067983.0,BERKSHIRE HATHAWAY INC,exchange_delisting,25-NSE,2023-01-17,edgar
BRK-B,1067983.0,BERKSHIRE HATHAWAY INC,exchange_delisting,25-NSE,2021-01-19,edgar
BRK-B,1067983.0,BERKSHIRE HATHAWAY INC,exchange_delisting,25-NSE,2020-03-16,edgar
BRK.B,,,no_cik,,,unresolved
BRL,1110649.0,Fibria Celulose S.A.,exchange_delisting,25-NSE,2025-09-22,edgar
BRL,1110649.0,Fibria Celulose S.A.,exchange_delisting,25-NSE,2021-07-26,edgar
BRL,1110649.0,Fibria Celulose S.A.,exchange_delisting,25-NSE,2019-01-04,edgar
BRL,1110649.0,Fibria Celulose S.A.,exchange_delisting,25-NSE,2009-08-18,edgar
BRO,79282.0,"BROWN & BROWN, INC.",deregistration_unlisted,15-12G,2005-12-20,edgar
BRO,79282.0,"BROWN & BROWN, INC.",issuer_delisting,25,2005-11-23,edgar
BSC,1159508.0,DEUTSCHE BANK AKTIENGESELLSCHAFT,exchange_delisting,25-NSE,2025-04-01,edgar
BSC,1159508.0,DEUTSCHE BANK AKTIENGESELLSCHAFT,exchange_delisting,25-NSE,2023-05-24,edgar
BSC,1159508.0,DEUTSCHE BANK AKTIENGESELLSCHAFT,exchange_delisting,25-NSE,2020-05-27,edgar
BSC,1159508.0,DEUTSCHE BANK AKTIENGESELLSCHAFT,exchange_delisting,25-NSE,2020-05-20,edgar
BSC,1159508.0,DEUTSCHE BANK AKTIENGESELLSCHAFT,exchange_delisting,25-NSE,2019-12-31,edgar
BSC,1159508.0,DEUTSCHE BANK AKTIENGESELLSCHAFT,issuer_delisting,25,2019-04-02,edgar
BSC,1159508.0,DEUTSCHE BANK AKTIENGESELLSCHAFT,exchange_delisting,25-NSE,2018-08-23,edgar
BSC,1159508.0,DEUTSCHE BANK AKTIENGESELLSCHAFT,exchange_delisting,25-NSE,2018-08-15,edgar
BSC,1159508.0,DEUTSCHE BANK AKTIENGESELLSCHAFT,exchange_delisting,25-NSE,2018-05-01,edgar
BSC,1159508.0,DEUTSCHE BANK AKTIENGESELLSCHAFT,exchange_delisting,25-NSE,2018-02-21,edgar
BSC,1159508.0,DEUTSCHE BANK AKTIENGESELLSCHAFT,exchange_delisting,25-NSE,2017-11-15,edgar
BSC,1159508.0,DEUTSCHE BANK AKTIENGESELLSCHAFT,exchange_delisting,25-NSE,2016-10-04,edgar
BSC,1159508.0,DEUTSCHE BANK AKTIENGESELLSCHAFT,exchange_delisting,25-NSE,2016-09-20,edgar
BSC,1159508.0,DEUTSCHE BANK AKTIENGESELLSCHAFT,exchange_delisting,25-NSE,2016-09-20,edgar
BSC,1159508.0,DEUTSCHE BANK AKTIENGESELLSCHAFT,exchange_delisting,25-NSE,2016-09-20,edgar
BSC,1159508.0,DEUTSCHE BANK AKTIENGESELLSCHAFT,exchange_delisting,25-NSE,2016-09-20,edgar
BSC,1159508.0,DEUTSCHE BANK AKTIENGESELLSCHAFT,exchange_delisting,25-NSE,2016-09-20,edgar
BSC,1159508.0,DEUTSCHE BANK AKTIENGESELLSCHAFT,exchange_delisting,25-NSE,2016-09-20,edgar
BSC,1159508.0,DEUTSCHE BANK AKTIENGESELLSCHAFT,exchange_delisting,25-NSE,2016-09-20,edgar
BSC,1159508.0,DEUTSCHE BANK AKTIENGESELLSCHAFT,exchange_delisting,25-NSE,2016-09-20,edgar
BSC,1159508.0,DEUTSCHE BANK AKTIENGESELLSCHAFT,exchange_delisting,25-NSE,2015-04-22,edgar
BSC,1159508.0,DEUTSCHE BANK AKTIENGESELLSCHAFT,exchange_delisting,25-NSE,2015-04-22,edgar
BSC,1159508.0,DEUTSCHE BANK AKTIENGESELLSCHAFT,exchange_delisting,25-NSE,2015-03-02,edgar
BSC,1159508.0,DEUTSCHE BANK AKTIENGESELLSCHAFT,exchange_delisting,25-NSE,2015-03-02,edgar
BSC,1159508.0,DEUTSCHE BANK AKTIENGESELLSCHAFT,exchange_delisting,25-NSE,2015-03-02,edgar
BSC,1159508.0,DEUTSCHE BANK AKTIENGESELLSCHAFT,exchange_delisting,25-NSE,2015-03-02,edgar
BSC,1159508.0,DEUTSCHE BANK AKTIENGESELLSCHAFT,exchange_delisting,25-NSE,2015-03-02,edgar
BSC,1159508.0,DEUTSCHE BANK AKTIENGESELLSCHAFT,exchange_delisting,25-NSE,2015-03-02,edgar
BSC,1159508.0,DEUTSCHE BANK AKTIENGESELLSCHAFT,exchange_delisting,25-NSE,2015-02-23,edgar
BSC,1159508.0,DEUTSCHE BANK AKTIENGESELLSCHAFT,exchange_delisting,25-NSE,2014-03-17,edgar
BSC,1159508.0,DEUTSCHE BANK AKTIENGESELLSCHAFT,exchange_delisting,25-NSE,2014-03-17,edgar
BSC,1159508.0,DEUTSCHE BANK AKTIENGESELLSCHAFT,exchange_delisting,25-NSE,2012-12-03,edgar
BSC,1159508.0,DEUTSCHE BANK AKTIENGESELLSCHAFT,issuer_delisting,25,2011-09-19,edgar
BSC,1159508.0,DEUTSCHE BANK AKTIENGESELLSCHAFT,issuer_delisting,25,2011-09-19,edgar
BSC,1159508.0,DEUTSCHE BANK AKTIENGESELLSCHAFT,issuer_delisting,25,2011-09-19,edgar
BSC,1159508.0,DEUTSCHE BANK AKTIENGESELLSCHAFT,exchange_delisting,25-NSE,2009-09-22,edgar
BSC,1159508.0,DEUTSCHE BANK AKTIENGESELLSCHAFT,issuer_delisting,25,2008-11-07,edgar
BSC,1159508.0,DEUTSCHE BANK AKTIENGESELLSCHAFT,issuer_delisting,25,2008-11-07,edgar
BSC,1159508.0,DEUTSCHE BANK AKTIENGESELLSCHAFT,issuer_delisting,25,2008-11-07,edgar
BSC,1159508.0,DEUTSCHE BANK AKTIENGESELLSCHAFT,issuer_delisting,25,2008-11-07,edgar
BSC,1159508.0,DEUTSCHE BANK AKTIENGESELLSCHAFT,issuer_delisting,25,2008-11-07,edgar
BSX,885725.0,BOSTON SCIENTIFIC CORP,exchange_delisting,25-NSE,2023-06-01,edgar
BSX,885725.0,BOSTON SCIENTIFIC CORP,deregistration_listed,15-12B,2001-08-10,edgar
BT,756620.0,BT GROUP PLC,issuer_delisting,25,2019-09-03,edgar
BTUUQ,,,no_cik,,,unresolved
BUD,1668717.0,Anheuser-Busch InBev SA/NV,exchange_delisting,25-NSE,2025-05-30,edgar
BUD,1668717.0,Anheuser-Busch InBev SA/NV,exchange_delisting,25-NSE,2024-01-12,edgar
BUD,1668717.0,Anheuser-Busch InBev SA/NV,exchange_delisting,25-NSE,2021-06-29,edgar
BUD,1668717.0,Anheuser-Busch InBev SA/NV,exchange_delisting,25-NSE,2020-12-16,edgar
BUD,1668717.0,Anheuser-Busch InBev SA/NV,exchange_delisting,25-NSE,2019-04-25,edgar
BUD,1668717.0,Anheuser-Busch InBev SA/NV,exchange_delisting,25-NSE,2018-08-14,edgar
BVSN,920448.0,BROADVISION INC,exchange_delisting,25-NSE,2020-05-18,edgar
BVSN,920448.0,BROADVISION INC,bankruptcy,8-K,2020-03-30,edgar
BVSN,920448.0,BROADVISION INC,bankruptcy,8-K,2020-03-27,edgar
BWA,908255.0,BORGWARNER INC,deregistration_unlisted,15-12G,2023-06-21,edgar
BWA,908255.0,BORGWARNER INC,exchange_delisting,25-NSE,2021-06-21,edgar
BWA,908255.0,BORGWARNER INC,exchange_delisting,25-NSE,2006-11-01,edgar
BX,1393818.0,Blackstone Inc.,deregistration_listed,15-12B,2019-07-12,edgar
BX,1393818.0,Blackstone Inc.,exchange_delisting,25-NSE,2019-07-01,edgar
BXLT,,,no_cik,,,unresolved
BXP,1037540.0,"BXP, Inc.",exchange_delisting,25-NSE,2021-04-01,edgar
C,831001.0,CITIGROUP INC,exchange_delisting,25-NSE,2026-09-17,edgar
C,831001.0,CITIGROUP INC,issuer_delisting,25,2025-05-12,edgar
C,831001.0,CITIGROUP INC,exchange_delisting,25-NSE,2024-04-01,edgar
C,831001.0,CITIGROUP INC,exchange_delisting,25-NSE,2023-11-15,edgar
C,831001.0,CITIGROUP INC,exchange_delisting,25-NSE,2021-02-12,edgar
C,831001.0,CITIGROUP INC,exchange_delisting,25-NSE,2020-11-10,edgar
C,831001.0,CITIGROUP INC,exchange_delisting,25-NSE,2020-11-10,edgar
C,831001.0,CITIGROUP INC,exchange_delisting,25-NSE,2020-11-10,edgar
C,831001.0,CITIGROUP INC,exchange_delisting,25-NSE,2020-11-04,edgar
C,831001.0,CITIGROUP INC,exchange_delisting,25-NSE,2020-11-04,edgar
C,831001.0,CITIGROUP INC,exchange_delisting,25-NSE,2020-11-04,edgar
C,831001.0,CITIGROUP INC,exchange_delisting,25-NSE,2020-11-04,edgar
C,831001.0,CITIGROUP INC,exchange_delisting,25-NSE,2020-11-04,edgar
C,831001.0,CITIGROUP INC,exchange_delisting,25-NSE,2020-11-04,edgar
C,831001.0,CITIGROUP INC,exchange_delisting,25-NSE,2020-11-04,edgar
C,831001.0,CITIGROUP INC,exchange_delisting,25-NSE,2020-11-04,edgar
C,831001.0,CITIGROUP INC,exchange_delisting,25-NSE,2020-11-04,edgar
C,831001.0,CITIGROUP INC,exchange_delisting,25-NSE,2020-11-04,edgar
C,831001.0,CITIGROUP INC,exchange_delisting,25-NSE,2020-04-17,edgar
C,831001.0,CITIGROUP INC,exchange_delisting,25-NSE,2020-04-03,edgar
C,831001.0,CITIGROUP INC,exchange_delisting,25-NSE,2020-04-03,edgar
C,831001.0,CITIGROUP INC,exchange_delisting,25-NSE,2020-04-01,edgar
C,831001.0,CITIGROUP INC,exchange_delisting,25-NSE,2019-02-12,edgar
C,831001.0,CITIGROUP INC,exchange_delisting,25-NSE,2018-12-13,edgar
C,831001.0,CITIGROUP INC,exchange_delisting,25-NSE,2018-10-22,edgar
C,831001.0,CITIGROUP INC,exchange_delisting,25-NSE,2018-03-23,edgar
C,831001.0,CITIGROUP INC,exchange_delisting,25-NSE,2018-03-23,edgar
C,831001.0,CITIGROUP INC,exchange_delisting,25-NSE,2018-02-16,edgar
C,831001.0,CITIGROUP INC,exchange_delisting,25-NSE,2016-06-02,edgar
C,831001.0,CITIGROUP INC,exchange_delisting,25-NSE,2016-01-06,edgar
C,831001.0,CITIGROUP INC,exchange_delisting,25-NSE,2014-10-08,edgar
C,831001.0,CITIGROUP INC,exchange_delisting,25-NSE,2014-09-12,edgar
C,831001.0,CITIGROUP INC,exchange_delisting,25-NSE,2014-08-19,edgar
C,831001.0,CITIGROUP INC,exchange_delisting,25-NSE,2014-08-19,edgar
C,831001.0,CITIGROUP INC,exchange_delisting,25-NSE,2014-08-19,edgar
C,831001.0,CITIGROUP INC,exchange_delisting,25-NSE,2014-08-19,edgar
C,831001.0,CITIGROUP INC,exchange_delisting,25-NSE,2014-06-24,edgar
C,831001.0,CITIGROUP INC,exchange_delisting,25-NSE,2014-05-20,edgar
C,831001.0,CITIGROUP INC,exchange_delisting,25-NSE,2014-05-16,edgar
C,831001.0,CITIGROUP INC,exchange_delisting,25-NSE,2014-05-16,edgar
C,831001.0,CITIGROUP INC,exchange_delisting,25-NSE,2013-08-21,edgar
C,831001.0,CITIGROUP INC,exchange_delisting,25-NSE,2013-07-10,edgar
C,831001.0,CITIGROUP INC,exchange_delisting,25-NSE,2013-07-10,edgar
C,831001.0,CITIGROUP INC,exchange_delisting,25-NSE,2013-04-24,edgar
C,831001.0,CITIGROUP INC,exchange_delisting,25-NSE,2013-04-24,edgar
C,831001.0,CITIGROUP INC,exchange_delisting,25-NSE,2012-12-18,edgar
C,831001.0,CITIGROUP INC,exchange_delisting,25-NSE,2012-12-06,edgar
C,831001.0,CITIGROUP INC,exchange_delisting,25-NSE,2012-11-28,edgar
C,831001.0,CITIGROUP INC,exchange_delisting,25-NSE,2007-10-17,edgar
C,831001.0,CITIGROUP INC,exchange_delisting,25-NSE,2007-09-25,edgar
C,831001.0,CITIGROUP INC,exchange_delisting,25-NSE,2007-07-26,edgar
C,831001.0,CITIGROUP INC,exchange_delisting,25-NSE,2007-07-12,edgar
C,831001.0,CITIGROUP INC,exchange_delisting,25-NSE,2007-06-20,edgar
C,831001.0,CITIGROUP INC,issuer_delisting,25,2007-01-08,edgar
C,831001.0,CITIGROUP INC,deregistration_listed,15-12B,2005-06-07,edgar
C,831001.0,CITIGROUP INC,issuer_delisting,25,2003-03-07,edgar
C,831001.0,CITIGROUP INC,issuer_delisting,25,2003-03-07,edgar
CA,356028.0,"CA, INC.",deregistration_listed,15-12B,2018-11-15,edgar
CA,356028.0,"CA, INC.",exchange_delisting,25-NSE,2018-11-05,edgar
CA,356028.0,"CA, INC.",exchange_delisting,25-NSE,2009-12-01,edgar
CA,356028.0,"CA, INC.",issuer_delisting,25,2008-04-28,edgar
CA,356028.0,"CA, INC.",exchange_delisting,25-NSE/A,2006-12-07,edgar
CA,356028.0,"CA, INC.",exchange_delisting,25-NSE,2006-12-06,edgar
CAG,23217.0,CONAGRA BRANDS INC.,deregistration_unlisted,15-12G,1995-12-29,edgar
CAH,721371.0,CARDINAL HEALTH INC,deregistration_listed,15-12B,2005-06-29,edgar
CAH,721371.0,CARDINAL HEALTH INC,deregistration_listed,15-12B,2005-06-29,edgar
CAH,721371.0,CARDINAL HEALTH INC,deregistration_unlisted,15-12G,2003-01-02,edgar
CAL,14707.0,CALERES INC,issuer_delisting,25,2012-03-19,edgar
CAL,14707.0,CALERES INC,issuer_delisting,25,2002-01-24,edgar
CAM,819334.0,CAM COMMERCE SOLUTIONS INC,deregistration_unlisted,15-12G,2008-08-27,edgar
CAM,819334.0,CAM COMMERCE SOLUTIONS INC,exchange_delisting,25-NSE,2008-08-14,edgar
CAR,723612.0,"AVIS BUDGET GROUP, INC.",issuer_delisting,25,2010-12-30,edgar
CAR,723612.0,"AVIS BUDGET GROUP, INC.",issuer_delisting,25,2004-08-25,edgar
CARR,1783180.0,CARRIER GLOBAL Corp,exchange_delisting,25-NSE,2024-11-08,edgar
CAT,18230.0,CATERPILLAR INC,exchange_delisting,25-NSE,2023-02-15,edgar
CAT,18230.0,CATERPILLAR INC,exchange_delisting,25-NSE,2021-03-15,edgar
CAT,18230.0,CATERPILLAR INC,deregistration_listed,15-12B,2016-11-02,edgar
CAT,18230.0,CATERPILLAR INC,deregistration_listed,15-12B,2016-10-25,edgar
CAT,18230.0,CATERPILLAR INC,exchange_delisting,25-NSE,2011-12-02,edgar
CAT,18230.0,CATERPILLAR INC,issuer_delisting,25,2010-11-22,edgar
CAT,18230.0,CATERPILLAR INC,issuer_delisting,25,2007-01-22,edgar
CAT,18230.0,CATERPILLAR INC,exchange_delisting,25-NSE,2006-05-04,edgar
CAT,18230.0,CATERPILLAR INC,issuer_delisting,25,2003-08-22,edgar
CB,896159.0,Chubb Ltd,exchange_delisting,25-NSE,2024-12-16,edgar
CB,896159.0,Chubb Ltd,deregistration_listed,15-12B,2008-07-18,edgar
CB,896159.0,Chubb Ltd,exchange_delisting,25-NSE,2008-06-27,edgar
CB,896159.0,Chubb Ltd,deregistration_listed,15-12B,2008-06-25,edgar
CB,896159.0,Chubb Ltd,issuer_delisting,25,2003-05-19,edgar
CBB,,,no_cik,,,unresolved
CBE,,,no_cik,,,unresolved
CBH,,,no_cik,,,unresolved
CBOE,1374310.0,"Cboe Global Markets, Inc.",issuer_delisting,25,2018-09-14,edgar
CBRE,1138118.0,"CBRE GROUP, INC.",deregistration_unlisted,15-12G,2002-05-24,edgar
CBS,813828.0,Paramount Global,deregistration_unlisted,15-12G,2025-08-18,edgar
CBS,813828.0,Paramount Global,exchange_delisting,25-NSE,2025-08-07,edgar
CBS,813828.0,Paramount Global,exchange_delisting,25-NSE,2024-03-28,edgar
CBS,813828.0,Paramount Global,issuer_delisting,25,2019-12-04,edgar
CBS,813828.0,Paramount Global,exchange_delisting,25-NSE,2016-01-19,edgar
CBS,813828.0,Paramount Global,exchange_delisting,25-NSE,2012-03-28,edgar
CBS,813828.0,Paramount Global,exchange_delisting,25-NSE,2010-12-21,edgar
CBS,813828.0,Paramount Global,issuer_delisting,25,2005-06-06,edgar
CBS,813828.0,Paramount Global,issuer_delisting,25,2003-01-21,edgar
CBS,813828.0,Paramount Global,deregistration_unlisted,15-12G,1994-09-29,edgar
CBSS,18568.0,COMPASS BANCSHARES INC,deregistration_listed,15-12B,2007-11-08,edgar
CBSS,18568.0,COMPASS BANCSHARES INC,deregistration_unlisted,15-12G,2007-09-07,edgar
CBSS,18568.0,COMPASS BANCSHARES INC,exchange_delisting,25-NSE,2007-09-06,edgar
CCB,1437958.0,COASTAL FINANCIAL CORP,still_listed_or_no_event,,,edgar
CCI,1051470.0,CROWN CASTLE INC.,exchange_delisting,25-NSE/A,2020-08-03,edgar
CCI,1051470.0,CROWN CASTLE INC.,exchange_delisting,25-NSE,2020-08-03,edgar
CCI,1051470.0,CROWN CASTLE INC.,exchange_delisting,25-NSE/A,2016-11-01,edgar
CCI,1051470.0,CROWN CASTLE INC.,exchange_delisting,25-NSE,2016-11-01,edgar
CCI,1051470.0,CROWN CASTLE INC.,exchange_delisting,25-NSE,2014-12-16,edgar
CCI,1051470.0,CROWN CASTLE INC.,exchange_delisting,25-NSE,2014-12-16,edgar
CCK,1219601.0,"CROWN HOLDINGS, INC.",exchange_delisting,25-NSE,2025-12-22,edgar
CCL,815097.0,Carnival Corp Ltd.,exchange_delisting,25-NSE,2023-10-02,edgar
CCL,815097.0,Carnival Corp Ltd.,exchange_delisting,25-NSE,2022-11-07,edgar
CCL,815097.0,Carnival Corp Ltd.,exchange_delisting,25-NSE,2021-02-22,edgar
CCL,815097.0,Carnival Corp Ltd.,exchange_delisting,25-NSE,2019-11-06,edgar
CCL,815097.0,Carnival Corp Ltd.,issuer_delisting,25,2005-05-20,edgar
CCL,815097.0,Carnival Corp Ltd.,issuer_delisting,25,2004-07-23,edgar
CCL,815097.0,Carnival Corp Ltd.,issuer_delisting,25,2003-10-14,edgar
CCTYQ,,,no_cik,,,unresolved
CCU,888746.0,UNITED BREWERIES CO INC,still_listed_or_no_event,,,edgar
CDAY,,,no_cik,,,unresolved
CDNS,813672.0,CADENCE DESIGN SYSTEMS INC,still_listed_or_no_event,,,edgar
CDW,1402057.0,CDW Corp,still_listed_or_no_event,,,edgar
CE,1306830.0,Celanese Corp,exchange_delisting,25-NSE,2026-06-25,edgar
CE,1306830.0,Celanese Corp,exchange_delisting,25-NSE,2025-02-11,edgar
CE,1306830.0,Celanese Corp,exchange_delisting,25-NSE,2023-09-26,edgar
CE,1306830.0,Celanese Corp,exchange_delisting,25-NSE,2019-06-17,edgar
CE,1306830.0,Celanese Corp,deregistration_listed,15-12B,2010-03-08,edgar
CE,1306830.0,Celanese Corp,exchange_delisting,25-NSE,2010-02-17,edgar
CE,1306830.0,Celanese Corp,bankruptcy,8-K,2005-01-28,edgar
CEG,1868275.0,Constellation Energy Corp,still_listed_or_no_event,,,edgar
CELG,816284.0,CELGENE CORP /DE/,deregistration_listed,15-12B,2019-12-13,edgar
CELG,816284.0,CELGENE CORP /DE/,issuer_delisting,25,2019-12-02,edgar
CELG,816284.0,CELGENE CORP /DE/,exchange_delisting,25-NSE,2019-11-20,edgar
CEN,1386716.0,Star Bulk Carriers Corp.,exchange_delisting,25-NSE,2021-07-27,edgar
CEN,1386716.0,Star Bulk Carriers Corp.,exchange_delisting,25-NSE,2018-01-25,edgar
CEN,1386716.0,Star Bulk Carriers Corp.,exchange_delisting,25-NSE,2010-03-15,edgar
CEPH,873364.0,CEPHALON INC,deregistration_unlisted,15-12G,2011-10-19,edgar
CEPH,873364.0,CEPHALON INC,exchange_delisting,25-NSE,2011-10-14,edgar
CERN,804753.0,CERNER Corp,deregistration_unlisted,15-12G,2022-06-23,edgar
CERN,804753.0,CERNER Corp,exchange_delisting,25-NSE,2022-06-08,edgar
CERN,804753.0,CERNER Corp,deregistration_unlisted,15-12G,2006-12-06,edgar
CF,1324404.0,"CF Industries Holdings, Inc.",exchange_delisting,25-NSE,2017-07-26,edgar
CF,1324404.0,"CF Industries Holdings, Inc.",exchange_delisting,25-NSE,2015-04-15,edgar
CFC,949859.0,CFC INTERNATIONAL INC,deregistration_unlisted,15-12G,2006-09-06,edgar
CFC,949859.0,CFC INTERNATIONAL INC,exchange_delisting,25-NSE,2006-09-06,edgar
CFG,759944.0,CITIZENS FINANCIAL GROUP INC/RI,exchange_delisting,25-NSE,2024-07-09,edgar
CFL,,,no_cik,,,unresolved
CFN,,,no_cik,,,unresolved
CG,1527166.0,Carlyle Group Inc.,deregistration_listed,15-12B,2020-01-13,edgar
CG,1527166.0,Carlyle Group Inc.,exchange_delisting,25-NSE/A,2020-01-03,edgar
CG,1527166.0,Carlyle Group Inc.,exchange_delisting,25-NSE,2019-12-31,edgar
CG,1527166.0,Carlyle Group Inc.,deregistration_listed,15-12B,2019-10-18,edgar
CG,1527166.0,Carlyle Group Inc.,exchange_delisting,25-NSE,2019-10-07,edgar
CGP,,,no_cik,,,unresolved
CHA,2013649.0,Chagee Holdings Ltd.,still_listed_or_no_event,,,edgar
CHD,313927.0,CHURCH & DWIGHT CO INC /DE/,still_listed_or_no_event,,,edgar
CHIR,,,no_cik,,,unresolved
CHRS,1512762.0,"Coherus Oncology, Inc.",still_listed_or_no_event,,,edgar
CHRW,1043277.0,"C. H. ROBINSON WORLDWIDE, INC.",still_listed_or_no_event,,,edgar
CHTR,1091667.0,"CHARTER COMMUNICATIONS, INC. /MO/",deregistration_unlisted,15-12G,2009-12-02,edgar
CHTR,1091667.0,"CHARTER COMMUNICATIONS, INC. /MO/",bankruptcy,8-K,2009-11-23,edgar
CHTR,1091667.0,"CHARTER COMMUNICATIONS, INC. /MO/",exchange_delisting,25-NSE,2009-04-22,edgar
CHTR,1091667.0,"CHARTER COMMUNICATIONS, INC. /MO/",bankruptcy,8-K,2009-03-27,edgar
CI,1739940.0,Cigna Group,still_listed_or_no_event,,,edgar
CIEN,936395.0,CIENA CORP,issuer_delisting,25,2013-12-13,edgar
CIN,,,no_cik,,,unresolved
CINF,20286.0,CINCINNATI FINANCIAL CORP,still_listed_or_no_event,,,edgar
CIT.A,,,no_cik,,,unresolved
CITGQ,,,no_cik,,,unresolved
CL,21665.0,COLGATE PALMOLIVE CO,exchange_delisting,25-NSE,2026-03-06,edgar
CL,21665.0,COLGATE PALMOLIVE CO,exchange_delisting,25-NSE,2021-11-12,edgar
CL,21665.0,COLGATE PALMOLIVE CO,exchange_delisting,25-NSE,2019-05-14,edgar
CL,21665.0,COLGATE PALMOLIVE CO,exchange_delisting,25-NSE,2014-07-25,edgar
CL,21665.0,COLGATE PALMOLIVE CO,deregistration_listed,15-12B,2003-10-03,edgar
CL,21665.0,COLGATE PALMOLIVE CO,issuer_delisting,25,2003-07-03,edgar
CLF,764065.0,CLEVELAND-CLIFFS INC.,exchange_delisting,25-NSE,2016-02-02,edgar
CLF,764065.0,CLEVELAND-CLIFFS INC.,exchange_delisting,25-NSE,2010-06-02,edgar
CLF,764065.0,CLEVELAND-CLIFFS INC.,issuer_delisting,25,2009-07-02,edgar
CLX,21076.0,CLOROX CO /DE/,issuer_delisting,25,2006-08-04,edgar
CMA,1071775.0,PACIFIC CMA INC,deregistration_unlisted,15-12G,2008-02-22,edgar
CMA,1071775.0,PACIFIC CMA INC,issuer_delisting,25,2007-08-17,edgar
CMB,,,no_cik,,,unresolved
CMCSA,1166691.0,COMCAST CORP,exchange_delisting,25-NSE,2026-09-14,edgar
CMCSA,1166691.0,COMCAST CORP,exchange_delisting,25-NSE,2017-12-18,edgar
CMCSA,1166691.0,COMCAST CORP,deregistration_listed,15-12B,2015-12-22,edgar
CMCSA,1166691.0,COMCAST CORP,exchange_delisting,25-NSE,2015-12-11,edgar
CMCSA,1166691.0,COMCAST CORP,exchange_delisting,25-NSE,2012-07-24,edgar
CMCSA,1166691.0,COMCAST CORP,exchange_delisting,25-NSE,2012-04-20,edgar
CMCSA,1166691.0,COMCAST CORP,exchange_delisting,25-NSE,2011-11-30,edgar
CMCSK,1166691.0,COMCAST CORP,exchange_delisting,25-NSE,2026-09-14,edgar
CMCSK,1166691.0,COMCAST CORP,exchange_delisting,25-NSE,2017-12-18,edgar
CMCSK,1166691.0,COMCAST CORP,deregistration_listed,15-12B,2015-12-22,edgar
CMCSK,1166691.0,COMCAST CORP,exchange_delisting,25-NSE,2015-12-11,edgar
CMCSK,1166691.0,COMCAST CORP,exchange_delisting,25-NSE,2012-07-24,edgar
CMCSK,1166691.0,COMCAST CORP,exchange_delisting,25-NSE,2012-04-20,edgar
CMCSK,1166691.0,COMCAST CORP,exchange_delisting,25-NSE,2011-11-30,edgar
CME,1156375.0,CME GROUP INC.,issuer_delisting,25,2008-07-11,edgar
CMG,1058090.0,CHIPOTLE MEXICAN GRILL INC,deregistration_listed,15-12B,2009-12-23,edgar
CMG,1058090.0,CHIPOTLE MEXICAN GRILL INC,exchange_delisting,25-NSE,2009-12-22,edgar
CMI,26172.0,CUMMINS INC,issuer_delisting,25,2006-12-18,edgar
CMS,811156.0,CMS ENERGY CORP,issuer_delisting,25,2003-08-28,edgar
CMS,811156.0,CMS ENERGY CORP,issuer_delisting,25,2002-07-05,edgar
CMVT,803014.0,COMVERSE TECHNOLOGY INC/NY/,deregistration_listed,15-12B,2013-02-14,edgar
CMVT,803014.0,COMVERSE TECHNOLOGY INC/NY/,exchange_delisting,25-NSE,2013-02-04,edgar
CMVT,803014.0,COMVERSE TECHNOLOGY INC/NY/,exchange_delisting,25-NSE,2007-05-22,edgar
CMX,,,no_cik,,,unresolved
CNC,1071739.0,CENTENE CORP,still_listed_or_no_event,,,edgar
CNG,1160857.0,DOMINION CNG CAPITAL TRUST I,exchange_delisting,25-NSE,2007-07-23,edgar
CNG,1160857.0,DOMINION CNG CAPITAL TRUST I,deregistration_listed,15-12B,2007-07-18,edgar
CNP,1130310.0,CENTERPOINT ENERGY INC,exchange_delisting,25-NSE,2021-09-01,edgar
CNW,,,no_cik,,,unresolved
CNX,1070412.0,CNX Resources Corp,still_listed_or_no_event,,,edgar
CNXT,1069353.0,CONEXANT SYSTEMS INC,deregistration_unlisted,15-12G,2011-04-29,edgar
CNXT,1069353.0,CONEXANT SYSTEMS INC,exchange_delisting,25-NSE,2011-04-19,edgar
CNXT,1069353.0,CONEXANT SYSTEMS INC,deregistration_unlisted,15-12G,2009-05-22,edgar
COC.B,,,no_cik,,,unresolved
COF,927628.0,CAPITAL ONE FINANCIAL CORP,deregistration_unlisted,15-12G,2024-06-24,edgar
COF,927628.0,CAPITAL ONE FINANCIAL CORP,exchange_delisting,25-NSE,2024-06-12,edgar
COF,927628.0,CAPITAL ONE FINANCIAL CORP,deregistration_listed,15-12B,2021-12-13,edgar
COF,927628.0,CAPITAL ONE FINANCIAL CORP,deregistration_listed,15-12B,2021-12-13,edgar
COF,927628.0,CAPITAL ONE FINANCIAL CORP,exchange_delisting,25-NSE,2021-12-01,edgar
COF,927628.0,CAPITAL ONE FINANCIAL CORP,exchange_delisting,25-NSE,2021-12-01,edgar
COF,927628.0,CAPITAL ONE FINANCIAL CORP,deregistration_listed,15-12B,2020-12-11,edgar
COF,927628.0,CAPITAL ONE FINANCIAL CORP,exchange_delisting,25-NSE,2020-12-01,edgar
COF,927628.0,CAPITAL ONE FINANCIAL CORP,deregistration_listed,15-12B,2020-03-12,edgar
COF,927628.0,CAPITAL ONE FINANCIAL CORP,exchange_delisting,25-NSE,2020-03-02,edgar
COF,927628.0,CAPITAL ONE FINANCIAL CORP,deregistration_listed,15-12B,2019-12-12,edgar
COF,927628.0,CAPITAL ONE FINANCIAL CORP,exchange_delisting,25-NSE,2019-12-02,edgar
COF,927628.0,CAPITAL ONE FINANCIAL CORP,exchange_delisting,25-NSE,2019-12-02,edgar
COF,927628.0,CAPITAL ONE FINANCIAL CORP,exchange_delisting,25-NSE,2018-11-13,edgar
COF,927628.0,CAPITAL ONE FINANCIAL CORP,exchange_delisting,25-NSE,2013-01-31,edgar
COF,927628.0,CAPITAL ONE FINANCIAL CORP,exchange_delisting,25-NSE,2007-06-29,edgar
COF,927628.0,CAPITAL ONE FINANCIAL CORP,issuer_delisting,25,2005-12-20,edgar
COF,927628.0,CAPITAL ONE FINANCIAL CORP,issuer_delisting,25,2005-05-20,edgar
COG,,,no_cik,,,unresolved
COIN,1679788.0,"Coinbase Global, Inc.",still_listed_or_no_event,,,edgar
COL,1790625.0,"AgileThought, Inc.",exchange_delisting,25-NSE,2023-12-27,edgar
COL,1790625.0,"AgileThought, Inc.",exchange_delisting,25-NSE,2021-08-23,edgar
COMS,738076.0,3COM CORP,deregistration_unlisted,15-12G,2010-04-22,edgar
COMS,738076.0,3COM CORP,exchange_delisting,25-NSE,2010-04-12,edgar
COO,711404.0,"COOPER COMPANIES, INC.",issuer_delisting,25,2023-09-25,edgar
COP,1163165.0,CONOCOPHILLIPS,deregistration_unlisted,15-12G,2004-06-24,edgar
COP,1163165.0,CONOCOPHILLIPS,deregistration_unlisted,15-12G,2004-06-24,edgar
COR,1140859.0,"Cencora, Inc.",exchange_delisting,25-NSE,2009-11-24,edgar
COST,909832.0,COSTCO WHOLESALE CORP /NEW,deregistration_unlisted,15-12G,2003-07-24,edgar
COST,909832.0,COSTCO WHOLESALE CORP /NEW,deregistration_unlisted,15-12G,1997-01-07,edgar
COST,909832.0,COSTCO WHOLESALE CORP /NEW,deregistration_unlisted,15-12G,1997-01-06,edgar
COTY,1024305.0,COTY INC.,still_listed_or_no_event,,,edgar
COV,,,no_cik,,,unresolved
CPAY,1175454.0,"CORPAY, INC.",still_listed_or_no_event,,,edgar
CPB,16732.0,CAMPBELL'S Co,issuer_delisting,25,2024-08-16,edgar
CPGX,,,no_cik,,,unresolved
CPNLQ,,,no_cik,,,unresolved
CPQ,,,no_cik,,,unresolved
CPRI,1530721.0,Capri Holdings Ltd,still_listed_or_no_event,,,edgar
CPRT,900075.0,COPART INC,still_listed_or_no_event,,,edgar
CPT,906345.0,CAMDEN PROPERTY TRUST,deregistration_listed,15-12B,2001-05-03,edgar
CPT,906345.0,CAMDEN PROPERTY TRUST,deregistration_listed,15-12B,1997-04-29,edgar
CR,1944013.0,Crane Co,still_listed_or_no_event,,,edgar
CRL,1100682.0,"CHARLES RIVER LABORATORIES INTERNATIONAL, INC.",still_listed_or_no_event,,,edgar
CRM,1108524.0,"Salesforce, Inc.",still_listed_or_no_event,,,edgar
CRR,,,no_cik,,,unresolved
CRWD,1535527.0,"CrowdStrike Holdings, Inc.",still_listed_or_no_event,,,edgar
CSCO,858877.0,"CISCO SYSTEMS, INC.",deregistration_unlisted,15-12G,1996-10-29,edgar
CSE,3673.0,"ALLEGHENY ENERGY, INC",deregistration_listed,15-12B,2011-03-14,edgar
CSE,3673.0,"ALLEGHENY ENERGY, INC",exchange_delisting,25-NSE,2011-03-02,edgar
CSE,3673.0,"ALLEGHENY ENERGY, INC",exchange_delisting,25-NSE,2011-02-28,edgar
CSE,3673.0,"ALLEGHENY ENERGY, INC",issuer_delisting,25,2007-05-15,edgar
CSE,3673.0,"ALLEGHENY ENERGY, INC",issuer_delisting,25,2006-12-19,edgar
CSGP,1057352.0,"COSTAR GROUP, INC.",still_listed_or_no_event,,,edgar
CSR,798359.0,CENTERSPACE,exchange_delisting,25-NSE,2024-09-30,edgar
CSR,798359.0,CENTERSPACE,exchange_delisting,25-NSE,2017-11-01,edgar
CSR,798359.0,CENTERSPACE,deregistration_listed,15-12B,2016-12-29,edgar
CSR,798359.0,CENTERSPACE,exchange_delisting,25-NSE,2016-12-05,edgar
CSR,798359.0,CENTERSPACE,issuer_delisting,25,2012-12-17,edgar
CSRA,1646383.0,CSRA Inc.,deregistration_listed,15-12B,2018-04-16,edgar
CSRA,1646383.0,CSRA Inc.,exchange_delisting,25-NSE,2018-04-04,edgar
CSX,277948.0,CSX CORP,issuer_delisting,25,2015-12-21,edgar
CTAS,723254.0,CINTAS CORP,still_listed_or_no_event,,,edgar
CTB,,,no_cik,,,unresolved
CTL,,,no_cik,,,unresolved
CTLT,,,no_cik,,,unresolved
CTRA,,,no_cik,,,unresolved
CTSH,1058290.0,COGNIZANT TECHNOLOGY SOLUTIONS CORP,still_listed_or_no_event,,,edgar
CTVA,1755672.0,"Corteva, Inc.",still_listed_or_no_event,,,edgar
CTX,,,no_cik,,,unresolved
CTXS,877890.0,CITRIX SYSTEMS INC,deregistration_unlisted,15-12G,2022-10-12,edgar
CTXS,877890.0,CITRIX SYSTEMS INC,exchange_delisting,25-NSE,2022-09-30,edgar
CVC,1037461.0,BJS WHOLESALE CLUB INC,deregistration_listed,15-12B,2011-10-13,edgar
CVC,1037461.0,BJS WHOLESALE CLUB INC,exchange_delisting,25-NSE,2011-10-03,edgar
CVG,912500.0,CRYSTALLEX INTERNATIONAL CORP,exchange_delisting,25-NSE,2011-10-07,edgar
CVS,64803.0,CVS HEALTH Corp,still_listed_or_no_event,,,edgar
CVX,93410.0,CHEVRON CORP,deregistration_listed,15-12B,2009-01-30,edgar
CXO,,,no_cik,,,unresolved
CYM,,,no_cik,,,unresolved
CYR,,,no_cik,,,unresolved
CZR,1590895.0,"Caesars Entertainment, Inc.",still_listed_or_no_event,,,edgar
D,715957.0,"DOMINION ENERGY, INC",exchange_delisting,25-NSE,2022-06-01,edgar
D,715957.0,"DOMINION ENERGY, INC",exchange_delisting,25-NSE,2021-08-31,edgar
D,715957.0,"DOMINION ENERGY, INC",exchange_delisting,25-NSE,2019-08-15,edgar
D,715957.0,"DOMINION ENERGY, INC",exchange_delisting,25-NSE,2017-07-05,edgar
D,715957.0,"DOMINION ENERGY, INC",exchange_delisting,25-NSE,2016-07-01,edgar
D,715957.0,"DOMINION ENERGY, INC",exchange_delisting,25-NSE,2016-04-04,edgar
D,715957.0,"DOMINION ENERGY, INC",exchange_delisting,25-NSE,2014-10-16,edgar
D,715957.0,"DOMINION ENERGY, INC",issuer_delisting,25,2007-10-31,edgar
D,715957.0,"DOMINION ENERGY, INC",issuer_delisting,25,2007-10-31,edgar
D,715957.0,"DOMINION ENERGY, INC",issuer_delisting,25,2007-10-31,edgar
D,715957.0,"DOMINION ENERGY, INC",issuer_delisting,25,2007-10-31,edgar
D,715957.0,"DOMINION ENERGY, INC",issuer_delisting,25,2007-10-31,edgar
D,715957.0,"DOMINION ENERGY, INC",exchange_delisting,25-NSE,2006-05-15,edgar
D,715957.0,"DOMINION ENERGY, INC",issuer_delisting,25,2004-11-18,edgar
DAL,27904.0,"DELTA AIR LINES, INC.",deregistration_unlisted,15-12G,2007-04-30,edgar
DAL,27904.0,"DELTA AIR LINES, INC.",bankruptcy,8-K,2007-04-26,edgar
DAL,27904.0,"DELTA AIR LINES, INC.",bankruptcy,8-K,2005-09-15,edgar
DAL,27904.0,"DELTA AIR LINES, INC.",deregistration_unlisted,15-12G,1996-12-20,edgar
DAL,27904.0,"DELTA AIR LINES, INC.",deregistration_unlisted,15-12G,1996-11-04,edgar
DALRQ,,,no_cik,,,unresolved
DASH,1792789.0,"DoorDash, Inc.",issuer_delisting,25,2023-09-26,edgar
DAY,1044863.0,TEFRON LTD,exchange_delisting,25-NSE,2009-01-20,edgar
DCNAQ,,,no_cik,,,unresolved
DD,1666700.0,"DuPont de Nemours, Inc.",still_listed_or_no_event,,,edgar
DDOG,1561550.0,"Datadog, Inc.",still_listed_or_no_event,,,edgar
DDR,894315.0,SITE Centers Corp.,exchange_delisting,25-NSE,2024-11-26,edgar
DDR,894315.0,SITE Centers Corp.,exchange_delisting,25-NSE,2021-04-07,edgar
DDR,894315.0,SITE Centers Corp.,exchange_delisting,25-NSE,2019-11-25,edgar
DDR,894315.0,SITE Centers Corp.,exchange_delisting,25-NSE,2014-06-05,edgar
DDR,894315.0,SITE Centers Corp.,exchange_delisting,25-NSE,2012-08-20,edgar
DDR,894315.0,SITE Centers Corp.,exchange_delisting,25-NSE,2011-04-12,edgar
DDR,894315.0,SITE Centers Corp.,exchange_delisting,25-NSE,2007-04-02,edgar
DDR,894315.0,SITE Centers Corp.,issuer_delisting,25,2003-09-16,edgar
DDR,894315.0,SITE Centers Corp.,issuer_delisting,25,2003-09-08,edgar
DDR,894315.0,SITE Centers Corp.,issuer_delisting,25,2003-08-19,edgar
DDR,894315.0,SITE Centers Corp.,issuer_delisting,25,2002-04-19,edgar
DDS,28917.0,"DILLARD'S, INC.",still_listed_or_no_event,,,edgar
DE,315189.0,DEERE & CO,exchange_delisting,25-NSE,2022-01-10,edgar
DE,315189.0,DEERE & CO,exchange_delisting,25-NSE,2009-07-01,edgar
DEC,1922446.0,Diversified Energy Co,deregistration_unlisted,15-12G,2025-12-04,edgar
DEC,1922446.0,Diversified Energy Co,exchange_delisting,25-NSE,2025-11-24,edgar
DECK,910521.0,DECKERS OUTDOOR CORP,issuer_delisting,25,2014-05-05,edgar
DELL,1571996.0,Dell Technologies Inc.,deregistration_listed,15-12B,2019-01-07,edgar
DELL,1571996.0,Dell Technologies Inc.,exchange_delisting,25-NSE,2018-12-28,edgar
DF,,,no_cik,,,unresolved
DFS,,,no_cik,,,unresolved
DG,29534.0,DOLLAR GENERAL CORP,exchange_delisting,25-NSE,2007-07-12,edgar
DG,29534.0,DOLLAR GENERAL CORP,deregistration_unlisted,15-12G,2007-07-06,edgar
DGN,,,no_cik,,,unresolved
DGX,1022079.0,QUEST DIAGNOSTICS INC,exchange_delisting,25-NSE,2007-01-22,edgar
DGX,1022079.0,QUEST DIAGNOSTICS INC,issuer_delisting,25,2005-01-18,edgar
DHI,882184.0,HORTON D R INC /DE/,exchange_delisting,25-NSE,2023-07-06,edgar
DHI,882184.0,HORTON D R INC /DE/,exchange_delisting,25-NSE,2011-09-19,edgar
DHI,882184.0,HORTON D R INC /DE/,exchange_delisting,25-NSE,2010-09-15,edgar
DHI,882184.0,HORTON D R INC /DE/,exchange_delisting,25-NSE,2010-08-24,edgar
DHI,882184.0,HORTON D R INC /DE/,exchange_delisting,25-NSE,2009-02-27,edgar
DHI,882184.0,HORTON D R INC /DE/,exchange_delisting,25-NSE,2007-12-20,edgar
DHI,882184.0,HORTON D R INC /DE/,exchange_delisting,25-NSE,2007-12-20,edgar
DHI,882184.0,HORTON D R INC /DE/,issuer_delisting,25,2006-03-23,edgar
DHI,882184.0,HORTON D R INC /DE/,issuer_delisting,25,2005-04-14,edgar
DHI,882184.0,HORTON D R INC /DE/,deregistration_listed,15-12B,2004-06-28,edgar
DHI,882184.0,HORTON D R INC /DE/,deregistration_unlisted,15-12G/A,2003-08-19,edgar
DHI,882184.0,HORTON D R INC /DE/,deregistration_unlisted,15-12G,2003-08-18,edgar
DHI,882184.0,HORTON D R INC /DE/,deregistration_unlisted,15-12G,2003-07-24,edgar
DHI,882184.0,HORTON D R INC /DE/,deregistration_unlisted,15-12G,2003-07-24,edgar
DHI,882184.0,HORTON D R INC /DE/,issuer_delisting,25,2003-07-02,edgar
DHI,882184.0,HORTON D R INC /DE/,deregistration_unlisted,15-12G,1998-11-16,edgar
DHR,313616.0,DANAHER CORP /DE/,exchange_delisting,25-NSE,2026-03-18,edgar
DHR,313616.0,DANAHER CORP /DE/,exchange_delisting,25-NSE,2024-04-01,edgar
DHR,313616.0,DANAHER CORP /DE/,exchange_delisting,25-NSE,2023-04-17,edgar
DHR,313616.0,DANAHER CORP /DE/,exchange_delisting,25-NSE,2022-06-30,edgar
DHR,313616.0,DANAHER CORP /DE/,exchange_delisting,25-NSE,2022-04-18,edgar
DHR,313616.0,DANAHER CORP /DE/,exchange_delisting,25-NSE,2021-12-29,edgar
DHR,313616.0,DANAHER CORP /DE/,exchange_delisting,25-NSE,2020-11-05,edgar
DHR,313616.0,DANAHER CORP /DE/,exchange_delisting,25-NSE,2019-07-09,edgar
DHR,313616.0,DANAHER CORP /DE/,exchange_delisting,25-NSE,2017-06-30,edgar
DHR,313616.0,DANAHER CORP /DE/,issuer_delisting,25,2007-01-26,edgar
DI,1854587.0,Cellebrite DI Ltd.,exchange_delisting,25-NSE,2024-09-16,edgar
DIGI,,,no_cik,,,unresolved
DIS,1744489.0,Walt Disney Co,still_listed_or_no_event,,,edgar
DISCA,1437107.0,"Warner Bros. Discovery, Inc.",exchange_delisting,25-NSE,2022-04-08,edgar
DISCA,1437107.0,"Warner Bros. Discovery, Inc.",exchange_delisting,25-NSE,2022-04-08,edgar
DISCA,1437107.0,"Warner Bros. Discovery, Inc.",exchange_delisting,25-NSE,2022-04-08,edgar
DISCK,1437107.0,"Warner Bros. Discovery, Inc.",exchange_delisting,25-NSE,2022-04-08,edgar
DISCK,1437107.0,"Warner Bros. Discovery, Inc.",exchange_delisting,25-NSE,2022-04-08,edgar
DISCK,1437107.0,"Warner Bros. Discovery, Inc.",exchange_delisting,25-NSE,2022-04-08,edgar
DISH,1001082.0,DISH Network CORP,deregistration_unlisted,15-12G,2026-03-31,edgar
DISH,1001082.0,DISH Network CORP,deregistration_unlisted,15-12G,2024-01-23,edgar
DISH,1001082.0,DISH Network CORP,exchange_delisting,25-NSE,2023-12-29,edgar
DISH,1001082.0,DISH Network CORP,exchange_delisting,25-NSE,2019-12-09,edgar
DISH,1001082.0,DISH Network CORP,deregistration_unlisted,15-12G,2001-07-13,edgar
DJ,1064642.0,SPDR SERIES TRUST,exchange_delisting,25-NSE,2026-05-18,edgar
DJ,1064642.0,SPDR SERIES TRUST,exchange_delisting,25-NSE,2026-05-12,edgar
DJ,1064642.0,SPDR SERIES TRUST,exchange_delisting,25-NSE,2024-01-08,edgar
DJ,1064642.0,SPDR SERIES TRUST,exchange_delisting,25-NSE,2023-06-12,edgar
DJ,1064642.0,SPDR SERIES TRUST,exchange_delisting,25-NSE,2023-04-17,edgar
DJ,1064642.0,SPDR SERIES TRUST,exchange_delisting,25-NSE,2021-03-24,edgar
DJ,1064642.0,SPDR SERIES TRUST,exchange_delisting,25-NSE,2020-06-08,edgar
DJ,1064642.0,SPDR SERIES TRUST,exchange_delisting,25-NSE,2020-06-08,edgar
DJ,1064642.0,SPDR SERIES TRUST,exchange_delisting,25-NSE,2017-08-01,edgar
DJ,1064642.0,SPDR SERIES TRUST,exchange_delisting,25-NSE,2016-09-02,edgar
DJ,1064642.0,SPDR SERIES TRUST,exchange_delisting,25-NSE,2016-09-02,edgar
DJ,1064642.0,SPDR SERIES TRUST,exchange_delisting,25-NSE,2016-09-02,edgar
DJ,1064642.0,SPDR SERIES TRUST,exchange_delisting,25-NSE,2016-09-02,edgar
DJ,1064642.0,SPDR SERIES TRUST,exchange_delisting,25-NSE,2016-09-02,edgar
DJ,1064642.0,SPDR SERIES TRUST,exchange_delisting,25-NSE,2015-04-21,edgar
DJ,1064642.0,SPDR SERIES TRUST,exchange_delisting,25-NSE,2015-04-07,edgar
DJ,1064642.0,SPDR SERIES TRUST,issuer_delisting,25,2008-10-29,edgar
DJ,1064642.0,SPDR SERIES TRUST,exchange_delisting,25-NSE,2006-09-21,edgar
DJ,1064642.0,SPDR SERIES TRUST,issuer_delisting,25,2003-12-30,edgar
DJ,1064642.0,SPDR SERIES TRUST,issuer_delisting,25,2003-12-30,edgar
DLR,1297996.0,"DIGITAL REALTY TRUST, INC.",exchange_delisting,25-NSE,2021-05-17,edgar
DLR,1297996.0,"DIGITAL REALTY TRUST, INC.",exchange_delisting,25-NSE,2020-10-15,edgar
DLR,1297996.0,"DIGITAL REALTY TRUST, INC.",exchange_delisting,25-NSE,2020-09-08,edgar
DLR,1297996.0,"DIGITAL REALTY TRUST, INC.",exchange_delisting,25-NSE,2019-04-01,edgar
DLR,1297996.0,"DIGITAL REALTY TRUST, INC.",exchange_delisting,25-NSE,2017-04-05,edgar
DLR,1297996.0,"DIGITAL REALTY TRUST, INC.",exchange_delisting,25-NSE,2016-09-15,edgar
DLR,1297996.0,"DIGITAL REALTY TRUST, INC.",exchange_delisting,25-NSE,2010-12-21,edgar
DLR,1297996.0,"DIGITAL REALTY TRUST, INC.",exchange_delisting,25-NSE,2010-10-12,edgar
DLTR,935703.0,"DOLLAR TREE, INC.",still_listed_or_no_event,,,edgar
DLX,27996.0,DELUXE CORP,still_listed_or_no_event,,,edgar
DNR,,,no_cik,,,unresolved
DOC,765880.0,"HEALTHPEAK PROPERTIES, INC.",exchange_delisting,25-NSE,2023-02-10,edgar
DOC,765880.0,"HEALTHPEAK PROPERTIES, INC.",deregistration_unlisted,15-12G,2023-02-10,edgar
DOC,765880.0,"HEALTHPEAK PROPERTIES, INC.",exchange_delisting,25-NSE,2012-04-23,edgar
DOC,765880.0,"HEALTHPEAK PROPERTIES, INC.",exchange_delisting,25-NSE,2012-04-23,edgar
DOC,765880.0,"HEALTHPEAK PROPERTIES, INC.",deregistration_listed,15-12B,2004-02-06,edgar
DOC,765880.0,"HEALTHPEAK PROPERTIES, INC.",issuer_delisting,25,2003-10-14,edgar
DOC,765880.0,"HEALTHPEAK PROPERTIES, INC.",deregistration_listed,15-12B,2003-10-14,edgar
DOC,765880.0,"HEALTHPEAK PROPERTIES, INC.",issuer_delisting,25,2003-09-29,edgar
DOC,765880.0,"HEALTHPEAK PROPERTIES, INC.",issuer_delisting,25,2003-05-05,edgar
DOV,29905.0,DOVER Corp,deregistration_listed,15-12B,2020-01-13,edgar
DOV,29905.0,DOVER Corp,exchange_delisting,25-NSE,2019-12-04,edgar
DOW,1751788.0,DOW INC.,still_listed_or_no_event,,,edgar
DPHIQ,,,no_cik,,,unresolved
DPZ,1286681.0,DOMINOS PIZZA INC,issuer_delisting,25,2024-12-31,edgar
DRE,,,no_cik,,,unresolved
DRI,940944.0,DARDEN RESTAURANTS INC,deregistration_listed,15-12B,2015-12-01,edgar
DRI,940944.0,DARDEN RESTAURANTS INC,exchange_delisting,25-NSE,2015-11-20,edgar
DRI,940944.0,DARDEN RESTAURANTS INC,deregistration_listed,15-12B/A,2015-01-15,edgar
DRI,940944.0,DARDEN RESTAURANTS INC,deregistration_listed,15-12B,2015-01-13,edgar
DRI,940944.0,DARDEN RESTAURANTS INC,exchange_delisting,25-NSE,2014-12-03,edgar
DRI,940944.0,DARDEN RESTAURANTS INC,issuer_delisting,25,2006-02-03,edgar
DTE,936340.0,DTE ENERGY CO,exchange_delisting,25-NSE,2022-11-02,edgar
DTE,936340.0,DTE ENERGY CO,exchange_delisting,25-NSE,2021-12-15,edgar
DTE,936340.0,DTE ENERGY CO,exchange_delisting,25-NSE,2021-06-30,edgar
DTE,936340.0,DTE ENERGY CO,exchange_delisting,25-NSE,2020-10-23,edgar
DTE,936340.0,DTE ENERGY CO,exchange_delisting,25-NSE,2019-10-01,edgar
DTE,936340.0,DTE ENERGY CO,exchange_delisting,25-NSE,2016-12-28,edgar
DTE,936340.0,DTE ENERGY CO,issuer_delisting,25,2006-07-24,edgar
DTE,936340.0,DTE ENERGY CO,issuer_delisting,25,2005-08-17,edgar
DUK,1326160.0,Duke Energy CORP,exchange_delisting,25-NSE,2021-10-07,edgar
DUK,1326160.0,Duke Energy CORP,bankruptcy,8-K,2011-07-07,edgar
DVA,927066.0,DAVITA INC.,exchange_delisting,25-NSE,2011-07-12,edgar
DVN,1090012.0,DEVON ENERGY CORP/DE,deregistration_listed,15-12B,2021-02-10,edgar
DVN,1090012.0,DEVON ENERGY CORP/DE,exchange_delisting,25-NSE,2008-08-20,edgar
DVN,1090012.0,DEVON ENERGY CORP/DE,exchange_delisting,25-NSE,2008-08-20,edgar
DWD,,,no_cik,,,unresolved
DWDP,,,no_cik,,,unresolved
DXC,1688568.0,DXC Technology Co,exchange_delisting,25-NSE,2025-12-29,edgar
DXC,1688568.0,DXC Technology Co,exchange_delisting,25-NSE,2021-09-29,edgar
DXCM,1093557.0,DEXCOM INC,still_listed_or_no_event,,,edgar
DYN,1818794.0,"Dyne Therapeutics, Inc.",still_listed_or_no_event,,,edgar
EA,712515.0,ELECTRONIC ARTS INC.,deregistration_unlisted,15-12G,2026-08-14,edgar
EA,712515.0,ELECTRONIC ARTS INC.,exchange_delisting,25-NSE,2026-08-04,edgar
EBAY,1065088.0,EBAY INC,deregistration_unlisted,15-12G,2021-03-11,edgar
EBAY,1065088.0,EBAY INC,exchange_delisting,25-NSE,2021-03-01,edgar
EC,1444406.0,ECOPETROL S.A.,exchange_delisting,25-NSE,2025-01-16,edgar
EC,1444406.0,ECOPETROL S.A.,exchange_delisting,25-NSE,2024-11-21,edgar
EC,1444406.0,ECOPETROL S.A.,exchange_delisting,25-NSE,2023-08-07,edgar
EC,1444406.0,ECOPETROL S.A.,exchange_delisting,25-NSE,2018-12-27,edgar
EC,1444406.0,ECOPETROL S.A.,exchange_delisting,25-NSE,2018-04-16,edgar
ECH,,,no_cik,,,unresolved
ECL,31462.0,ECOLAB INC.,exchange_delisting,25-NSE,2025-07-08,edgar
ECL,31462.0,ECOLAB INC.,exchange_delisting,25-NSE,2024-01-16,edgar
ECL,31462.0,ECOLAB INC.,deregistration_listed,15-12B,2013-01-15,edgar
ECL,31462.0,ECOLAB INC.,exchange_delisting,25-NSE,2013-01-03,edgar
ECL,31462.0,ECOLAB INC.,issuer_delisting,25,2006-12-27,edgar
ECL,31462.0,ECOLAB INC.,issuer_delisting,25,2006-03-29,edgar
ECL,31462.0,ECOLAB INC.,deregistration_listed,15-12B,2006-03-28,edgar
ECL,31462.0,ECOLAB INC.,issuer_delisting,25,2006-03-14,edgar
ECL,31462.0,ECOLAB INC.,deregistration_listed,15-12B,1996-05-06,edgar
ECO,1964954.0,Okeanis Eco Tankers Corp.,still_listed_or_no_event,,,edgar
ED,1047862.0,CONSOLIDATED EDISON INC,exchange_delisting,25-NSE,2007-06-04,edgar
EDS,,,no_cik,,,unresolved
EFU,,,no_cik,,,unresolved
EFX,33185.0,EQUIFAX INC,deregistration_listed,15-12B,2015-02-23,edgar
EFX,33185.0,EQUIFAX INC,exchange_delisting,25-NSE,2015-02-23,edgar
EG,1095073.0,"EVEREST GROUP, LTD.",still_listed_or_no_event,,,edgar
EHC,785161.0,Encompass Health Corp,deregistration_listed,15-12B,2017-02-22,edgar
EHC,785161.0,Encompass Health Corp,exchange_delisting,25-NSE,2017-01-12,edgar
EHC,785161.0,Encompass Health Corp,deregistration_unlisted,15-12G,1998-08-14,edgar
EHC,785161.0,Encompass Health Corp,deregistration_unlisted,15-12G,1998-07-13,edgar
EIX,827052.0,EDISON INTERNATIONAL,exchange_delisting,25-NSE,2006-12-07,edgar
EKDKQ,,,no_cik,,,unresolved
EL,1001250.0,ESTEE LAUDER COMPANIES INC,still_listed_or_no_event,,,edgar
ELV,1156039.0,"Elevance Health, Inc.",exchange_delisting,25-NSE,2018-05-01,edgar
ELV,1156039.0,"Elevance Health, Inc.",deregistration_listed,15-12B,2006-06-05,edgar
ELV,1156039.0,"Elevance Health, Inc.",deregistration_listed,15-12B,2005-12-28,edgar
ELV,1156039.0,"Elevance Health, Inc.",issuer_delisting,25,2004-11-18,edgar
ELV,1156039.0,"Elevance Health, Inc.",deregistration_listed,15-12B,2004-02-23,edgar
EMN,915389.0,EASTMAN CHEMICAL CO,exchange_delisting,25-NSE,2023-05-26,edgar
EMN,915389.0,EASTMAN CHEMICAL CO,exchange_delisting,25-NSE,2013-05-22,edgar
EMN,915389.0,EASTMAN CHEMICAL CO,issuer_delisting,25,2002-01-17,edgar
EMR,32604.0,EMERSON ELECTRIC CO,exchange_delisting,25-NSE,2025-10-15,edgar
EMR,32604.0,EMERSON ELECTRIC CO,exchange_delisting,25-NSE,2024-05-22,edgar
ENDP,1100962.0,ENDO HEALTH SOLUTIONS INC.,deregistration_listed,15-12B,2014-03-10,edgar
ENDP,1100962.0,ENDO HEALTH SOLUTIONS INC.,exchange_delisting,25-NSE,2014-02-28,edgar
ENPH,1463101.0,"Enphase Energy, Inc.",still_listed_or_no_event,,,edgar
ENRNQ,,,no_cik,,,unresolved
ENS,1289308.0,EnerSys,still_listed_or_no_event,,,edgar
EOG,821189.0,EOG RESOURCES INC,exchange_delisting,25-NSE,2010-02-25,edgar
EOP,1043866.0,EOP OPERATING LTD PARTNERSHIP,exchange_delisting,25-NSE,2007-02-13,edgar
EOP,1043866.0,EOP OPERATING LTD PARTNERSHIP,deregistration_listed,15-12B,2007-02-09,edgar
EOP,1043866.0,EOP OPERATING LTD PARTNERSHIP,deregistration_listed,15-12B,2007-02-09,edgar
EOP,1043866.0,EOP OPERATING LTD PARTNERSHIP,deregistration_listed,15-12B,2007-02-09,edgar
EP,887396.0,EMPIRE PETROLEUM CORP,still_listed_or_no_event,,,edgar
EPAM,1352010.0,"EPAM Systems, Inc.",still_listed_or_no_event,,,edgar
EQ,1746466.0,"Equillium, Inc.",still_listed_or_no_event,,,edgar
EQIX,1101239.0,EQUINIX INC,still_listed_or_no_event,,,edgar
EQR,,,no_cik,,,unresolved
EQT,33213.0,EQT Corp,deregistration_listed,15-12B,2021-08-13,edgar
EQT,33213.0,EQT Corp,exchange_delisting,25-NSE,2007-02-23,edgar
ERIE,922621.0,ERIE INDEMNITY CO,deregistration_unlisted,15-12G,2008-09-16,edgar
ES,72741.0,EVERSOURCE ENERGY,exchange_delisting,25-NSE,2009-03-04,edgar
ESRX,1532063.0,Express Scripts Holding Co.,deregistration_listed,15-12B,2018-12-31,edgar
ESRX,1532063.0,Express Scripts Holding Co.,exchange_delisting,25-NSE,2018-12-21,edgar
ESS,920522.0,"ESSEX PROPERTY TRUST, INC.",exchange_delisting,25-NSE,2016-04-18,edgar
ESV,,,no_cik,,,unresolved
ETFC,1015780.0,E TRADE FINANCIAL CORP,deregistration_listed,15-12B,2020-10-13,edgar
ETFC,1015780.0,E TRADE FINANCIAL CORP,exchange_delisting,25-NSE,2020-10-02,edgar
ETFC,1015780.0,E TRADE FINANCIAL CORP,exchange_delisting,25-NSE,2008-11-18,edgar
ETFC,1015780.0,E TRADE FINANCIAL CORP,issuer_delisting,25,2006-12-26,edgar
ETN,1551182.0,Eaton Corp plc,still_listed_or_no_event,,,edgar
ETR,65984.0,ENTERGY CORP /DE/,exchange_delisting,25-NSE,2009-02-23,edgar
ETR,65984.0,ENTERGY CORP /DE/,issuer_delisting,25,2007-03-09,edgar
ETR,65984.0,ENTERGY CORP /DE/,bankruptcy,8-K,2005-09-28,edgar
ETS,2053641.0,Elite Express Holding Inc.,still_listed_or_no_event,,,edgar
ETSY,1370637.0,ETSY INC,issuer_delisting,25,2025-10-10,edgar
EVHC,1678531.0,Envision Healthcare Corp,deregistration_listed,15-12B,2018-10-22,edgar
EVHC,1678531.0,Envision Healthcare Corp,exchange_delisting,25-NSE,2017-07-05,edgar
EVRG,1711269.0,"Evergy, Inc.",issuer_delisting,25,2022-12-27,edgar
EW,1099800.0,Edwards Lifesciences Corp,still_listed_or_no_event,,,edgar
EXC,1109357.0,EXELON CORP,issuer_delisting,25,2019-09-24,edgar
EXC,1109357.0,EXELON CORP,issuer_delisting,25,2019-09-24,edgar
EXC,1109357.0,EXELON CORP,exchange_delisting,25-NSE,2017-06-01,edgar
EXE,895126.0,EXPAND ENERGY Corp,deregistration_unlisted,15-12G,2026-02-18,edgar
EXE,895126.0,EXPAND ENERGY Corp,exchange_delisting,25-NSE,2026-02-06,edgar
EXE,895126.0,EXPAND ENERGY Corp,deregistration_unlisted,15-12G,2021-04-23,edgar
EXE,895126.0,EXPAND ENERGY Corp,bankruptcy,8-K,2021-01-19,edgar
EXE,895126.0,EXPAND ENERGY Corp,exchange_delisting,25-NSE,2020-07-20,edgar
EXE,895126.0,EXPAND ENERGY Corp,bankruptcy,8-K,2020-06-29,edgar
EXE,895126.0,EXPAND ENERGY Corp,exchange_delisting,25-NSE,2019-04-16,edgar
EXE,895126.0,EXPAND ENERGY Corp,exchange_delisting,25-NSE,2019-01-28,edgar
EXE,895126.0,EXPAND ENERGY Corp,exchange_delisting,25-NSE,2018-12-17,edgar
EXE,895126.0,EXPAND ENERGY Corp,exchange_delisting,25-NSE,2017-07-24,edgar
EXE,895126.0,EXPAND ENERGY Corp,exchange_delisting,25-NSE,2017-07-24,edgar
EXE,895126.0,EXPAND ENERGY Corp,exchange_delisting,25-NSE,2017-06-06,edgar
EXE,895126.0,EXPAND ENERGY Corp,exchange_delisting,25-NSE,2017-02-13,edgar
EXE,895126.0,EXPAND ENERGY Corp,exchange_delisting,25-NSE,2016-03-17,edgar
EXE,895126.0,EXPAND ENERGY Corp,exchange_delisting,25-NSE,2014-09-26,edgar
EXE,895126.0,EXPAND ENERGY Corp,exchange_delisting,25-NSE,2013-07-22,edgar
EXE,895126.0,EXPAND ENERGY Corp,exchange_delisting,25-NSE,2013-05-13,edgar
EXE,895126.0,EXPAND ENERGY Corp,exchange_delisting,25-NSE,2010-09-16,edgar
EXE,895126.0,EXPAND ENERGY Corp,exchange_delisting,25-NSE,2010-09-16,edgar
EXE,895126.0,EXPAND ENERGY Corp,exchange_delisting,25-NSE,2010-09-16,edgar
EXE,895126.0,EXPAND ENERGY Corp,exchange_delisting,25-NSE,2010-08-27,edgar
EXE,895126.0,EXPAND ENERGY Corp,exchange_delisting,25-NSE,2010-08-27,edgar
EXE,895126.0,EXPAND ENERGY Corp,exchange_delisting,25-NSE,2010-08-27,edgar
EXE,895126.0,EXPAND ENERGY Corp,exchange_delisting,25-NSE,2010-07-23,edgar
EXE,895126.0,EXPAND ENERGY Corp,exchange_delisting,25-NSE,2009-06-15,edgar
EXE,895126.0,EXPAND ENERGY Corp,exchange_delisting,25-NSE,2008-08-11,edgar
EXE,895126.0,EXPAND ENERGY Corp,issuer_delisting,25,2005-11-03,edgar
EXE,895126.0,EXPAND ENERGY Corp,issuer_delisting,25,2005-08-17,edgar
EXE,895126.0,EXPAND ENERGY Corp,issuer_delisting,25,2004-12-10,edgar
EXE,895126.0,EXPAND ENERGY Corp,issuer_delisting,25,2004-04-07,edgar
EXE,895126.0,EXPAND ENERGY Corp,issuer_delisting,25,2004-03-26,edgar
EXE,895126.0,EXPAND ENERGY Corp,deregistration_unlisted,15-12G,1997-02-11,edgar
EXPD,746515.0,EXPEDITORS INTERNATIONAL OF WASHINGTON INC,issuer_delisting,25,2023-11-20,edgar
EXPE,1324424.0,"Expedia Group, Inc.",exchange_delisting,25-NSE,2022-03-03,edgar
EXPE,1324424.0,"Expedia Group, Inc.",exchange_delisting,25-NSE,2009-02-04,edgar
EXR,1289490.0,Extra Space Storage Inc.,still_listed_or_no_event,,,edgar
F,37996.0,FORD MOTOR CO,exchange_delisting,25-NSE,2013-02-28,edgar
F,37996.0,FORD MOTOR CO,exchange_delisting,25-NSE,2013-01-07,edgar
F,37996.0,FORD MOTOR CO,issuer_delisting,25,2006-08-22,edgar
F,37996.0,FORD MOTOR CO,deregistration_unlisted,15-12G,2002-12-18,edgar
F,37996.0,FORD MOTOR CO,issuer_delisting,25,2002-12-05,edgar
F,37996.0,FORD MOTOR CO,deregistration_unlisted,15-12G,2000-08-14,edgar
FANG,1539838.0,"Diamondback Energy, Inc.",still_listed_or_no_event,,,edgar
FAST,815556.0,FASTENAL CO,still_listed_or_no_event,,,edgar
FB,1407067.0,Franklin Financial Network Inc.,deregistration_listed,15-12B,2020-08-27,edgar
FB,1407067.0,Franklin Financial Network Inc.,exchange_delisting,25-NSE,2020-08-17,edgar
FBF,,,no_cik,,,unresolved
FBHS,,,no_cik,,,unresolved
FBO,,,no_cik,,,unresolved
FCN,887936.0,"FTI CONSULTING, INC",still_listed_or_no_event,,,edgar
FCPT,1650132.0,"Four Corners Property Trust, Inc.",still_listed_or_no_event,,,edgar
FCX,831259.0,FREEPORT-MCMORAN INC,exchange_delisting,25-NSE,2011-12-02,edgar
FCX,831259.0,FREEPORT-MCMORAN INC,exchange_delisting,25-NSE,2010-05-17,edgar
FCX,831259.0,FREEPORT-MCMORAN INC,exchange_delisting,25-NSE,2010-04-30,edgar
FCX,831259.0,FREEPORT-MCMORAN INC,exchange_delisting,25-NSE,2007-01-03,edgar
FCX,831259.0,FREEPORT-MCMORAN INC,issuer_delisting,25,2006-02-03,edgar
FCX,831259.0,FREEPORT-MCMORAN INC,issuer_delisting,25,2004-08-13,edgar
FCX,831259.0,FREEPORT-MCMORAN INC,issuer_delisting,25,2004-01-07,edgar
FCX,831259.0,FREEPORT-MCMORAN INC,issuer_delisting,25,2003-08-22,edgar
FCX,831259.0,FREEPORT-MCMORAN INC,issuer_delisting,25,2002-05-13,edgar
FDC,,,no_cik,,,unresolved
FDO,,,no_cik,,,unresolved
FDS,1013237.0,FACTSET RESEARCH SYSTEMS INC,still_listed_or_no_event,,,edgar
FDX,1048911.0,FEDEX CORP,exchange_delisting,25-NSE,2026-05-28,edgar
FDX,1048911.0,FEDEX CORP,exchange_delisting,25-NSE,2025-08-05,edgar
FDX,1048911.0,FEDEX CORP,exchange_delisting,25-NSE,2021-05-20,edgar
FDX,1048911.0,FEDEX CORP,exchange_delisting,25-NSE,2021-05-05,edgar
FDX,1048911.0,FEDEX CORP,exchange_delisting,25-NSE,2019-08-21,edgar
FDX,1048911.0,FEDEX CORP,exchange_delisting,25-NSE,2019-04-12,edgar
FE,1031296.0,FIRSTENERGY CORP,bankruptcy,8-K,2018-04-05,edgar
FFIV,1048695.0,"F5, INC.",still_listed_or_no_event,,,edgar
FG,1934850.0,"F&G Annuities & Life, Inc.",still_listed_or_no_event,,,edgar
FHN,36966.0,FIRST HORIZON CORP,exchange_delisting,25-NSE,2026-05-01,edgar
FHN,36966.0,FIRST HORIZON CORP,exchange_delisting,25-NSE,2025-08-01,edgar
FHN,36966.0,FIRST HORIZON CORP,exchange_delisting,25-NSE,2024-05-01,edgar
FHN,36966.0,FIRST HORIZON CORP,exchange_delisting,25-NSE,2021-07-12,edgar
FI,312070.0,BARCLAYS BANK PLC,exchange_delisting,25-NSE,2023-06-14,edgar
FI,312070.0,BARCLAYS BANK PLC,exchange_delisting,25-NSE,2023-06-14,edgar
FI,312070.0,BARCLAYS BANK PLC,exchange_delisting,25-NSE,2023-06-14,edgar
FI,312070.0,BARCLAYS BANK PLC,exchange_delisting,25-NSE,2023-06-14,edgar
FI,312070.0,BARCLAYS BANK PLC,exchange_delisting,25-NSE,2023-06-14,edgar
FI,312070.0,BARCLAYS BANK PLC,exchange_delisting,25-NSE,2023-06-14,edgar
FI,312070.0,BARCLAYS BANK PLC,exchange_delisting,25-NSE,2023-06-14,edgar
FI,312070.0,BARCLAYS BANK PLC,exchange_delisting,25-NSE,2023-06-14,edgar
FI,312070.0,BARCLAYS BANK PLC,exchange_delisting,25-NSE,2023-06-14,edgar
FI,312070.0,BARCLAYS BANK PLC,exchange_delisting,25-NSE,2023-06-14,edgar
FI,312070.0,BARCLAYS BANK PLC,exchange_delisting,25-NSE,2023-06-14,edgar
FI,312070.0,BARCLAYS BANK PLC,exchange_delisting,25-NSE,2023-06-14,edgar
FI,312070.0,BARCLAYS BANK PLC,exchange_delisting,25-NSE,2023-06-14,edgar
FI,312070.0,BARCLAYS BANK PLC,exchange_delisting,25-NSE,2023-06-14,edgar
FI,312070.0,BARCLAYS BANK PLC,exchange_delisting,25-NSE,2023-06-14,edgar
FI,312070.0,BARCLAYS BANK PLC,exchange_delisting,25-NSE,2023-06-14,edgar
FI,312070.0,BARCLAYS BANK PLC,exchange_delisting,25-NSE,2023-06-14,edgar
FI,312070.0,BARCLAYS BANK PLC,exchange_delisting,25-NSE,2023-06-14,edgar
FI,312070.0,BARCLAYS BANK PLC,exchange_delisting,25-NSE,2023-06-14,edgar
FI,312070.0,BARCLAYS BANK PLC,exchange_delisting,25-NSE,2023-06-14,edgar
FI,312070.0,BARCLAYS BANK PLC,exchange_delisting,25-NSE,2023-06-14,edgar
FI,312070.0,BARCLAYS BANK PLC,exchange_delisting,25-NSE,2022-12-28,edgar
FI,312070.0,BARCLAYS BANK PLC,exchange_delisting,25-NSE,2022-12-28,edgar
FI,312070.0,BARCLAYS BANK PLC,exchange_delisting,25-NSE,2022-12-28,edgar
FI,312070.0,BARCLAYS BANK PLC,exchange_delisting,25-NSE,2022-10-14,edgar
FI,312070.0,BARCLAYS BANK PLC,exchange_delisting,25-NSE,2022-05-12,edgar
FI,312070.0,BARCLAYS BANK PLC,exchange_delisting,25-NSE,2021-08-26,edgar
FI,312070.0,BARCLAYS BANK PLC,exchange_delisting,25-NSE,2021-07-19,edgar
FI,312070.0,BARCLAYS BANK PLC,exchange_delisting,25-NSE,2020-12-31,edgar
FI,312070.0,BARCLAYS BANK PLC,exchange_delisting,25-NSE,2020-12-15,edgar
FI,312070.0,BARCLAYS BANK PLC,exchange_delisting,25-NSE,2020-12-15,edgar
FI,312070.0,BARCLAYS BANK PLC,exchange_delisting,25-NSE,2020-12-15,edgar
FI,312070.0,BARCLAYS BANK PLC,exchange_delisting,25-NSE,2020-10-14,edgar
FI,312070.0,BARCLAYS BANK PLC,exchange_delisting,25-NSE,2020-09-14,edgar
FI,312070.0,BARCLAYS BANK PLC,exchange_delisting,25-NSE,2020-08-27,edgar
FI,312070.0,BARCLAYS BANK PLC,exchange_delisting,25-NSE,2020-04-30,edgar
FI,312070.0,BARCLAYS BANK PLC,exchange_delisting,25-NSE,2020-03-18,edgar
FI,312070.0,BARCLAYS BANK PLC,exchange_delisting,25-NSE,2020-03-18,edgar
FI,312070.0,BARCLAYS BANK PLC,issuer_delisting,25,2019-05-09,edgar
FI,312070.0,BARCLAYS BANK PLC,issuer_delisting,25,2019-05-09,edgar
FI,312070.0,BARCLAYS BANK PLC,exchange_delisting,25-NSE,2019-01-30,edgar
FI,312070.0,BARCLAYS BANK PLC,exchange_delisting,25-NSE,2019-01-30,edgar
FI,312070.0,BARCLAYS BANK PLC,exchange_delisting,25-NSE,2018-12-17,edgar
FI,312070.0,BARCLAYS BANK PLC,exchange_delisting,25-NSE,2018-11-15,edgar
FI,312070.0,BARCLAYS BANK PLC,exchange_delisting,25-NSE,2018-06-12,edgar
FI,312070.0,BARCLAYS BANK PLC,exchange_delisting,25-NSE,2018-06-12,edgar
FI,312070.0,BARCLAYS BANK PLC,exchange_delisting,25-NSE,2018-04-18,edgar
FI,312070.0,BARCLAYS BANK PLC,exchange_delisting,25-NSE,2018-04-18,edgar
FI,312070.0,BARCLAYS BANK PLC,exchange_delisting,25-NSE,2018-04-18,edgar
FI,312070.0,BARCLAYS BANK PLC,exchange_delisting,25-NSE,2018-04-18,edgar
FI,312070.0,BARCLAYS BANK PLC,exchange_delisting,25-NSE,2018-04-12,edgar
FI,312070.0,BARCLAYS BANK PLC,exchange_delisting,25-NSE,2018-04-12,edgar
FI,312070.0,BARCLAYS BANK PLC,exchange_delisting,25-NSE,2018-04-12,edgar
FI,312070.0,BARCLAYS BANK PLC,exchange_delisting,25-NSE,2018-04-12,edgar
FI,312070.0,BARCLAYS BANK PLC,exchange_delisting,25-NSE,2018-04-12,edgar
FI,312070.0,BARCLAYS BANK PLC,exchange_delisting,25-NSE,2018-04-12,edgar
FI,312070.0,BARCLAYS BANK PLC,exchange_delisting,25-NSE,2018-04-12,edgar
FI,312070.0,BARCLAYS BANK PLC,exchange_delisting,25-NSE,2018-04-12,edgar
FI,312070.0,BARCLAYS BANK PLC,exchange_delisting,25-NSE,2018-04-12,edgar
FI,312070.0,BARCLAYS BANK PLC,exchange_delisting,25-NSE,2018-04-12,edgar
FI,312070.0,BARCLAYS BANK PLC,exchange_delisting,25-NSE,2018-04-12,edgar
FI,312070.0,BARCLAYS BANK PLC,exchange_delisting,25-NSE,2018-04-12,edgar
FI,312070.0,BARCLAYS BANK PLC,exchange_delisting,25-NSE,2018-04-12,edgar
FI,312070.0,BARCLAYS BANK PLC,exchange_delisting,25-NSE,2018-04-12,edgar
FI,312070.0,BARCLAYS BANK PLC,issuer_delisting,25,2018-04-02,edgar
FI,312070.0,BARCLAYS BANK PLC,exchange_delisting,25-NSE,2018-01-02,edgar
FI,312070.0,BARCLAYS BANK PLC,exchange_delisting,25-NSE,2017-06-29,edgar
FI,312070.0,BARCLAYS BANK PLC,exchange_delisting,25-NSE,2017-03-15,edgar
FI,312070.0,BARCLAYS BANK PLC,exchange_delisting,25-NSE,2016-12-09,edgar
FI,312070.0,BARCLAYS BANK PLC,exchange_delisting,25-NSE,2016-09-15,edgar
FI,312070.0,BARCLAYS BANK PLC,exchange_delisting,25-NSE,2016-06-22,edgar
FI,312070.0,BARCLAYS BANK PLC,exchange_delisting,25-NSE,2016-06-16,edgar
FI,312070.0,BARCLAYS BANK PLC,issuer_delisting,25,2014-12-26,edgar
FI,312070.0,BARCLAYS BANK PLC,issuer_delisting,25,2014-12-26,edgar
FI,312070.0,BARCLAYS BANK PLC,issuer_delisting,25,2014-12-26,edgar
FI,312070.0,BARCLAYS BANK PLC,issuer_delisting,25,2014-12-26,edgar
FI,312070.0,BARCLAYS BANK PLC,issuer_delisting,25,2014-12-26,edgar
FI,312070.0,BARCLAYS BANK PLC,issuer_delisting,25,2014-12-26,edgar
FI,312070.0,BARCLAYS BANK PLC,issuer_delisting,25,2014-12-26,edgar
FI,312070.0,BARCLAYS BANK PLC,issuer_delisting,25,2014-12-26,edgar
FI,312070.0,BARCLAYS BANK PLC,issuer_delisting,25,2014-12-26,edgar
FI,312070.0,BARCLAYS BANK PLC,issuer_delisting,25,2014-12-26,edgar
FI,312070.0,BARCLAYS BANK PLC,exchange_delisting,25-NSE,2014-11-26,edgar
FI,312070.0,BARCLAYS BANK PLC,exchange_delisting,25-NSE,2014-11-26,edgar
FI,312070.0,BARCLAYS BANK PLC,exchange_delisting,25-NSE,2014-07-15,edgar
FI,312070.0,BARCLAYS BANK PLC,exchange_delisting,25-NSE,2014-05-20,edgar
FI,312070.0,BARCLAYS BANK PLC,exchange_delisting,25-NSE,2012-12-03,edgar
FI,312070.0,BARCLAYS BANK PLC,exchange_delisting,25-NSE,2009-12-16,edgar
FI,312070.0,BARCLAYS BANK PLC,issuer_delisting,25,2008-10-21,edgar
FI,312070.0,BARCLAYS BANK PLC,issuer_delisting,25,2008-10-21,edgar
FI,312070.0,BARCLAYS BANK PLC,issuer_delisting,25,2007-12-27,edgar
FI,312070.0,BARCLAYS BANK PLC,issuer_delisting,25,2007-12-27,edgar
FI,312070.0,BARCLAYS BANK PLC,issuer_delisting,25,2007-12-27,edgar
FI,312070.0,BARCLAYS BANK PLC,issuer_delisting,25,2007-12-27,edgar
FI,312070.0,BARCLAYS BANK PLC,issuer_delisting,25,2007-12-27,edgar
FI,312070.0,BARCLAYS BANK PLC,issuer_delisting,25,2007-12-27,edgar
FI,312070.0,BARCLAYS BANK PLC,issuer_delisting,25,2007-12-27,edgar
FI,312070.0,BARCLAYS BANK PLC,issuer_delisting,25,2003-06-13,edgar
FICO,814547.0,FAIR ISAAC CORP,still_listed_or_no_event,,,edgar
FII,,,no_cik,,,unresolved
FIS,1136893.0,"Fidelity National Information Services, Inc.",exchange_delisting,25-NSE,2025-12-03,edgar
FIS,1136893.0,"Fidelity National Information Services, Inc.",exchange_delisting,25-NSE,2024-07-15,edgar
FIS,1136893.0,"Fidelity National Information Services, Inc.",exchange_delisting,25-NSE,2023-05-22,edgar
FIS,1136893.0,"Fidelity National Information Services, Inc.",exchange_delisting,25-NSE,2022-12-05,edgar
FIS,1136893.0,"Fidelity National Information Services, Inc.",exchange_delisting,25-NSE,2022-06-30,edgar
FIS,1136893.0,"Fidelity National Information Services, Inc.",exchange_delisting,25-NSE,2021-05-21,edgar
FIS,1136893.0,"Fidelity National Information Services, Inc.",exchange_delisting,25-NSE,2021-03-17,edgar
FIS,1136893.0,"Fidelity National Information Services, Inc.",exchange_delisting,25-NSE,2021-03-17,edgar
FIS,1136893.0,"Fidelity National Information Services, Inc.",exchange_delisting,25-NSE,2021-01-15,edgar
FISV,798354.0,FISERV INC,issuer_delisting,25,2025-11-10,edgar
FISV,798354.0,FISERV INC,exchange_delisting,25-NSE,2025-07-01,edgar
FISV,798354.0,FISERV INC,issuer_delisting,25,2023-07-17,edgar
FISV,798354.0,FISERV INC,exchange_delisting,25-NSE,2023-06-30,edgar
FISV,798354.0,FISERV INC,issuer_delisting,25,2023-06-06,edgar
FISV,798354.0,FISERV INC,deregistration_unlisted,15-12G,2008-02-28,edgar
FITB,35527.0,FIFTH THIRD BANCORP,issuer_delisting,25,2026-06-11,edgar
FITB,35527.0,FIFTH THIRD BANCORP,deregistration_listed,15-12B,2013-07-02,edgar
FITB,35527.0,FIFTH THIRD BANCORP,exchange_delisting,25-NSE,2013-07-01,edgar
FITB,35527.0,FIFTH THIRD BANCORP,exchange_delisting,25-NSE,2012-08-15,edgar
FITB,35527.0,FIFTH THIRD BANCORP,exchange_delisting,25-NSE,2012-08-09,edgar
FITB,35527.0,FIFTH THIRD BANCORP,deregistration_unlisted,15-12G,2008-11-12,edgar
FITB,35527.0,FIFTH THIRD BANCORP,deregistration_unlisted,15-12G,2007-06-29,edgar
FITB,35527.0,FIFTH THIRD BANCORP,deregistration_unlisted,15-12G,2007-06-29,edgar
FITB,35527.0,FIFTH THIRD BANCORP,deregistration_unlisted,15-12G,1998-06-29,edgar
FJ,,,no_cik,,,unresolved
FL,,,no_cik,,,unresolved
FLIR,,,no_cik,,,unresolved
FLMIQ,,,no_cik,,,unresolved
FLR,1124198.0,FLUOR CORP,exchange_delisting,25-NSE,2023-01-31,edgar
FLS,30625.0,FLOWSERVE CORP,exchange_delisting,25-NSE,2021-03-19,edgar
FLS,30625.0,FLOWSERVE CORP,deregistration_unlisted,15-12G,2007-01-18,edgar
FLS,30625.0,FLOWSERVE CORP,exchange_delisting,25-NSE,2006-08-22,edgar
FLT,1204932.0,LEHMAN ABS CORP REPAC GE GLOB INS FLT RT TR CERT SER 2002-1,exchange_delisting,25-NSE,2008-04-16,edgar
FLTWQ,,,no_cik,,,unresolved
FMC,37785.0,FMC CORP,issuer_delisting,25,2015-08-24,edgar
FMC,37785.0,FMC CORP,issuer_delisting,25,2006-12-15,edgar
FMCC,1026214.0,FEDERAL HOME LOAN MORTGAGE CORP,issuer_delisting,25,2024-06-21,edgar
FMCC,1026214.0,FEDERAL HOME LOAN MORTGAGE CORP,exchange_delisting,25-NSE,2019-11-29,edgar
FMCC,1026214.0,FEDERAL HOME LOAN MORTGAGE CORP,issuer_delisting,25,2010-06-28,edgar
FMCC,1026214.0,FEDERAL HOME LOAN MORTGAGE CORP,bankruptcy,8-K,2008-09-11,edgar
FMY,1319183.0,FIRST TRUST MORTGAGE INCOME FUND,still_listed_or_no_event,,,edgar
FNMA,310522.0,FEDERAL NATIONAL MORTGAGE ASSOCIATION FANNIE MAE,deregistration_unlisted,15-12G,2020-06-05,edgar
FNMA,310522.0,FEDERAL NATIONAL MORTGAGE ASSOCIATION FANNIE MAE,issuer_delisting,25,2010-06-28,edgar
FNMA,310522.0,FEDERAL NATIONAL MORTGAGE ASSOCIATION FANNIE MAE,issuer_delisting,25,2010-06-28,edgar
FNMA,310522.0,FEDERAL NATIONAL MORTGAGE ASSOCIATION FANNIE MAE,bankruptcy,8-K,2008-09-11,edgar
FNMA,310522.0,FEDERAL NATIONAL MORTGAGE ASSOCIATION FANNIE MAE,issuer_delisting,25,2007-01-18,edgar
FOX,1754301.0,Fox Corp,still_listed_or_no_event,,,edgar
FOXA,1754301.0,Fox Corp,still_listed_or_no_event,,,edgar
FPC,1082375.0,FPC CAPITAL I,exchange_delisting,25-NSE,2013-02-12,edgar
FRC,,,no_cik,,,unresolved
FRO,913290.0,Frontline plc,still_listed_or_no_event,,,edgar
FRT,34903.0,FEDERAL REALTY INVESTMENT TRUST,exchange_delisting,25-NSE,2022-01-03,edgar
FRT,34903.0,FEDERAL REALTY INVESTMENT TRUST,exchange_delisting,25-NSE,2022-01-03,edgar
FRT,34903.0,FEDERAL REALTY INVESTMENT TRUST,exchange_delisting,25-NSE,2006-11-27,edgar
FRT,34903.0,FEDERAL REALTY INVESTMENT TRUST,issuer_delisting,25,2003-06-18,edgar
FRX,,,no_cik,,,unresolved
FSH,,,no_cik,,,unresolved
FSL,,,no_cik,,,unresolved
FSLR,1274494.0,"FIRST SOLAR, INC.",still_listed_or_no_event,,,edgar
FTI,1681459.0,TechnipFMC plc,still_listed_or_no_event,,,edgar
FTL.A,,,no_cik,,,unresolved
FTNT,1262039.0,"Fortinet, Inc.",still_listed_or_no_event,,,edgar
FTR,,,no_cik,,,unresolved
FTV,1659166.0,Fortive Corp,exchange_delisting,25-NSE,2026-02-13,edgar
FTV,1659166.0,Fortive Corp,exchange_delisting,25-NSE,2021-07-02,edgar
FWLT,,,no_cik,,,unresolved
G,1398659.0,Genpact LTD,still_listed_or_no_event,,,edgar
GAPTQ,,,no_cik,,,unresolved
GD,40533.0,GENERAL DYNAMICS CORP,still_listed_or_no_event,,,edgar
GDDY,1609711.0,GoDaddy Inc.,still_listed_or_no_event,,,edgar
GDT,,,no_cik,,,unresolved
GDW,,,no_cik,,,unresolved
GE,40545.0,GENERAL ELECTRIC CO,exchange_delisting,25-NSE,2025-05-19,edgar
GE,40545.0,GENERAL ELECTRIC CO,exchange_delisting,25-NSE,2023-05-26,edgar
GE,40545.0,GENERAL ELECTRIC CO,exchange_delisting,25-NSE,2022-05-17,edgar
GE,40545.0,GENERAL ELECTRIC CO,exchange_delisting,25-NSE,2020-05-28,edgar
GE,40545.0,GENERAL ELECTRIC CO,exchange_delisting,25-NSE,2018-05-31,edgar
GE,40545.0,GENERAL ELECTRIC CO,issuer_delisting,25,2008-08-11,edgar
GEHC,1932393.0,GE HealthCare Technologies Inc.,still_listed_or_no_event,,,edgar
GEN,849399.0,Gen Digital Inc.,still_listed_or_no_event,,,edgar
GENZ,732485.0,GENZYME CORP,deregistration_unlisted,15-12G,2011-04-18,edgar
GENZ,732485.0,GENZYME CORP,exchange_delisting,25-NSE,2011-04-08,edgar
GENZ,732485.0,GENZYME CORP,deregistration_unlisted,15-12G,2003-07-01,edgar
GENZ,732485.0,GENZYME CORP,deregistration_unlisted,15-12G,2000-12-19,edgar
GENZ,732485.0,GENZYME CORP,deregistration_unlisted,15-12G,1997-01-17,edgar
GEV,1996810.0,GE Vernova Inc.,still_listed_or_no_event,,,edgar
GFS.A,,,no_cik,,,unresolved
GGP,1496048.0,Brookfield Property REIT Inc.,deregistration_listed,15-12B,2021-08-30,edgar
GGP,1496048.0,Brookfield Property REIT Inc.,exchange_delisting,25-NSE,2021-08-18,edgar
GGP,1496048.0,Brookfield Property REIT Inc.,exchange_delisting,25-NSE,2021-07-26,edgar
GGP,1496048.0,Brookfield Property REIT Inc.,deregistration_listed,15-12B,2018-09-07,edgar
GGP,1496048.0,Brookfield Property REIT Inc.,exchange_delisting,25-NSE,2018-08-28,edgar
GGP,1496048.0,Brookfield Property REIT Inc.,exchange_delisting,25-NSE,2018-08-28,edgar
GHC,104889.0,Graham Holdings Co,still_listed_or_no_event,,,edgar
GIDL,,,no_cik,,,unresolved
GILD,882095.0,"GILEAD SCIENCES, INC.",still_listed_or_no_event,,,edgar
GIS,40704.0,GENERAL MILLS INC,exchange_delisting,25-NSE,2026-01-15,edgar
GIS,40704.0,GENERAL MILLS INC,exchange_delisting,25-NSE,2025-11-18,edgar
GIS,40704.0,GENERAL MILLS INC,exchange_delisting,25-NSE,2023-04-28,edgar
GIS,40704.0,GENERAL MILLS INC,exchange_delisting,25-NSE,2020-09-15,edgar
GIS,40704.0,GENERAL MILLS INC,exchange_delisting,25-NSE,2020-01-15,edgar
GIS,40704.0,GENERAL MILLS INC,issuer_delisting,25,2006-02-14,edgar
GL,320335.0,GLOBE LIFE INC.,exchange_delisting,25-NSE,2021-07-15,edgar
GL,320335.0,GLOBE LIFE INC.,exchange_delisting,25-NSE,2017-12-22,edgar
GL,320335.0,GLOBE LIFE INC.,exchange_delisting,25-NSE,2012-11-19,edgar
GLD,1222333.0,SPDR GOLD TRUST,issuer_delisting,25,2007-12-06,edgar
GLK,,,no_cik,,,unresolved
GLW,24741.0,CORNING INC /NY,exchange_delisting,25-NSE,2026-05-15,edgar
GM,1467858.0,General Motors Co,exchange_delisting,25-NSE,2019-07-10,edgar
GM,1467858.0,General Motors Co,exchange_delisting,25-NSE,2016-07-05,edgar
GM,1467858.0,General Motors Co,exchange_delisting,25-NSE,2015-12-31,edgar
GM,1467858.0,General Motors Co,exchange_delisting,25-NSE,2013-11-25,edgar
GMCR,909954.0,"KEURIG GREEN MOUNTAIN, INC.",deregistration_listed,15-12B,2016-03-14,edgar
GMCR,909954.0,"KEURIG GREEN MOUNTAIN, INC.",exchange_delisting,25-NSE,2016-03-03,edgar
GME,1326380.0,GameStop Corp.,deregistration_listed,15-12B,2014-10-29,edgar
GME,1326380.0,GameStop Corp.,issuer_delisting,25,2014-10-29,edgar
GME,1326380.0,GameStop Corp.,issuer_delisting,25,2005-11-03,edgar
GNRC,1474735.0,GENERAC HOLDINGS INC.,still_listed_or_no_event,,,edgar
GNT,1438893.0,"GAMCO Natural Resources, Gold & Income Trust",still_listed_or_no_event,,,edgar
GNW,1276520.0,GENWORTH FINANCIAL INC,deregistration_unlisted,15-12G,2013-03-21,edgar
GNW,1276520.0,GENWORTH FINANCIAL INC,exchange_delisting,25-NSE,2007-05-16,edgar
GOOG,1652044.0,Alphabet Inc.,still_listed_or_no_event,,,edgar
GOOGL,1652044.0,Alphabet Inc.,still_listed_or_no_event,,,edgar
GP,1584547.0,GREENPOWER MOTOR Co INC.,still_listed_or_no_event,,,edgar
GPC,40987.0,GENUINE PARTS CO,still_listed_or_no_event,,,edgar
GPN,1123360.0,GLOBAL PAYMENTS INC,still_listed_or_no_event,,,edgar
GPS,,,no_cik,,,unresolved
GPU,,,no_cik,,,unresolved
GR,1386716.0,Star Bulk Carriers Corp.,exchange_delisting,25-NSE,2021-07-27,edgar
GR,1386716.0,Star Bulk Carriers Corp.,exchange_delisting,25-NSE,2018-01-25,edgar
GR,1386716.0,Star Bulk Carriers Corp.,exchange_delisting,25-NSE,2010-03-15,edgar
GRA,1439124.0,AXIA Energia S.A.,issuer_delisting,25,2026-07-27,edgar
GRA,1439124.0,AXIA Energia S.A.,issuer_delisting,25,2026-06-11,edgar
GRA,1439124.0,AXIA Energia S.A.,exchange_delisting,25-NSE,2026-06-10,edgar
GRA,1439124.0,AXIA Energia S.A.,exchange_delisting,25-NSE,2025-12-29,edgar
GRMN,1121788.0,GARMIN LTD,issuer_delisting,25,2021-12-06,edgar
GRMN,1121788.0,GARMIN LTD,deregistration_unlisted,15-12G,2010-06-28,edgar
GRMN,1121788.0,GARMIN LTD,exchange_delisting,25-NSE,2010-06-25,edgar
GRMN,1121788.0,GARMIN LTD,deregistration_unlisted,15-12G,2010-05-04,edgar
GRN,312070.0,BARCLAYS BANK PLC,exchange_delisting,25-NSE,2023-06-14,edgar
GRN,312070.0,BARCLAYS BANK PLC,exchange_delisting,25-NSE,2023-06-14,edgar
GRN,312070.0,BARCLAYS BANK PLC,exchange_delisting,25-NSE,2023-06-14,edgar
GRN,312070.0,BARCLAYS BANK PLC,exchange_delisting,25-NSE,2023-06-14,edgar
GRN,312070.0,BARCLAYS BANK PLC,exchange_delisting,25-NSE,2023-06-14,edgar
GRN,312070.0,BARCLAYS BANK PLC,exchange_delisting,25-NSE,2023-06-14,edgar
GRN,312070.0,BARCLAYS BANK PLC,exchange_delisting,25-NSE,2023-06-14,edgar
GRN,312070.0,BARCLAYS BANK PLC,exchange_delisting,25-NSE,2023-06-14,edgar
GRN,312070.0,BARCLAYS BANK PLC,exchange_delisting,25-NSE,2023-06-14,edgar
GRN,312070.0,BARCLAYS BANK PLC,exchange_delisting,25-NSE,2023-06-14,edgar
GRN,312070.0,BARCLAYS BANK PLC,exchange_delisting,25-NSE,2023-06-14,edgar
GRN,312070.0,BARCLAYS BANK PLC,exchange_delisting,25-NSE,2023-06-14,edgar
GRN,312070.0,BARCLAYS BANK PLC,exchange_delisting,25-NSE,2023-06-14,edgar
GRN,312070.0,BARCLAYS BANK PLC,exchange_delisting,25-NSE,2023-06-14,edgar
GRN,312070.0,BARCLAYS BANK PLC,exchange_delisting,25-NSE,2023-06-14,edgar
GRN,312070.0,BARCLAYS BANK PLC,exchange_delisting,25-NSE,2023-06-14,edgar
GRN,312070.0,BARCLAYS BANK PLC,exchange_delisting,25-NSE,2023-06-14,edgar
GRN,312070.0,BARCLAYS BANK PLC,exchange_delisting,25-NSE,2023-06-14,edgar
GRN,312070.0,BARCLAYS BANK PLC,exchange_delisting,25-NSE,2023-06-14,edgar
GRN,312070.0,BARCLAYS BANK PLC,exchange_delisting,25-NSE,2023-06-14,edgar
GRN,312070.0,BARCLAYS BANK PLC,exchange_delisting,25-NSE,2023-06-14,edgar
GRN,312070.0,BARCLAYS BANK PLC,exchange_delisting,25-NSE,2022-12-28,edgar
GRN,312070.0,BARCLAYS BANK PLC,exchange_delisting,25-NSE,2022-12-28,edgar
GRN,312070.0,BARCLAYS BANK PLC,exchange_delisting,25-NSE,2022-12-28,edgar
GRN,312070.0,BARCLAYS BANK PLC,exchange_delisting,25-NSE,2022-10-14,edgar
GRN,312070.0,BARCLAYS BANK PLC,exchange_delisting,25-NSE,2022-05-12,edgar
GRN,312070.0,BARCLAYS BANK PLC,exchange_delisting,25-NSE,2021-08-26,edgar
GRN,312070.0,BARCLAYS BANK PLC,exchange_delisting,25-NSE,2021-07-19,edgar
GRN,312070.0,BARCLAYS BANK PLC,exchange_delisting,25-NSE,2020-12-31,edgar
GRN,312070.0,BARCLAYS BANK PLC,exchange_delisting,25-NSE,2020-12-15,edgar
GRN,312070.0,BARCLAYS BANK PLC,exchange_delisting,25-NSE,2020-12-15,edgar
GRN,312070.0,BARCLAYS BANK PLC,exchange_delisting,25-NSE,2020-12-15,edgar
GRN,312070.0,BARCLAYS BANK PLC,exchange_delisting,25-NSE,2020-10-14,edgar
GRN,312070.0,BARCLAYS BANK PLC,exchange_delisting,25-NSE,2020-09-14,edgar
GRN,312070.0,BARCLAYS BANK PLC,exchange_delisting,25-NSE,2020-08-27,edgar
GRN,312070.0,BARCLAYS BANK PLC,exchange_delisting,25-NSE,2020-04-30,edgar
GRN,312070.0,BARCLAYS BANK PLC,exchange_delisting,25-NSE,2020-03-18,edgar
GRN,312070.0,BARCLAYS BANK PLC,exchange_delisting,25-NSE,2020-03-18,edgar
GRN,312070.0,BARCLAYS BANK PLC,issuer_delisting,25,2019-05-09,edgar
GRN,312070.0,BARCLAYS BANK PLC,issuer_delisting,25,2019-05-09,edgar
GRN,312070.0,BARCLAYS BANK PLC,exchange_delisting,25-NSE,2019-01-30,edgar
GRN,312070.0,BARCLAYS BANK PLC,exchange_delisting,25-NSE,2019-01-30,edgar
GRN,312070.0,BARCLAYS BANK PLC,exchange_delisting,25-NSE,2018-12-17,edgar
GRN,312070.0,BARCLAYS BANK PLC,exchange_delisting,25-NSE,2018-11-15,edgar
GRN,312070.0,BARCLAYS BANK PLC,exchange_delisting,25-NSE,2018-06-12,edgar
GRN,312070.0,BARCLAYS BANK PLC,exchange_delisting,25-NSE,2018-06-12,edgar
GRN,312070.0,BARCLAYS BANK PLC,exchange_delisting,25-NSE,2018-04-18,edgar
GRN,312070.0,BARCLAYS BANK PLC,exchange_delisting,25-NSE,2018-04-18,edgar
GRN,312070.0,BARCLAYS BANK PLC,exchange_delisting,25-NSE,2018-04-18,edgar
GRN,312070.0,BARCLAYS BANK PLC,exchange_delisting,25-NSE,2018-04-18,edgar
GRN,312070.0,BARCLAYS BANK PLC,exchange_delisting,25-NSE,2018-04-12,edgar
GRN,312070.0,BARCLAYS BANK PLC,exchange_delisting,25-NSE,2018-04-12,edgar
GRN,312070.0,BARCLAYS BANK PLC,exchange_delisting,25-NSE,2018-04-12,edgar
GRN,312070.0,BARCLAYS BANK PLC,exchange_delisting,25-NSE,2018-04-12,edgar
GRN,312070.0,BARCLAYS BANK PLC,exchange_delisting,25-NSE,2018-04-12,edgar
GRN,312070.0,BARCLAYS BANK PLC,exchange_delisting,25-NSE,2018-04-12,edgar
GRN,312070.0,BARCLAYS BANK PLC,exchange_delisting,25-NSE,2018-04-12,edgar
GRN,312070.0,BARCLAYS BANK PLC,exchange_delisting,25-NSE,2018-04-12,edgar
GRN,312070.0,BARCLAYS BANK PLC,exchange_delisting,25-NSE,2018-04-12,edgar
GRN,312070.0,BARCLAYS BANK PLC,exchange_delisting,25-NSE,2018-04-12,edgar
GRN,312070.0,BARCLAYS BANK PLC,exchange_delisting,25-NSE,2018-04-12,edgar
GRN,312070.0,BARCLAYS BANK PLC,exchange_delisting,25-NSE,2018-04-12,edgar
GRN,312070.0,BARCLAYS BANK PLC,exchange_delisting,25-NSE,2018-04-12,edgar
GRN,312070.0,BARCLAYS BANK PLC,exchange_delisting,25-NSE,2018-04-12,edgar
GRN,312070.0,BARCLAYS BANK PLC,issuer_delisting,25,2018-04-02,edgar
GRN,312070.0,BARCLAYS BANK PLC,exchange_delisting,25-NSE,2018-01-02,edgar
GRN,312070.0,BARCLAYS BANK PLC,exchange_delisting,25-NSE,2017-06-29,edgar
GRN,312070.0,BARCLAYS BANK PLC,exchange_delisting,25-NSE,2017-03-15,edgar
GRN,312070.0,BARCLAYS BANK PLC,exchange_delisting,25-NSE,2016-12-09,edgar
GRN,312070.0,BARCLAYS BANK PLC,exchange_delisting,25-NSE,2016-09-15,edgar
GRN,312070.0,BARCLAYS BANK PLC,exchange_delisting,25-NSE,2016-06-22,edgar
GRN,312070.0,BARCLAYS BANK PLC,exchange_delisting,25-NSE,2016-06-16,edgar
GRN,312070.0,BARCLAYS BANK PLC,issuer_delisting,25,2014-12-26,edgar
GRN,312070.0,BARCLAYS BANK PLC,issuer_delisting,25,2014-12-26,edgar
GRN,312070.0,BARCLAYS BANK PLC,issuer_delisting,25,2014-12-26,edgar
GRN,312070.0,BARCLAYS BANK PLC,issuer_delisting,25,2014-12-26,edgar
GRN,312070.0,BARCLAYS BANK PLC,issuer_delisting,25,2014-12-26,edgar
GRN,312070.0,BARCLAYS BANK PLC,issuer_delisting,25,2014-12-26,edgar
GRN,312070.0,BARCLAYS BANK PLC,issuer_delisting,25,2014-12-26,edgar
GRN,312070.0,BARCLAYS BANK PLC,issuer_delisting,25,2014-12-26,edgar
GRN,312070.0,BARCLAYS BANK PLC,issuer_delisting,25,2014-12-26,edgar
GRN,312070.0,BARCLAYS BANK PLC,issuer_delisting,25,2014-12-26,edgar
GRN,312070.0,BARCLAYS BANK PLC,exchange_delisting,25-NSE,2014-11-26,edgar
GRN,312070.0,BARCLAYS BANK PLC,exchange_delisting,25-NSE,2014-11-26,edgar
GRN,312070.0,BARCLAYS BANK PLC,exchange_delisting,25-NSE,2014-07-15,edgar
GRN,312070.0,BARCLAYS BANK PLC,exchange_delisting,25-NSE,2014-05-20,edgar
GRN,312070.0,BARCLAYS BANK PLC,exchange_delisting,25-NSE,2012-12-03,edgar
GRN,312070.0,BARCLAYS BANK PLC,exchange_delisting,25-NSE,2009-12-16,edgar
GRN,312070.0,BARCLAYS BANK PLC,issuer_delisting,25,2008-10-21,edgar
GRN,312070.0,BARCLAYS BANK PLC,issuer_delisting,25,2008-10-21,edgar
GRN,312070.0,BARCLAYS BANK PLC,issuer_delisting,25,2007-12-27,edgar
GRN,312070.0,BARCLAYS BANK PLC,issuer_delisting,25,2007-12-27,edgar
GRN,312070.0,BARCLAYS BANK PLC,issuer_delisting,25,2007-12-27,edgar
GRN,312070.0,BARCLAYS BANK PLC,issuer_delisting,25,2007-12-27,edgar
GRN,312070.0,BARCLAYS BANK PLC,issuer_delisting,25,2007-12-27,edgar
GRN,312070.0,BARCLAYS BANK PLC,issuer_delisting,25,2007-12-27,edgar
GRN,312070.0,BARCLAYS BANK PLC,issuer_delisting,25,2007-12-27,edgar
GRN,312070.0,BARCLAYS BANK PLC,issuer_delisting,25,2003-06-13,edgar
GS,886982.0,GOLDMAN SACHS GROUP INC,exchange_delisting,25-NSE,2024-05-17,edgar
GS,886982.0,GOLDMAN SACHS GROUP INC,exchange_delisting,25-NSE,2023-09-14,edgar
GS,886982.0,GOLDMAN SACHS GROUP INC,exchange_delisting,25-NSE,2022-02-15,edgar
GS,886982.0,GOLDMAN SACHS GROUP INC,exchange_delisting,25-NSE,2021-05-20,edgar
GS,886982.0,GOLDMAN SACHS GROUP INC,exchange_delisting,25-NSE,2021-04-29,edgar
GS,886982.0,GOLDMAN SACHS GROUP INC,issuer_delisting,25,2020-08-21,edgar
GS,886982.0,GOLDMAN SACHS GROUP INC,issuer_delisting,25,2020-08-21,edgar
GS,886982.0,GOLDMAN SACHS GROUP INC,exchange_delisting,25-NSE,2019-08-12,edgar
GS,886982.0,GOLDMAN SACHS GROUP INC,exchange_delisting,25-NSE,2019-02-15,edgar
GS,886982.0,GOLDMAN SACHS GROUP INC,exchange_delisting,25-NSE,2017-11-17,edgar
GS,886982.0,GOLDMAN SACHS GROUP INC,exchange_delisting,25-NSE,2017-03-14,edgar
GS,886982.0,GOLDMAN SACHS GROUP INC,exchange_delisting,25-NSE,2017-02-10,edgar
GS,886982.0,GOLDMAN SACHS GROUP INC,exchange_delisting,25-NSE,2016-11-01,edgar
GS,886982.0,GOLDMAN SACHS GROUP INC,exchange_delisting,25-NSE,2015-11-03,edgar
GS,886982.0,GOLDMAN SACHS GROUP INC,exchange_delisting,25-NSE,2013-12-20,edgar
GS,886982.0,GOLDMAN SACHS GROUP INC,exchange_delisting,25-NSE,2013-07-12,edgar
GS,886982.0,GOLDMAN SACHS GROUP INC,exchange_delisting,25-NSE/A,2013-04-18,edgar
GS,886982.0,GOLDMAN SACHS GROUP INC,exchange_delisting,25-NSE,2013-04-18,edgar
GS,886982.0,GOLDMAN SACHS GROUP INC,exchange_delisting,25-NSE,2011-09-19,edgar
GS,886982.0,GOLDMAN SACHS GROUP INC,exchange_delisting,25-NSE,2011-08-17,edgar
GS,886982.0,GOLDMAN SACHS GROUP INC,exchange_delisting,25-NSE,2010-07-09,edgar
GS,886982.0,GOLDMAN SACHS GROUP INC,exchange_delisting,25-NSE,2010-02-02,edgar
GS,886982.0,GOLDMAN SACHS GROUP INC,exchange_delisting,25-NSE,2009-10-06,edgar
GS,886982.0,GOLDMAN SACHS GROUP INC,exchange_delisting,25-NSE,2008-12-02,edgar
GS,886982.0,GOLDMAN SACHS GROUP INC,issuer_delisting,25,2007-12-17,edgar
GS,886982.0,GOLDMAN SACHS GROUP INC,exchange_delisting,25-NSE,2007-03-23,edgar
GS,886982.0,GOLDMAN SACHS GROUP INC,exchange_delisting,25-NSE,2006-08-24,edgar
GS,886982.0,GOLDMAN SACHS GROUP INC,issuer_delisting,25,2005-11-08,edgar
GS,886982.0,GOLDMAN SACHS GROUP INC,issuer_delisting,25,2005-03-01,edgar
GS,886982.0,GOLDMAN SACHS GROUP INC,issuer_delisting,25,2005-02-04,edgar
GS,886982.0,GOLDMAN SACHS GROUP INC,issuer_delisting,25,2004-08-06,edgar
GS,886982.0,GOLDMAN SACHS GROUP INC,issuer_delisting,25,2004-05-11,edgar
GS,886982.0,GOLDMAN SACHS GROUP INC,issuer_delisting,25,2004-02-09,edgar
GS,886982.0,GOLDMAN SACHS GROUP INC,issuer_delisting,25,2003-11-10,edgar
GS,886982.0,GOLDMAN SACHS GROUP INC,issuer_delisting,25,2003-10-23,edgar
GS,886982.0,GOLDMAN SACHS GROUP INC,issuer_delisting,25,2003-05-13,edgar
GS,886982.0,GOLDMAN SACHS GROUP INC,issuer_delisting,25,2003-05-13,edgar
GS,886982.0,GOLDMAN SACHS GROUP INC,issuer_delisting,25,2003-05-13,edgar
GS,886982.0,GOLDMAN SACHS GROUP INC,issuer_delisting,25,2003-02-14,edgar
GS,886982.0,GOLDMAN SACHS GROUP INC,issuer_delisting,25,2002-10-21,edgar
GS,886982.0,GOLDMAN SACHS GROUP INC,issuer_delisting,25,2002-10-09,edgar
GSX,,,no_cik,,,unresolved
GT,42582.0,GOODYEAR TIRE & RUBBER CO /OH/,exchange_delisting,25-NSE,2014-04-01,edgar
GT,42582.0,GOODYEAR TIRE & RUBBER CO /OH/,issuer_delisting,25,2012-12-17,edgar
GTE,1273441.0,GRAN TIERRA ENERGY INC.,still_listed_or_no_event,,,edgar
GTW,,,no_cik,,,unresolved
GWF,,,no_cik,,,unresolved
GWW,277135.0,"W.W. GRAINGER, INC.",issuer_delisting,25,2014-12-22,edgar
GWW,277135.0,"W.W. GRAINGER, INC.",deregistration_listed,15-12B,2009-06-09,edgar
GWW,277135.0,"W.W. GRAINGER, INC.",exchange_delisting,25-NSE,2009-06-09,edgar
GX,1752828.0,Celularity Inc,exchange_delisting,25-NSE,2026-07-22,edgar
GX,1752828.0,Celularity Inc,exchange_delisting,25-NSE,2021-07-19,edgar
H,1468174.0,Hyatt Hotels Corp,still_listed_or_no_event,,,edgar
HAL,45012.0,HALLIBURTON CO,deregistration_listed,15-12B,2009-07-29,edgar
HAS,46080.0,"HASBRO, INC.",issuer_delisting,25,2010-12-20,edgar
HBAN,49196.0,HUNTINGTON BANCSHARES INC /MD/,deregistration_listed,15-12B,2021-10-25,edgar
HBAN,49196.0,HUNTINGTON BANCSHARES INC /MD/,exchange_delisting,25-NSE,2021-10-15,edgar
HBAN,49196.0,HUNTINGTON BANCSHARES INC /MD/,deregistration_listed,15-12B,2021-07-26,edgar
HBAN,49196.0,HUNTINGTON BANCSHARES INC /MD/,exchange_delisting,25-NSE/A,2021-07-16,edgar
HBAN,49196.0,HUNTINGTON BANCSHARES INC /MD/,exchange_delisting,25-NSE,2021-07-15,edgar
HBAN,49196.0,HUNTINGTON BANCSHARES INC /MD/,deregistration_unlisted,15-12G,2019-12-09,edgar
HBAN,49196.0,HUNTINGTON BANCSHARES INC /MD/,exchange_delisting,25-NSE,2018-02-22,edgar
HBAN,49196.0,HUNTINGTON BANCSHARES INC /MD/,deregistration_unlisted,15-12G,2007-11-08,edgar
HBAN,49196.0,HUNTINGTON BANCSHARES INC /MD/,deregistration_unlisted,15-12G,2007-11-08,edgar
HBAN,49196.0,HUNTINGTON BANCSHARES INC /MD/,deregistration_unlisted,15-12G,2007-11-08,edgar
HBAN,49196.0,HUNTINGTON BANCSHARES INC /MD/,deregistration_unlisted,15-12G,1997-10-14,edgar
HBI,,,no_cik,,,unresolved
HBOC,,,no_cik,,,unresolved
HCA,860730.0,"HCA Healthcare, Inc.",exchange_delisting,25-NSE,2006-11-20,edgar
HCA,860730.0,"HCA Healthcare, Inc.",deregistration_unlisted,15-12G,2006-11-17,edgar
HCBK,921847.0,HUDSON CITY BANCORP INC,deregistration_unlisted,15-12G,2015-11-09,edgar
HCBK,921847.0,HUDSON CITY BANCORP INC,exchange_delisting,25-NSE,2015-10-30,edgar
HCR,,,no_cik,,,unresolved
HD,354950.0,"HOME DEPOT, INC.",deregistration_unlisted,15-12G,1999-11-04,edgar
HDLM,,,no_cik,,,unresolved
HES,,,no_cik,,,unresolved
HET,858339.0,"CAESARS HOLDINGS, INC.",deregistration_listed,15-12B,2020-07-30,edgar
HET,858339.0,"CAESARS HOLDINGS, INC.",exchange_delisting,25-NSE,2020-07-20,edgar
HET,858339.0,"CAESARS HOLDINGS, INC.",deregistration_listed,15-12B,2010-11-26,edgar
HET,858339.0,"CAESARS HOLDINGS, INC.",exchange_delisting,25-NSE,2008-02-20,edgar
HET,858339.0,"CAESARS HOLDINGS, INC.",exchange_delisting,25-NSE,2008-02-01,edgar
HET,858339.0,"CAESARS HOLDINGS, INC.",deregistration_listed,15-12B/A,2008-01-30,edgar
HET,858339.0,"CAESARS HOLDINGS, INC.",exchange_delisting,25-NSE,2008-01-29,edgar
HET,858339.0,"CAESARS HOLDINGS, INC.",deregistration_listed,15-12B,2008-01-28,edgar
HET,858339.0,"CAESARS HOLDINGS, INC.",issuer_delisting,25,2007-01-26,edgar
HET,858339.0,"CAESARS HOLDINGS, INC.",exchange_delisting,25-NSE,2006-11-09,edgar
HET,858339.0,"CAESARS HOLDINGS, INC.",exchange_delisting,25-NSE,2006-11-01,edgar
HFC,,,no_cik,,,unresolved
HFS,,,no_cik,,,unresolved
HI,1549848.0,Hi-Crush Inc.,deregistration_listed,15-12B,2020-11-02,edgar
HI,1549848.0,Hi-Crush Inc.,bankruptcy,8-K,2020-09-29,edgar
HI,1549848.0,Hi-Crush Inc.,exchange_delisting,25-NSE,2020-07-31,edgar
HI,1549848.0,Hi-Crush Inc.,bankruptcy,8-K,2020-07-13,edgar
HI,1549848.0,Hi-Crush Inc.,deregistration_listed,15-12B,2019-06-11,edgar
HI,1549848.0,Hi-Crush Inc.,exchange_delisting,25-NSE,2019-06-04,edgar
HIG,874766.0,"HARTFORD INSURANCE GROUP, INC.",exchange_delisting,25-NSE,2022-04-18,edgar
HIG,874766.0,"HARTFORD INSURANCE GROUP, INC.",exchange_delisting,25-NSE,2019-06-27,edgar
HIG,874766.0,"HARTFORD INSURANCE GROUP, INC.",exchange_delisting,25-NSE,2015-11-09,edgar
HIG,874766.0,"HARTFORD INSURANCE GROUP, INC.",exchange_delisting,25-NSE,2013-04-04,edgar
HIG,874766.0,"HARTFORD INSURANCE GROUP, INC.",exchange_delisting,25-NSE,2006-11-20,edgar
HIG,874766.0,"HARTFORD INSURANCE GROUP, INC.",exchange_delisting,25-NSE,2006-08-21,edgar
HIG,874766.0,"HARTFORD INSURANCE GROUP, INC.",issuer_delisting,25,2002-11-04,edgar
HII,1501585.0,"HUNTINGTON INGALLS INDUSTRIES, INC.",still_listed_or_no_event,,,edgar
HLT,1585689.0,Hilton Worldwide Holdings Inc.,still_listed_or_no_event,,,edgar
HM,1363829.0,Enstar Group LTD,deregistration_unlisted,15-12G,2025-07-24,edgar
HM,1363829.0,Enstar Group LTD,issuer_delisting,25,2025-07-14,edgar
HM,1363829.0,Enstar Group LTD,exchange_delisting,25-NSE,2025-07-02,edgar
HMA,,,no_cik,,,unresolved
HNZ,,,no_cik,,,unresolved
HOG,793952.0,"HARLEY-DAVIDSON, INC.",deregistration_listed,15-12B,2010-09-10,edgar
HOLX,859737.0,HOLOGIC INC,deregistration_unlisted,15-12G,2026-04-17,edgar
HOLX,859737.0,HOLOGIC INC,exchange_delisting,25-NSE,2026-04-07,edgar
HOLX,859737.0,HOLOGIC INC,deregistration_listed,15-12B,2014-06-25,edgar
HOLX,859737.0,HOLOGIC INC,issuer_delisting,25,2014-06-25,edgar
HOLX,859737.0,HOLOGIC INC,deregistration_unlisted,15-12G,2013-01-04,edgar
HOLX,859737.0,HOLOGIC INC,issuer_delisting,25,2013-01-04,edgar
HON,773840.0,HONEYWELL INTERNATIONAL INC,exchange_delisting,25-NSE,2026-04-10,edgar
HON,773840.0,HONEYWELL INTERNATIONAL INC,exchange_delisting,25-NSE,2024-03-08,edgar
HON,773840.0,HONEYWELL INTERNATIONAL INC,exchange_delisting,25-NSE,2023-02-21,edgar
HON,773840.0,HONEYWELL INTERNATIONAL INC,issuer_delisting,25,2021-05-10,edgar
HON,773840.0,HONEYWELL INTERNATIONAL INC,exchange_delisting,25-NSE,2020-04-03,edgar
HON,773840.0,HONEYWELL INTERNATIONAL INC,exchange_delisting,25-NSE,2018-02-22,edgar
HON,773840.0,HONEYWELL INTERNATIONAL INC,exchange_delisting,25-NSE,2016-07-18,edgar
HON,773840.0,HONEYWELL INTERNATIONAL INC,issuer_delisting,25,2014-08-21,edgar
HON,773840.0,HONEYWELL INTERNATIONAL INC,exchange_delisting,25-NSE,2009-08-18,edgar
HON,773840.0,HONEYWELL INTERNATIONAL INC,exchange_delisting,25-NSE,2007-08-07,edgar
HON,773840.0,HONEYWELL INTERNATIONAL INC,issuer_delisting,25,2007-01-29,edgar
HON,773840.0,HONEYWELL INTERNATIONAL INC,issuer_delisting,25,2005-08-05,edgar
HON,773840.0,HONEYWELL INTERNATIONAL INC,deregistration_listed,15-12B,2004-12-02,edgar
HON,773840.0,HONEYWELL INTERNATIONAL INC,deregistration_listed,15-12B,2004-11-12,edgar
HON,773840.0,HONEYWELL INTERNATIONAL INC,issuer_delisting,25,2003-08-22,edgar
HON,773840.0,HONEYWELL INTERNATIONAL INC,issuer_delisting,25,2002-06-07,edgar
HP,46765.0,"Helmerich & Payne, Inc.",still_listed_or_no_event,,,edgar
HPC,,,no_cik,,,unresolved
HPE,1645590.0,Hewlett Packard Enterprise Co,still_listed_or_no_event,,,edgar
HPH,,,no_cik,,,unresolved
HPQ,47217.0,HP INC,exchange_delisting,25-NSE,2008-03-31,edgar
HPQ,47217.0,HP INC,issuer_delisting,25,2007-02-12,edgar
HPQ,47217.0,HP INC,issuer_delisting,25,2006-05-23,edgar
HPQ,47217.0,HP INC,deregistration_unlisted,15-12G,1995-12-22,edgar
HRB,12659.0,H&R BLOCK INC,issuer_delisting,25,2007-01-19,edgar
HRL,48465.0,HORMEL FOODS CORP /DE/,still_listed_or_no_event,,,edgar
HRS,,,no_cik,,,unresolved
HSIC,1000228.0,HENRY SCHEIN INC,still_listed_or_no_event,,,edgar
HSP,1179345.0,PH RIELLY VENTURES,issuer_delisting,25,2007-03-13,edgar
HSP,1179345.0,PH RIELLY VENTURES,issuer_delisting,25,2007-03-13,edgar
HST,1070750.0,"HOST HOTELS & RESORTS, INC.",issuer_delisting,25,2020-10-30,edgar
HST,1070750.0,"HOST HOTELS & RESORTS, INC.",exchange_delisting,25-NSE,2010-06-21,edgar
HST,1070750.0,"HOST HOTELS & RESORTS, INC.",exchange_delisting,25-NSE,2006-05-22,edgar
HST,1070750.0,"HOST HOTELS & RESORTS, INC.",issuer_delisting,25,2004-08-13,edgar
HSY,47111.0,HERSHEY CO,exchange_delisting,25-NSE,2010-12-16,edgar
HUBB,48898.0,HUBBELL INC,deregistration_listed,15-12B,2016-01-13,edgar
HUBB,48898.0,HUBBELL INC,exchange_delisting,25-NSE,2015-12-24,edgar
HUBB,48898.0,HUBBELL INC,exchange_delisting,25-NSE,2015-12-24,edgar
HUM,49071.0,HUMANA INC,still_listed_or_no_event,,,edgar
HWM,4281.0,Howmet Aerospace Inc.,exchange_delisting,25-NSE,2025-12-17,edgar
HWM,4281.0,Howmet Aerospace Inc.,exchange_delisting,25-NSE,2017-10-02,edgar
I,1499655.0,Precidian ETFs Trust,exchange_delisting,25-NSE,2026-02-17,edgar
I,1499655.0,Precidian ETFs Trust,issuer_delisting,25,2025-04-21,edgar
I,1499655.0,Precidian ETFs Trust,exchange_delisting,25-NSE,2016-03-22,edgar
IAC,891103.0,"Match Group, Inc.",deregistration_listed,15-12B,2020-07-10,edgar
IAC,891103.0,"Match Group, Inc.",exchange_delisting,25-NSE,2020-06-30,edgar
IAC,891103.0,"Match Group, Inc.",exchange_delisting,25-NSE,2009-02-04,edgar
IBM,51143.0,INTERNATIONAL BUSINESS MACHINES CORP,exchange_delisting,25-NSE,2025-11-07,edgar
IBM,51143.0,INTERNATIONAL BUSINESS MACHINES CORP,exchange_delisting,25-NSE,2025-10-30,edgar
IBM,51143.0,INTERNATIONAL BUSINESS MACHINES CORP,exchange_delisting,25-NSE,2025-05-23,edgar
IBM,51143.0,INTERNATIONAL BUSINESS MACHINES CORP,exchange_delisting,25-NSE,2025-01-31,edgar
IBM,51143.0,INTERNATIONAL BUSINESS MACHINES CORP,exchange_delisting,25-NSE,2024-09-06,edgar
IBM,51143.0,INTERNATIONAL BUSINESS MACHINES CORP,exchange_delisting,25-NSE,2023-05-26,edgar
IBM,51143.0,INTERNATIONAL BUSINESS MACHINES CORP,exchange_delisting,25-NSE,2023-01-31,edgar
IBM,51143.0,INTERNATIONAL BUSINESS MACHINES CORP,exchange_delisting,25-NSE,2022-08-05,edgar
IBM,51143.0,INTERNATIONAL BUSINESS MACHINES CORP,exchange_delisting,25-NSE,2021-09-07,edgar
IBM,51143.0,INTERNATIONAL BUSINESS MACHINES CORP,exchange_delisting,25-NSE,2020-12-21,edgar
IBM,51143.0,INTERNATIONAL BUSINESS MACHINES CORP,exchange_delisting,25-NSE,2020-11-06,edgar
IBM,51143.0,INTERNATIONAL BUSINESS MACHINES CORP,exchange_delisting,25-NSE,2019-11-19,edgar
IBM,51143.0,INTERNATIONAL BUSINESS MACHINES CORP,exchange_delisting,25-NSE,2019-11-01,edgar
IBM,51143.0,INTERNATIONAL BUSINESS MACHINES CORP,exchange_delisting,25-NSE,2014-06-20,edgar
IBM,51143.0,INTERNATIONAL BUSINESS MACHINES CORP,exchange_delisting,25-NSE,2013-07-11,edgar
IBM,51143.0,INTERNATIONAL BUSINESS MACHINES CORP,exchange_delisting,25-NSE,2011-12-08,edgar
IBM,51143.0,INTERNATIONAL BUSINESS MACHINES CORP,exchange_delisting,25-NSE,2011-03-23,edgar
IBM,51143.0,INTERNATIONAL BUSINESS MACHINES CORP,exchange_delisting,25-NSE,2009-02-27,edgar
IBM,51143.0,INTERNATIONAL BUSINESS MACHINES CORP,exchange_delisting,25-NSE,2007-08-07,edgar
IBM,51143.0,INTERNATIONAL BUSINESS MACHINES CORP,issuer_delisting,25,2007-01-22,edgar
IBM,51143.0,INTERNATIONAL BUSINESS MACHINES CORP,issuer_delisting,25,2002-11-04,edgar
ICE,1571949.0,"Intercontinental Exchange, Inc.",still_listed_or_no_event,,,edgar
IDXX,874716.0,IDEXX LABORATORIES INC /DE,still_listed_or_no_event,,,edgar
IEX,832101.0,IDEX CORP /DE/,issuer_delisting,25,2017-11-09,edgar
IFF,51253.0,INTERNATIONAL FLAVORS & FRAGRANCES INC,exchange_delisting,25-NSE,2024-03-14,edgar
IFF,51253.0,INTERNATIONAL FLAVORS & FRAGRANCES INC,exchange_delisting,25-NSE,2021-09-27,edgar
IFF,51253.0,INTERNATIONAL FLAVORS & FRAGRANCES INC,exchange_delisting,25-NSE,2021-09-15,edgar
IGT,353944.0,INTERNATIONAL GAME TECHNOLOGY,deregistration_listed,15-12B,2015-04-17,edgar
IGT,353944.0,INTERNATIONAL GAME TECHNOLOGY,exchange_delisting,25-NSE,2015-04-07,edgar
IGT,353944.0,INTERNATIONAL GAME TECHNOLOGY,deregistration_listed,15-12B,2004-07-19,edgar
IGT,353944.0,INTERNATIONAL GAME TECHNOLOGY,deregistration_listed,15-12B,2004-02-20,edgar
IKN,,,no_cik,,,unresolved
ILMN,1110803.0,"ILLUMINA, INC.",deregistration_unlisted,15-12G,2011-05-04,edgar
IMNX,,,no_cik,,,unresolved
INCLF,,,no_cik,,,unresolved
INCY,879169.0,INCYTE CORP,still_listed_or_no_event,,,edgar
INFO,,,no_cik,,,unresolved
INGR,1046257.0,Ingredion Inc,deregistration_listed,15-12B,2013-06-21,edgar
INGR,1046257.0,Ingredion Inc,exchange_delisting,25-NSE,2009-02-19,edgar
INTC,50863.0,INTEL CORP,deregistration_unlisted,15-12G,1999-07-13,edgar
INTC,50863.0,INTEL CORP,deregistration_unlisted,15-12G,1998-03-18,edgar
INTC,50863.0,INTEL CORP,deregistration_unlisted,15-12G,1994-08-02,edgar
INTU,896878.0,INTUIT INC.,still_listed_or_no_event,,,edgar
INVH,1687229.0,Invitation Homes Inc.,still_listed_or_no_event,,,edgar
IP,51434.0,INTERNATIONAL PAPER CO /NEW/,exchange_delisting,25-NSE,2011-03-07,edgar
IPG,,,no_cik,,,unresolved
IPGP,1111928.0,IPG PHOTONICS CORP,still_listed_or_no_event,,,edgar
IQV,1478242.0,IQVIA HOLDINGS INC.,still_listed_or_no_event,,,edgar
IR,1699150.0,Ingersoll Rand Inc.,still_listed_or_no_event,,,edgar
IRM,1020569.0,IRON MOUNTAIN INC,deregistration_listed,15-12B,2015-01-23,edgar
IRM,1020569.0,IRON MOUNTAIN INC,deregistration_listed,15-12B,2015-01-23,edgar
IRM,1020569.0,IRON MOUNTAIN INC,exchange_delisting,25-NSE,2015-01-23,edgar
IRM,1020569.0,IRON MOUNTAIN INC,exchange_delisting,25-NSE,2015-01-23,edgar
IRM,1020569.0,IRON MOUNTAIN INC,deregistration_listed,15-12B,2012-06-25,edgar
IRM,1020569.0,IRON MOUNTAIN INC,exchange_delisting,25-NSE,2012-06-15,edgar
IRM,1020569.0,IRON MOUNTAIN INC,deregistration_listed,15-12B,2003-01-28,edgar
IRM,1020569.0,IRON MOUNTAIN INC,issuer_delisting,25,2003-01-21,edgar
ISRG,1035267.0,INTUITIVE SURGICAL INC,still_listed_or_no_event,,,edgar
IT,749251.0,GARTNER INC,issuer_delisting,25,2005-07-19,edgar
ITT,216228.0,ITT INC.,issuer_delisting,25,2006-11-28,edgar
ITT,216228.0,ITT INC.,issuer_delisting,25,2003-06-18,edgar
ITW,49826.0,ILLINOIS TOOL WORKS INC,exchange_delisting,25-NSE,2024-12-05,edgar
ITW,49826.0,ILLINOIS TOOL WORKS INC,exchange_delisting,25-NSE,2023-05-23,edgar
ITW,49826.0,ILLINOIS TOOL WORKS INC,exchange_delisting,25-NSE,2022-02-22,edgar
ITW,49826.0,ILLINOIS TOOL WORKS INC,issuer_delisting,25/A,2009-04-10,edgar
ITW,49826.0,ILLINOIS TOOL WORKS INC,issuer_delisting,25,2009-04-10,edgar
IVZ,914208.0,Invesco Ltd.,exchange_delisting,25-NSE,2026-01-15,edgar
IVZ,914208.0,Invesco Ltd.,exchange_delisting,25-NSE,2024-01-30,edgar
IVZ,914208.0,Invesco Ltd.,exchange_delisting,25-NSE,2022-05-06,edgar
J,52988.0,JACOBS SOLUTIONS INC.,exchange_delisting,25-NSE,2022-08-29,edgar
JBHT,728535.0,HUNT J B TRANSPORT SERVICES INC,still_listed_or_no_event,,,edgar
JBL,898293.0,JABIL INC,still_listed_or_no_event,,,edgar
JCI,833444.0,Johnson Controls International plc,exchange_delisting,25-NSE,2026-02-17,edgar
JCI,833444.0,Johnson Controls International plc,exchange_delisting,25-NSE,2025-02-25,edgar
JCI,833444.0,Johnson Controls International plc,exchange_delisting,25-NSE,2024-07-02,edgar
JCI,833444.0,Johnson Controls International plc,exchange_delisting,25-NSE,2023-09-15,edgar
JCI,833444.0,Johnson Controls International plc,exchange_delisting,25-NSE,2023-01-17,edgar
JCI,833444.0,Johnson Controls International plc,exchange_delisting,25-NSE,2021-09-01,edgar
JCI,833444.0,Johnson Controls International plc,exchange_delisting,25-NSE,2021-03-02,edgar
JCI,833444.0,Johnson Controls International plc,exchange_delisting,25-NSE,2020-12-04,edgar
JCI,833444.0,Johnson Controls International plc,exchange_delisting,25-NSE,2020-03-30,edgar
JCI,833444.0,Johnson Controls International plc,exchange_delisting,25-NSE,2018-01-16,edgar
JCI,833444.0,Johnson Controls International plc,exchange_delisting,25-NSE,2017-11-03,edgar
JCI,833444.0,Johnson Controls International plc,exchange_delisting,25-NSE,2017-07-17,edgar
JCI,833444.0,Johnson Controls International plc,exchange_delisting,25-NSE,2017-04-03,edgar
JCI,833444.0,Johnson Controls International plc,deregistration_listed,15-12B,2017-02-01,edgar
JCI,833444.0,Johnson Controls International plc,issuer_delisting,25,2017-01-04,edgar
JCI,833444.0,Johnson Controls International plc,deregistration_listed,15-12B,2014-11-17,edgar
JCI,833444.0,Johnson Controls International plc,exchange_delisting,25-NSE,2014-11-17,edgar
JCP,,,no_cik,,,unresolved
JEC,,,no_cik,,,unresolved
JEF,96223.0,Jefferies Financial Group Inc.,exchange_delisting,25-NSE,2013-08-20,edgar
JEF,96223.0,Jefferies Financial Group Inc.,exchange_delisting,25-NSE,2006-10-25,edgar
JEF,96223.0,Jefferies Financial Group Inc.,issuer_delisting,25,2005-06-17,edgar
JH,,,no_cik,,,unresolved
JHF,,,no_cik,,,unresolved
JKHY,779152.0,JACK HENRY & ASSOCIATES INC,still_listed_or_no_event,,,edgar
JNJ,200406.0,JOHNSON & JOHNSON,exchange_delisting,25-NSE,2024-11-06,edgar
JNJ,200406.0,JOHNSON & JOHNSON,exchange_delisting,25-NSE,2024-05-20,edgar
JNJ,200406.0,JOHNSON & JOHNSON,exchange_delisting,25-NSE,2022-01-20,edgar
JNJ,200406.0,JOHNSON & JOHNSON,exchange_delisting,25-NSE,2019-11-06,edgar
JNPR,,,no_cik,,,unresolved
JNS,,,no_cik,,,unresolved
JNY,,,no_cik,,,unresolved
JOS,1473237.0,Embraer Overseas Ltd,issuer_delisting,25,2013-10-21,edgar
JOY,801898.0,JOY GLOBAL INC,deregistration_unlisted,15-12G,2017-04-17,edgar
JOY,801898.0,JOY GLOBAL INC,exchange_delisting,25-NSE,2017-04-06,edgar
JOY,801898.0,JOY GLOBAL INC,deregistration_unlisted,15-12G,2012-08-17,edgar
JOY,801898.0,JOY GLOBAL INC,exchange_delisting,25-NSE,2012-08-07,edgar
JOY,801898.0,JOY GLOBAL INC,issuer_delisting,25,2011-12-05,edgar
JOY,801898.0,JOY GLOBAL INC,issuer_delisting,25,2002-05-06,edgar
JP,878774.0,AMERICAN MORTGAGE ACCEPTANCE CO,bankruptcy,8-K,2010-04-28,edgar
JP,878774.0,AMERICAN MORTGAGE ACCEPTANCE CO,exchange_delisting,25-NSE/A,2009-04-06,edgar
JP,878774.0,AMERICAN MORTGAGE ACCEPTANCE CO,exchange_delisting,25-NSE,2009-04-06,edgar
JPM,19617.0,JPMORGAN CHASE & CO,exchange_delisting,25-NSE,2024-05-24,edgar
JPM,19617.0,JPMORGAN CHASE & CO,exchange_delisting,25-NSE,2021-10-26,edgar
JPM,19617.0,JPMORGAN CHASE & CO,deregistration_listed,15-12B,2021-06-02,edgar
JPM,19617.0,JPMORGAN CHASE & CO,deregistration_listed,15-12B,2021-06-02,edgar
JPM,19617.0,JPMORGAN CHASE & CO,exchange_delisting,25-NSE,2021-06-01,edgar
JPM,19617.0,JPMORGAN CHASE & CO,exchange_delisting,25-NSE,2021-06-01,edgar
JPM,19617.0,JPMORGAN CHASE & CO,deregistration_listed,15-12B,2020-03-03,edgar
JPM,19617.0,JPMORGAN CHASE & CO,exchange_delisting,25-NSE,2020-03-02,edgar
JPM,19617.0,JPMORGAN CHASE & CO,exchange_delisting,25-NSE,2020-01-15,edgar
JPM,19617.0,JPMORGAN CHASE & CO,deregistration_listed,15-12B,2019-12-02,edgar
JPM,19617.0,JPMORGAN CHASE & CO,exchange_delisting,25-NSE,2019-12-02,edgar
JPM,19617.0,JPMORGAN CHASE & CO,deregistration_listed,15-12B,2019-09-05,edgar
JPM,19617.0,JPMORGAN CHASE & CO,exchange_delisting,25-NSE,2019-09-03,edgar
JPM,19617.0,JPMORGAN CHASE & CO,deregistration_listed,15-12B,2019-03-05,edgar
JPM,19617.0,JPMORGAN CHASE & CO,deregistration_listed,15-12B,2019-03-05,edgar
JPM,19617.0,JPMORGAN CHASE & CO,exchange_delisting,25-NSE,2019-03-01,edgar
JPM,19617.0,JPMORGAN CHASE & CO,exchange_delisting,25-NSE,2018-10-24,edgar
JPM,19617.0,JPMORGAN CHASE & CO,deregistration_listed,15-12B,2017-12-12,edgar
JPM,19617.0,JPMORGAN CHASE & CO,exchange_delisting,25-NSE,2017-12-01,edgar
JPM,19617.0,JPMORGAN CHASE & CO,exchange_delisting,25-NSE,2014-05-20,edgar
JPM,19617.0,JPMORGAN CHASE & CO,deregistration_listed,15-12B,2013-10-30,edgar
JPM,19617.0,JPMORGAN CHASE & CO,issuer_delisting,25,2013-09-30,edgar
JPM,19617.0,JPMORGAN CHASE & CO,issuer_delisting,25,2013-09-30,edgar
JPM,19617.0,JPMORGAN CHASE & CO,exchange_delisting,25-NSE,2013-09-24,edgar
JPM,19617.0,JPMORGAN CHASE & CO,exchange_delisting,25-NSE,2013-05-13,edgar
JPM,19617.0,JPMORGAN CHASE & CO,exchange_delisting,25-NSE,2013-05-13,edgar
JPM,19617.0,JPMORGAN CHASE & CO,exchange_delisting,25-NSE,2012-12-04,edgar
JPM,19617.0,JPMORGAN CHASE & CO,exchange_delisting,25-NSE,2012-07-27,edgar
JPM,19617.0,JPMORGAN CHASE & CO,exchange_delisting,25-NSE,2012-07-12,edgar
JPM,19617.0,JPMORGAN CHASE & CO,exchange_delisting,25-NSE,2012-07-12,edgar
JPM,19617.0,JPMORGAN CHASE & CO,exchange_delisting,25-NSE,2010-10-18,edgar
JPM,19617.0,JPMORGAN CHASE & CO,exchange_delisting,25-NSE,2010-08-20,edgar
JPM,19617.0,JPMORGAN CHASE & CO,exchange_delisting,25-NSE,2010-08-20,edgar
JPM,19617.0,JPMORGAN CHASE & CO,exchange_delisting,25-NSE,2010-08-20,edgar
JPM,19617.0,JPMORGAN CHASE & CO,deregistration_listed,15-12B,2010-05-18,edgar
JPM,19617.0,JPMORGAN CHASE & CO,deregistration_unlisted,15-12G,2010-04-01,edgar
JPM,19617.0,JPMORGAN CHASE & CO,deregistration_listed,15-12B,2010-04-01,edgar
JPM,19617.0,JPMORGAN CHASE & CO,exchange_delisting,25-NSE,2010-01-20,edgar
JPM,19617.0,JPMORGAN CHASE & CO,exchange_delisting,25-NSE,2009-07-07,edgar
JPM,19617.0,JPMORGAN CHASE & CO,issuer_delisting,25,2009-06-03,edgar
JPM,19617.0,JPMORGAN CHASE & CO,exchange_delisting,25-NSE,2009-04-01,edgar
JPM,19617.0,JPMORGAN CHASE & CO,exchange_delisting,25-NSE,2009-01-23,edgar
JPM,19617.0,JPMORGAN CHASE & CO,exchange_delisting,25-NSE,2009-01-16,edgar
JPM,19617.0,JPMORGAN CHASE & CO,exchange_delisting,25-NSE,2008-12-08,edgar
JPM,19617.0,JPMORGAN CHASE & CO,exchange_delisting,25-NSE,2008-11-06,edgar
JPM,19617.0,JPMORGAN CHASE & CO,issuer_delisting,25,2008-10-21,edgar
JPM,19617.0,JPMORGAN CHASE & CO,exchange_delisting,25-NSE,2008-09-23,edgar
JPM,19617.0,JPMORGAN CHASE & CO,exchange_delisting,25-NSE,2008-08-19,edgar
JPM,19617.0,JPMORGAN CHASE & CO,exchange_delisting,25-NSE,2008-03-17,edgar
JPM,19617.0,JPMORGAN CHASE & CO,exchange_delisting,25-NSE,2007-11-29,edgar
JPM,19617.0,JPMORGAN CHASE & CO,issuer_delisting,25,2006-04-04,edgar
JPM,19617.0,JPMORGAN CHASE & CO,deregistration_listed,15-12B,2006-04-03,edgar
JPM,19617.0,JPMORGAN CHASE & CO,deregistration_listed,15-12B,2006-02-07,edgar
JPM,19617.0,JPMORGAN CHASE & CO,issuer_delisting,25,2006-01-20,edgar
JPM,19617.0,JPMORGAN CHASE & CO,deregistration_listed,15-12B,2005-08-17,edgar
JPM,19617.0,JPMORGAN CHASE & CO,issuer_delisting,25,2005-08-05,edgar
JPM,19617.0,JPMORGAN CHASE & CO,deregistration_listed,15-12B,2005-08-01,edgar
JPM,19617.0,JPMORGAN CHASE & CO,deregistration_listed,15-12B,2005-01-03,edgar
JPM,19617.0,JPMORGAN CHASE & CO,issuer_delisting,25,2004-08-25,edgar
JPM,19617.0,JPMORGAN CHASE & CO,issuer_delisting,25,2003-08-22,edgar
JPM,19617.0,JPMORGAN CHASE & CO,issuer_delisting,25,2003-07-21,edgar
JPM,19617.0,JPMORGAN CHASE & CO,issuer_delisting,25,2003-02-12,edgar
JPM,19617.0,JPMORGAN CHASE & CO,issuer_delisting,25,2002-03-13,edgar
JWN,,,no_cik,,,unresolved
K,1086142.0,"DUOYUAN PRINTING, INC.",exchange_delisting,25-NSE,2011-10-06,edgar
KATE,352363.0,Kate Spade & Co,deregistration_listed,15-12B,2017-07-24,edgar
KATE,352363.0,Kate Spade & Co,exchange_delisting,25-NSE,2017-07-12,edgar
KBH,795266.0,KB HOME,deregistration_unlisted,15-12G,2024-08-19,edgar
KBH,795266.0,KB HOME,exchange_delisting,25-NSE,2024-08-08,edgar
KBH,795266.0,KB HOME,exchange_delisting,25-NSE,2009-03-12,edgar
KBH,795266.0,KB HOME,exchange_delisting,25-NSE,2007-07-27,edgar
KBH,795266.0,KB HOME,issuer_delisting,25,2004-10-25,edgar
KBH,795266.0,KB HOME,issuer_delisting,25,2003-02-24,edgar
KBH,795266.0,KB HOME,issuer_delisting,25,2002-01-03,edgar
KDP,1418135.0,Keurig Dr Pepper Inc.,issuer_delisting,25,2020-09-18,edgar
KEY,91576.0,KEYCORP /NEW/,exchange_delisting,25-NSE,2017-03-20,edgar
KEY,91576.0,KEYCORP /NEW/,exchange_delisting,25-NSE,2017-02-15,edgar
KEY,91576.0,KEYCORP /NEW/,exchange_delisting,25-NSE,2012-07-13,edgar
KEY,91576.0,KEYCORP /NEW/,exchange_delisting,25-NSE,2012-07-12,edgar
KEY,91576.0,KEYCORP /NEW/,exchange_delisting,25-NSE,2011-12-19,edgar
KEY,91576.0,KEYCORP /NEW/,exchange_delisting,25-NSE,2011-09-01,edgar
KEY,91576.0,KEYCORP /NEW/,exchange_delisting,25-NSE,2011-09-01,edgar
KEY,91576.0,KEYCORP /NEW/,exchange_delisting,25-NSE,2011-09-01,edgar
KEYS,1601046.0,"Keysight Technologies, Inc.",still_listed_or_no_event,,,edgar
KHC,1637459.0,Kraft Heinz Co,issuer_delisting,25,2026-09-08,edgar
KHC,1637459.0,Kraft Heinz Co,exchange_delisting,25-NSE,2025-05-08,edgar
KIM,879101.0,KIMCO REALTY CORP,deregistration_unlisted,15-12G,2023-01-03,edgar
KIM,879101.0,KIMCO REALTY CORP,exchange_delisting,25-NSE,2023-01-03,edgar
KIM,879101.0,KIMCO REALTY CORP,exchange_delisting,25-NSE,2019-12-31,edgar
KIM,879101.0,KIMCO REALTY CORP,exchange_delisting,25-NSE,2019-09-16,edgar
KIM,879101.0,KIMCO REALTY CORP,exchange_delisting,25-NSE,2019-09-16,edgar
KIM,879101.0,KIMCO REALTY CORP,exchange_delisting,25-NSE,2015-12-07,edgar
KIM,879101.0,KIMCO REALTY CORP,exchange_delisting,25-NSE,2012-10-11,edgar
KIM,879101.0,KIMCO REALTY CORP,exchange_delisting,25-NSE,2012-08-15,edgar
KIM,879101.0,KIMCO REALTY CORP,issuer_delisting,25,2003-06-13,edgar
KIM,879101.0,KIMCO REALTY CORP,issuer_delisting,25,2003-06-13,edgar
KIM,879101.0,KIMCO REALTY CORP,issuer_delisting,25,2002-01-17,edgar
KKR,1404912.0,KKR & Co. Inc.,deregistration_unlisted,15-12G,2023-09-25,edgar
KKR,1404912.0,KKR & Co. Inc.,exchange_delisting,25-NSE,2023-09-15,edgar
KKR,1404912.0,KKR & Co. Inc.,deregistration_listed,15-12B,2022-06-13,edgar
KKR,1404912.0,KKR & Co. Inc.,exchange_delisting,25-NSE,2022-06-01,edgar
KKR,1404912.0,KKR & Co. Inc.,exchange_delisting,25-NSE,2022-06-01,edgar
KKR,1404912.0,KKR & Co. Inc.,deregistration_listed,15-12B,2021-09-27,edgar
KKR,1404912.0,KKR & Co. Inc.,exchange_delisting,25-NSE,2021-09-15,edgar
KKR,1404912.0,KKR & Co. Inc.,deregistration_listed,15-12B,2021-06-25,edgar
KKR,1404912.0,KKR & Co. Inc.,exchange_delisting,25-NSE,2021-06-15,edgar
KKR,1404912.0,KKR & Co. Inc.,deregistration_listed,15-12B,2018-07-13,edgar
KKR,1404912.0,KKR & Co. Inc.,exchange_delisting,25-NSE/A,2018-07-02,edgar
KKR,1404912.0,KKR & Co. Inc.,exchange_delisting,25-NSE,2018-07-02,edgar
KKR,1404912.0,KKR & Co. Inc.,exchange_delisting,25-NSE,2018-07-02,edgar
KKR,1404912.0,KKR & Co. Inc.,exchange_delisting,25-NSE,2018-07-02,edgar
KLAC,319201.0,KLA CORP,still_listed_or_no_event,,,edgar
KM,1364714.0,"Oceanaut, Inc.",exchange_delisting,25-NSE,2009-04-14,edgar
KM,1364714.0,"Oceanaut, Inc.",exchange_delisting,25-NSE,2009-04-14,edgar
KM,1364714.0,"Oceanaut, Inc.",issuer_delisting,25,2009-04-13,edgar
KM,1364714.0,"Oceanaut, Inc.",deregistration_listed,15-12B,2009-04-13,edgar
KMB,55785.0,KIMBERLY CLARK CORP,issuer_delisting,25,2025-05-29,edgar
KMB,55785.0,KIMBERLY CLARK CORP,exchange_delisting,25-NSE,2024-09-09,edgar
KMG,1028215.0,KMG CHEMICALS INC,deregistration_listed,15-12B,2018-11-26,edgar
KMG,1028215.0,KMG CHEMICALS INC,exchange_delisting,25-NSE,2018-11-15,edgar
KMG,1028215.0,KMG CHEMICALS INC,issuer_delisting,25,2012-06-19,edgar
KMI,1506307.0,"KINDER MORGAN, INC.",exchange_delisting,25-NSE,2022-03-16,edgar
KMI,1506307.0,"KINDER MORGAN, INC.",exchange_delisting,25-NSE,2018-10-26,edgar
KMI,1506307.0,"KINDER MORGAN, INC.",exchange_delisting,25-NSE,2017-05-24,edgar
KMI,1506307.0,"KINDER MORGAN, INC.",deregistration_listed,15-12B,2014-12-08,edgar
KMX,1170010.0,CARMAX INC,still_listed_or_no_event,,,edgar
KO,21344.0,COCA COLA CO,exchange_delisting,25-NSE,2026-09-22,edgar
KO,21344.0,COCA COLA CO,exchange_delisting,25-NSE,2024-03-08,edgar
KO,21344.0,COCA COLA CO,exchange_delisting,25-NSE,2021-04-08,edgar
KO,21344.0,COCA COLA CO,exchange_delisting,25-NSE,2021-03-08,edgar
KO,21344.0,COCA COLA CO,exchange_delisting,25-NSE,2020-10-21,edgar
KO,21344.0,COCA COLA CO,exchange_delisting,25-NSE,2020-10-20,edgar
KO,21344.0,COCA COLA CO,exchange_delisting,25-NSE,2020-10-20,edgar
KO,21344.0,COCA COLA CO,exchange_delisting,25-NSE,2019-09-10,edgar
KO,21344.0,COCA COLA CO,exchange_delisting,25-NSE,2019-03-08,edgar
KO,21344.0,COCA COLA CO,exchange_delisting,25-NSE,2017-03-15,edgar
KORS,,,no_cik,,,unresolved
KR,56873.0,KROGER CO,still_listed_or_no_event,,,edgar
KRB,,,no_cik,,,unresolved
KRFT,1545158.0,"Kraft Foods Group, Inc.",deregistration_listed,15-12B,2015-07-13,edgar
KRFT,1545158.0,"Kraft Foods Group, Inc.",exchange_delisting,25-NSE,2015-07-02,edgar
KRI,,,no_cik,,,unresolved
KSE,,,no_cik,,,unresolved
KSS,885639.0,KOHLS Corp,still_listed_or_no_event,,,edgar
KSU,,,no_cik,,,unresolved
KVUE,1944048.0,Kenvue Inc.,still_listed_or_no_event,,,edgar
KWP,,,no_cik,,,unresolved
L,60086.0,LOEWS CORP,deregistration_listed,15-12B,2008-06-23,edgar
L,60086.0,LOEWS CORP,issuer_delisting,25,2008-06-10,edgar
L,60086.0,LOEWS CORP,issuer_delisting,25,2005-05-05,edgar
LB,1995807.0,LandBridge Co LLC,still_listed_or_no_event,,,edgar
LDG,,,no_cik,,,unresolved
LDOS,1336920.0,"Leidos Holdings, Inc.",deregistration_listed,15-12B,2016-09-29,edgar
LDOS,1336920.0,"Leidos Holdings, Inc.",deregistration_unlisted,15-12G,2009-11-19,edgar
LDOS,1336920.0,"Leidos Holdings, Inc.",deregistration_listed,15-12B/A,2009-11-19,edgar
LDOS,1336920.0,"Leidos Holdings, Inc.",deregistration_listed,15-12B,2009-11-17,edgar
LDW.B,,,no_cik,,,unresolved
LEG,,,no_cik,,,unresolved
LEHMQ,,,no_cik,,,unresolved
LEN,920760.0,LENNAR CORP /NEW/,still_listed_or_no_event,,,edgar
LH,920148.0,LABCORP HOLDINGS INC.,deregistration_unlisted,15-12G,2024-06-03,edgar
LH,920148.0,LABCORP HOLDINGS INC.,exchange_delisting,25-NSE,2024-05-20,edgar
LHX,202058.0,"L3HARRIS TECHNOLOGIES, INC. /DE/",deregistration_unlisted,15-12G,2025-05-30,edgar
LHX,202058.0,"L3HARRIS TECHNOLOGIES, INC. /DE/",deregistration_listed,15-12B,2016-01-05,edgar
LHX,202058.0,"L3HARRIS TECHNOLOGIES, INC. /DE/",exchange_delisting,25-NSE,2006-12-12,edgar
LII,1069202.0,LENNOX INTERNATIONAL INC,still_listed_or_no_event,,,edgar
LIN,1707925.0,LINDE PLC,issuer_delisting,25,2023-11-06,edgar
LIN,1707925.0,LINDE PLC,exchange_delisting,25-NSE,2023-03-02,edgar
LKQ,1065696.0,LKQ CORP,still_listed_or_no_event,,,edgar
LLTC,791907.0,LINEAR TECHNOLOGY CORP /CA/,deregistration_unlisted,15-12G,2017-03-20,edgar
LLTC,791907.0,LINEAR TECHNOLOGY CORP /CA/,exchange_delisting,25-NSE,2017-03-10,edgar
LLX,,,no_cik,,,unresolved
LLY,59478.0,ELI LILLY & Co,exchange_delisting,25-NSE,2026-06-02,edgar
LLY,59478.0,ELI LILLY & Co,exchange_delisting,25-NSE,2025-06-02,edgar
LLY,59478.0,ELI LILLY & Co,exchange_delisting,25-NSE,2022-03-02,edgar
LLY,59478.0,ELI LILLY & Co,exchange_delisting,25-NSE,2015-06-16,edgar
LLY,59478.0,ELI LILLY & Co,exchange_delisting,25-NSE,2006-12-29,edgar
LM,1640384.0,"POWERCOMPUTE, INC.",exchange_delisting,25-NSE,2020-10-21,edgar
LM,1640384.0,"POWERCOMPUTE, INC.",exchange_delisting,25-NSE,2015-12-07,edgar
LMT,936468.0,LOCKHEED MARTIN CORP,deregistration_listed,15-12B,2017-05-01,edgar
LMT,936468.0,LOCKHEED MARTIN CORP,deregistration_listed,15-12B,2014-06-18,edgar
LMT,936468.0,LOCKHEED MARTIN CORP,deregistration_listed,15-12B,2014-06-18,edgar
LMT,936468.0,LOCKHEED MARTIN CORP,deregistration_listed,15-12B,2001-08-10,edgar
LMT,936468.0,LOCKHEED MARTIN CORP,deregistration_listed,15-12B,2001-06-29,edgar
LNC,59558.0,LINCOLN NATIONAL CORP,exchange_delisting,25-NSE,2019-07-10,edgar
LNC,59558.0,LINCOLN NATIONAL CORP,exchange_delisting,25-NSE/A,2013-06-24,edgar
LNC,59558.0,LINCOLN NATIONAL CORP,exchange_delisting,25-NSE,2013-06-24,edgar
LNC,59558.0,LINCOLN NATIONAL CORP,issuer_delisting,25,2011-07-22,edgar
LNC,59558.0,LINCOLN NATIONAL CORP,exchange_delisting,25-NSE,2011-07-20,edgar
LNC,59558.0,LINCOLN NATIONAL CORP,deregistration_unlisted,15-12G,2006-10-20,edgar
LNC,59558.0,LINCOLN NATIONAL CORP,issuer_delisting,25,2006-08-01,edgar
LNC,59558.0,LINCOLN NATIONAL CORP,deregistration_unlisted,15-12G,2006-04-06,edgar
LNT,352541.0,ALLIANT ENERGY CORP,issuer_delisting,25,2018-12-28,edgar
LO,,,no_cik,,,unresolved
LOR,,,no_cik,,,unresolved
LOW,60667.0,LOWES COMPANIES INC,still_listed_or_no_event,,,edgar
LPX,60519.0,LOUISIANA-PACIFIC CORP,exchange_delisting,25-NSE,2008-06-09,edgar
LRCX,707549.0,LAM RESEARCH CORP,still_listed_or_no_event,,,edgar
LSI,703360.0,LSI CORP,deregistration_listed,15-12B,2014-05-21,edgar
LSI,703360.0,LSI CORP,exchange_delisting,25-NSE,2014-05-06,edgar
LSI,703360.0,LSI CORP,issuer_delisting,25,2012-12-18,edgar
LU,1816007.0,Lufax Holding Ltd,still_listed_or_no_event,,,edgar
LUB,,,no_cik,,,unresolved
LULU,1397187.0,lululemon athletica inc.,still_listed_or_no_event,,,edgar
LUMN,18926.0,"Lumen Technologies, Inc.",deregistration_unlisted,15-12G,2020-03-06,edgar
LUMN,18926.0,"Lumen Technologies, Inc.",issuer_delisting,25,2005-05-20,edgar
LUV,92380.0,SOUTHWEST AIRLINES CO,exchange_delisting,25-NSE,2024-10-28,edgar
LVLT,1060490.0,BROADWING CORP,exchange_delisting,25-NSE,2007-01-04,edgar
LVLT,1060490.0,BROADWING CORP,deregistration_unlisted,15-12G,2007-01-03,edgar
LVS,1300514.0,LAS VEGAS SANDS CORP,still_listed_or_no_event,,,edgar
LW,1679273.0,"Lamb Weston Holdings, Inc.",still_listed_or_no_event,,,edgar
LXK,,,no_cik,,,unresolved
LYB,1489393.0,LyondellBasell Industries N.V.,exchange_delisting,25-NSE,2010-12-07,edgar
LYV,1335258.0,"Live Nation Entertainment, Inc.",still_listed_or_no_event,,,edgar
M,794367.0,"Macy's, Inc.",issuer_delisting,25,2014-12-15,edgar
M,794367.0,"Macy's, Inc.",issuer_delisting,25,2003-06-18,edgar
M,794367.0,"Macy's, Inc.",issuer_delisting,25,2002-10-16,edgar
M,794367.0,"Macy's, Inc.",issuer_delisting,25,2002-01-07,edgar
M,794367.0,"Macy's, Inc.",deregistration_unlisted,15-12G,1998-10-08,edgar
MA,1141391.0,Mastercard Inc,exchange_delisting,25-NSE,2022-12-01,edgar
MA,1141391.0,Mastercard Inc,deregistration_listed,15-12B,2010-06-02,edgar
MAA,912595.0,MID AMERICA APARTMENT COMMUNITIES INC.,exchange_delisting,25-NSE,2010-09-13,edgar
MAA,912595.0,MID AMERICA APARTMENT COMMUNITIES INC.,exchange_delisting,25-NSE,2007-10-17,edgar
MAA,912595.0,MID AMERICA APARTMENT COMMUNITIES INC.,issuer_delisting,25,2003-08-22,edgar
MAA,912595.0,MID AMERICA APARTMENT COMMUNITIES INC.,issuer_delisting,25,2003-08-22,edgar
MAC,912242.0,MACERICH CO,deregistration_listed,15-12B,2015-06-08,edgar
MAC,912242.0,MACERICH CO,exchange_delisting,25-NSE,2015-05-27,edgar
MAR,1048286.0,MARRIOTT INTERNATIONAL INC /MD/,issuer_delisting,25,2020-09-10,edgar
MAR,1048286.0,MARRIOTT INTERNATIONAL INC /MD/,issuer_delisting,25,2013-10-21,edgar
MAR,1048286.0,MARRIOTT INTERNATIONAL INC /MD/,issuer_delisting,25,2006-06-09,edgar
MAR,1048286.0,MARRIOTT INTERNATIONAL INC /MD/,issuer_delisting,25,2006-06-09,edgar
MAS,62996.0,MASCO CORP /DE/,exchange_delisting,25-NSE,2007-10-19,edgar
MAT,63276.0,MATTEL INC /DE/,issuer_delisting,25,2009-09-24,edgar
MAT,63276.0,MATTEL INC /DE/,issuer_delisting,25,2007-01-24,edgar
MAT,63276.0,MATTEL INC /DE/,deregistration_listed,15-12B,1999-05-14,edgar
MAY,1494558.0,Ambow Education Holding Ltd.,exchange_delisting,25-NSE,2014-10-06,edgar
MBI,814585.0,MBIA INC,issuer_delisting,25,2006-01-06,edgar
MBI,814585.0,MBIA INC,issuer_delisting,25,2005-01-07,edgar
MCD,63908.0,MCDONALDS CORP,issuer_delisting,25,2010-08-10,edgar
MCD,63908.0,MCDONALDS CORP,issuer_delisting,25,2010-08-10,edgar
MCD,63908.0,MCDONALDS CORP,issuer_delisting,25,2009-10-20,edgar
MCD,63908.0,MCDONALDS CORP,deregistration_listed,15-12B,2008-05-30,edgar
MCD,63908.0,MCDONALDS CORP,exchange_delisting,25-NSE,2007-09-24,edgar
MCD,63908.0,MCDONALDS CORP,issuer_delisting,25,2005-11-18,edgar
MCD,63908.0,MCDONALDS CORP,issuer_delisting,25,2003-07-21,edgar
MCD,63908.0,MCDONALDS CORP,issuer_delisting,25,2002-09-09,edgar
MCD,63908.0,MCDONALDS CORP,issuer_delisting,25,2002-01-03,edgar
MCHP,827054.0,MICROCHIP TECHNOLOGY INC,still_listed_or_no_event,,,edgar
MCIC,,,no_cik,,,unresolved
MCK,927653.0,MCKESSON CORP,exchange_delisting,25-NSE,2025-11-17,edgar
MCK,927653.0,MCKESSON CORP,exchange_delisting,25-NSE,2021-07-19,edgar
MCK,927653.0,MCKESSON CORP,exchange_delisting,25-NSE,2020-02-12,edgar
MCK,927653.0,MCKESSON CORP,exchange_delisting,25-NSE,2007-02-01,edgar
MCK,927653.0,MCKESSON CORP,issuer_delisting,25,2006-09-20,edgar
MCK,927653.0,MCKESSON CORP,issuer_delisting,25,2004-11-01,edgar
MCO,1059556.0,MOODYS CORP /DE/,exchange_delisting,25-NSE,2008-07-23,edgar
MD,893949.0,"Pediatrix Medical Group, Inc.",deregistration_listed,15-12B,2009-05-21,edgar
MD,893949.0,"Pediatrix Medical Group, Inc.",exchange_delisting,25-NSE,2009-05-11,edgar
MDLZ,1103982.0,"Mondelez International, Inc.",exchange_delisting,25-NSE,2021-03-30,edgar
MDLZ,1103982.0,"Mondelez International, Inc.",exchange_delisting,25-NSE,2021-01-25,edgar
MDLZ,1103982.0,"Mondelez International, Inc.",issuer_delisting,25,2019-02-25,edgar
MDLZ,1103982.0,"Mondelez International, Inc.",exchange_delisting,25-NSE,2017-01-31,edgar
MDLZ,1103982.0,"Mondelez International, Inc.",exchange_delisting,25-NSE,2015-06-16,edgar
MDLZ,1103982.0,"Mondelez International, Inc.",issuer_delisting,25,2012-06-25,edgar
MDP,,,no_cik,,,unresolved
MDR,,,no_cik,,,unresolved
MDT,1613103.0,Medtronic plc,exchange_delisting,25-NSE,2025-10-15,edgar
MDT,1613103.0,Medtronic plc,exchange_delisting,25-NSE,2025-09-29,edgar
MDT,1613103.0,Medtronic plc,exchange_delisting,25-NSE,2025-07-02,edgar
MDT,1613103.0,Medtronic plc,exchange_delisting,25-NSE,2023-03-15,edgar
MDT,1613103.0,Medtronic plc,exchange_delisting,25-NSE,2023-03-10,edgar
MDT,1613103.0,Medtronic plc,exchange_delisting,25-NSE,2022-12-02,edgar
MDT,1613103.0,Medtronic plc,exchange_delisting,25-NSE,2021-03-08,edgar
MDT,1613103.0,Medtronic plc,exchange_delisting,25-NSE,2020-10-14,edgar
MEA,,,no_cik,,,unresolved
MEDI,1087477.0,FMI HOLDINGS LTD.,deregistration_unlisted,15-12G,2011-06-27,edgar
MEDI,1087477.0,FMI HOLDINGS LTD.,exchange_delisting,25-NSE,2010-04-09,edgar
MEE,,,no_cik,,,unresolved
MEL,,,no_cik,,,unresolved
MER,65100.0,"MERRILL LYNCH & CO., INC.",exchange_delisting,25-NSE,2018-10-18,edgar
MER,65100.0,"MERRILL LYNCH & CO., INC.",exchange_delisting,25-NSE,2018-06-06,edgar
MER,65100.0,"MERRILL LYNCH & CO., INC.",exchange_delisting,25-NSE,2016-08-16,edgar
MER,65100.0,"MERRILL LYNCH & CO., INC.",exchange_delisting,25-NSE,2016-01-29,edgar
MER,65100.0,"MERRILL LYNCH & CO., INC.",exchange_delisting,25-NSE,2016-01-29,edgar
MER,65100.0,"MERRILL LYNCH & CO., INC.",exchange_delisting,25-NSE,2016-01-29,edgar
MER,65100.0,"MERRILL LYNCH & CO., INC.",exchange_delisting,25-NSE,2014-05-20,edgar
MER,65100.0,"MERRILL LYNCH & CO., INC.",exchange_delisting,25-NSE,2012-11-28,edgar
MER,65100.0,"MERRILL LYNCH & CO., INC.",exchange_delisting,25-NSE,2012-02-14,edgar
MER,65100.0,"MERRILL LYNCH & CO., INC.",issuer_delisting,25,2011-12-12,edgar
MER,65100.0,"MERRILL LYNCH & CO., INC.",exchange_delisting,25-NSE,2011-04-26,edgar
MER,65100.0,"MERRILL LYNCH & CO., INC.",exchange_delisting,25-NSE,2011-03-28,edgar
MER,65100.0,"MERRILL LYNCH & CO., INC.",exchange_delisting,25-NSE,2011-03-08,edgar
MER,65100.0,"MERRILL LYNCH & CO., INC.",exchange_delisting,25-NSE,2010-12-23,edgar
MER,65100.0,"MERRILL LYNCH & CO., INC.",exchange_delisting,25-NSE,2010-10-18,edgar
MER,65100.0,"MERRILL LYNCH & CO., INC.",exchange_delisting,25-NSE,2010-09-29,edgar
MER,65100.0,"MERRILL LYNCH & CO., INC.",exchange_delisting,25-NSE,2010-09-28,edgar
MER,65100.0,"MERRILL LYNCH & CO., INC.",exchange_delisting,25-NSE,2010-09-28,edgar
MER,65100.0,"MERRILL LYNCH & CO., INC.",exchange_delisting,25-NSE,2010-06-03,edgar
MER,65100.0,"MERRILL LYNCH & CO., INC.",exchange_delisting,25-NSE,2010-03-17,edgar
MER,65100.0,"MERRILL LYNCH & CO., INC.",exchange_delisting,25-NSE,2009-10-02,edgar
MER,65100.0,"MERRILL LYNCH & CO., INC.",exchange_delisting,25-NSE,2009-07-09,edgar
MER,65100.0,"MERRILL LYNCH & CO., INC.",exchange_delisting,25-NSE,2009-06-04,edgar
MER,65100.0,"MERRILL LYNCH & CO., INC.",exchange_delisting,25-NSE,2009-05-06,edgar
MER,65100.0,"MERRILL LYNCH & CO., INC.",exchange_delisting,25-NSE,2009-03-30,edgar
MER,65100.0,"MERRILL LYNCH & CO., INC.",exchange_delisting,25-NSE,2009-03-02,edgar
MER,65100.0,"MERRILL LYNCH & CO., INC.",exchange_delisting,25-NSE,2009-03-02,edgar
MER,65100.0,"MERRILL LYNCH & CO., INC.",exchange_delisting,25-NSE,2009-01-16,edgar
MER,65100.0,"MERRILL LYNCH & CO., INC.",exchange_delisting,25-NSE,2009-01-05,edgar
MER,65100.0,"MERRILL LYNCH & CO., INC.",exchange_delisting,25-NSE,2009-01-05,edgar
MER,65100.0,"MERRILL LYNCH & CO., INC.",exchange_delisting,25-NSE,2009-01-05,edgar
MER,65100.0,"MERRILL LYNCH & CO., INC.",exchange_delisting,25-NSE,2009-01-05,edgar
MER,65100.0,"MERRILL LYNCH & CO., INC.",exchange_delisting,25-NSE,2009-01-05,edgar
MER,65100.0,"MERRILL LYNCH & CO., INC.",exchange_delisting,25-NSE,2009-01-05,edgar
MER,65100.0,"MERRILL LYNCH & CO., INC.",exchange_delisting,25-NSE,2009-01-05,edgar
MER,65100.0,"MERRILL LYNCH & CO., INC.",exchange_delisting,25-NSE,2009-01-05,edgar
MER,65100.0,"MERRILL LYNCH & CO., INC.",exchange_delisting,25-NSE,2009-01-05,edgar
MER,65100.0,"MERRILL LYNCH & CO., INC.",deregistration_listed,15-12B,2009-01-02,edgar
MER,65100.0,"MERRILL LYNCH & CO., INC.",exchange_delisting,25-NSE,2008-11-17,edgar
MER,65100.0,"MERRILL LYNCH & CO., INC.",exchange_delisting,25-NSE,2008-11-12,edgar
MER,65100.0,"MERRILL LYNCH & CO., INC.",issuer_delisting,25,2008-11-10,edgar
MER,65100.0,"MERRILL LYNCH & CO., INC.",exchange_delisting,25-NSE,2008-11-07,edgar
MER,65100.0,"MERRILL LYNCH & CO., INC.",exchange_delisting,25-NSE,2008-11-07,edgar
MER,65100.0,"MERRILL LYNCH & CO., INC.",exchange_delisting,25-NSE,2008-10-31,edgar
MER,65100.0,"MERRILL LYNCH & CO., INC.",exchange_delisting,25-NSE,2008-10-14,edgar
MER,65100.0,"MERRILL LYNCH & CO., INC.",exchange_delisting,25-NSE,2008-10-07,edgar
MER,65100.0,"MERRILL LYNCH & CO., INC.",exchange_delisting,25-NSE,2008-10-07,edgar
MER,65100.0,"MERRILL LYNCH & CO., INC.",exchange_delisting,25-NSE,2008-10-07,edgar
MER,65100.0,"MERRILL LYNCH & CO., INC.",exchange_delisting,25-NSE,2008-09-30,edgar
MER,65100.0,"MERRILL LYNCH & CO., INC.",exchange_delisting,25-NSE,2008-09-30,edgar
MER,65100.0,"MERRILL LYNCH & CO., INC.",exchange_delisting,25-NSE,2008-09-30,edgar
MER,65100.0,"MERRILL LYNCH & CO., INC.",exchange_delisting,25-NSE,2008-09-10,edgar
MER,65100.0,"MERRILL LYNCH & CO., INC.",exchange_delisting,25-NSE,2008-09-10,edgar
MER,65100.0,"MERRILL LYNCH & CO., INC.",exchange_delisting,25-NSE,2008-09-10,edgar
MER,65100.0,"MERRILL LYNCH & CO., INC.",exchange_delisting,25-NSE,2008-09-10,edgar
MER,65100.0,"MERRILL LYNCH & CO., INC.",exchange_delisting,25-NSE,2008-09-03,edgar
MER,65100.0,"MERRILL LYNCH & CO., INC.",exchange_delisting,25-NSE,2008-08-29,edgar
MER,65100.0,"MERRILL LYNCH & CO., INC.",exchange_delisting,25-NSE,2008-08-15,edgar
MER,65100.0,"MERRILL LYNCH & CO., INC.",exchange_delisting,25-NSE,2008-08-11,edgar
MER,65100.0,"MERRILL LYNCH & CO., INC.",exchange_delisting,25-NSE,2008-08-07,edgar
MER,65100.0,"MERRILL LYNCH & CO., INC.",exchange_delisting,25-NSE,2008-08-06,edgar
MER,65100.0,"MERRILL LYNCH & CO., INC.",exchange_delisting,25-NSE,2008-08-06,edgar
MER,65100.0,"MERRILL LYNCH & CO., INC.",exchange_delisting,25-NSE,2008-08-06,edgar
MER,65100.0,"MERRILL LYNCH & CO., INC.",exchange_delisting,25-NSE,2008-07-15,edgar
MER,65100.0,"MERRILL LYNCH & CO., INC.",exchange_delisting,25-NSE,2008-07-10,edgar
MER,65100.0,"MERRILL LYNCH & CO., INC.",exchange_delisting,25-NSE,2008-07-09,edgar
MER,65100.0,"MERRILL LYNCH & CO., INC.",exchange_delisting,25-NSE,2008-06-27,edgar
MER,65100.0,"MERRILL LYNCH & CO., INC.",exchange_delisting,25-NSE,2008-05-12,edgar
MER,65100.0,"MERRILL LYNCH & CO., INC.",exchange_delisting,25-NSE,2008-05-06,edgar
MER,65100.0,"MERRILL LYNCH & CO., INC.",exchange_delisting,25-NSE,2008-04-21,edgar
MER,65100.0,"MERRILL LYNCH & CO., INC.",exchange_delisting,25-NSE,2008-04-21,edgar
MER,65100.0,"MERRILL LYNCH & CO., INC.",exchange_delisting,25-NSE,2008-04-08,edgar
MER,65100.0,"MERRILL LYNCH & CO., INC.",exchange_delisting,25-NSE,2008-04-08,edgar
MER,65100.0,"MERRILL LYNCH & CO., INC.",exchange_delisting,25-NSE,2008-03-18,edgar
MER,65100.0,"MERRILL LYNCH & CO., INC.",exchange_delisting,25-NSE,2008-03-07,edgar
MER,65100.0,"MERRILL LYNCH & CO., INC.",exchange_delisting,25-NSE,2008-02-07,edgar
MER,65100.0,"MERRILL LYNCH & CO., INC.",exchange_delisting,25-NSE,2008-01-15,edgar
MER,65100.0,"MERRILL LYNCH & CO., INC.",exchange_delisting,25-NSE,2008-01-15,edgar
MER,65100.0,"MERRILL LYNCH & CO., INC.",exchange_delisting,25-NSE,2008-01-07,edgar
MER,65100.0,"MERRILL LYNCH & CO., INC.",exchange_delisting,25-NSE,2007-11-20,edgar
MER,65100.0,"MERRILL LYNCH & CO., INC.",exchange_delisting,25-NSE,2007-11-20,edgar
MER,65100.0,"MERRILL LYNCH & CO., INC.",exchange_delisting,25-NSE,2007-11-05,edgar
MER,65100.0,"MERRILL LYNCH & CO., INC.",exchange_delisting,25-NSE,2007-10-29,edgar
MER,65100.0,"MERRILL LYNCH & CO., INC.",exchange_delisting,25-NSE,2007-10-10,edgar
MER,65100.0,"MERRILL LYNCH & CO., INC.",exchange_delisting,25-NSE,2007-10-10,edgar
MER,65100.0,"MERRILL LYNCH & CO., INC.",exchange_delisting,25-NSE,2007-10-09,edgar
MER,65100.0,"MERRILL LYNCH & CO., INC.",exchange_delisting,25-NSE,2007-09-25,edgar
MER,65100.0,"MERRILL LYNCH & CO., INC.",exchange_delisting,25-NSE,2007-09-14,edgar
MER,65100.0,"MERRILL LYNCH & CO., INC.",exchange_delisting,25-NSE,2007-09-07,edgar
MER,65100.0,"MERRILL LYNCH & CO., INC.",exchange_delisting,25-NSE,2007-09-04,edgar
MER,65100.0,"MERRILL LYNCH & CO., INC.",exchange_delisting,25-NSE,2007-08-31,edgar
MER,65100.0,"MERRILL LYNCH & CO., INC.",exchange_delisting,25-NSE,2007-08-28,edgar
MER,65100.0,"MERRILL LYNCH & CO., INC.",exchange_delisting,25-NSE,2007-08-09,edgar
MER,65100.0,"MERRILL LYNCH & CO., INC.",exchange_delisting,25-NSE,2007-08-07,edgar
MER,65100.0,"MERRILL LYNCH & CO., INC.",exchange_delisting,25-NSE,2007-08-06,edgar
MER,65100.0,"MERRILL LYNCH & CO., INC.",exchange_delisting,25-NSE,2007-08-06,edgar
MER,65100.0,"MERRILL LYNCH & CO., INC.",exchange_delisting,25-NSE,2007-08-06,edgar
MER,65100.0,"MERRILL LYNCH & CO., INC.",exchange_delisting,25-NSE,2007-08-03,edgar
MER,65100.0,"MERRILL LYNCH & CO., INC.",exchange_delisting,25-NSE,2007-06-29,edgar
MER,65100.0,"MERRILL LYNCH & CO., INC.",exchange_delisting,25-NSE,2007-06-29,edgar
MER,65100.0,"MERRILL LYNCH & CO., INC.",exchange_delisting,25-NSE,2007-06-28,edgar
MER,65100.0,"MERRILL LYNCH & CO., INC.",exchange_delisting,25-NSE,2007-06-12,edgar
MER,65100.0,"MERRILL LYNCH & CO., INC.",exchange_delisting,25-NSE,2007-05-30,edgar
MER,65100.0,"MERRILL LYNCH & CO., INC.",exchange_delisting,25-NSE,2007-05-09,edgar
MER,65100.0,"MERRILL LYNCH & CO., INC.",exchange_delisting,25-NSE,2007-05-07,edgar
MER,65100.0,"MERRILL LYNCH & CO., INC.",exchange_delisting,25-NSE,2007-05-07,edgar
MER,65100.0,"MERRILL LYNCH & CO., INC.",exchange_delisting,25-NSE,2007-04-09,edgar
MER,65100.0,"MERRILL LYNCH & CO., INC.",exchange_delisting,25-NSE,2007-04-05,edgar
MER,65100.0,"MERRILL LYNCH & CO., INC.",exchange_delisting,25-NSE,2007-04-02,edgar
MER,65100.0,"MERRILL LYNCH & CO., INC.",exchange_delisting,25-NSE,2007-03-29,edgar
MER,65100.0,"MERRILL LYNCH & CO., INC.",exchange_delisting,25-NSE,2007-03-23,edgar
MER,65100.0,"MERRILL LYNCH & CO., INC.",exchange_delisting,25-NSE,2007-03-06,edgar
MER,65100.0,"MERRILL LYNCH & CO., INC.",exchange_delisting,25-NSE,2007-03-06,edgar
MER,65100.0,"MERRILL LYNCH & CO., INC.",exchange_delisting,25-NSE,2007-03-02,edgar
MER,65100.0,"MERRILL LYNCH & CO., INC.",exchange_delisting,25-NSE,2007-03-01,edgar
MER,65100.0,"MERRILL LYNCH & CO., INC.",exchange_delisting,25-NSE,2007-02-12,edgar
MER,65100.0,"MERRILL LYNCH & CO., INC.",exchange_delisting,25-NSE,2007-02-05,edgar
MER,65100.0,"MERRILL LYNCH & CO., INC.",issuer_delisting,25,2006-12-29,edgar
MER,65100.0,"MERRILL LYNCH & CO., INC.",exchange_delisting,25-NSE,2006-11-08,edgar
MER,65100.0,"MERRILL LYNCH & CO., INC.",exchange_delisting,25-NSE,2006-11-07,edgar
MER,65100.0,"MERRILL LYNCH & CO., INC.",exchange_delisting,25-NSE,2006-09-27,edgar
MER,65100.0,"MERRILL LYNCH & CO., INC.",exchange_delisting,25-NSE,2006-09-08,edgar
MER,65100.0,"MERRILL LYNCH & CO., INC.",exchange_delisting,25-NSE,2006-08-07,edgar
MER,65100.0,"MERRILL LYNCH & CO., INC.",exchange_delisting,25-NSE,2006-08-07,edgar
MER,65100.0,"MERRILL LYNCH & CO., INC.",exchange_delisting,25-NSE,2006-08-01,edgar
MER,65100.0,"MERRILL LYNCH & CO., INC.",exchange_delisting,25-NSE,2006-07-24,edgar
MER,65100.0,"MERRILL LYNCH & CO., INC.",exchange_delisting,25-NSE,2006-07-21,edgar
MER,65100.0,"MERRILL LYNCH & CO., INC.",exchange_delisting,25-NSE,2006-06-29,edgar
MER,65100.0,"MERRILL LYNCH & CO., INC.",exchange_delisting,25-NSE,2006-06-27,edgar
MER,65100.0,"MERRILL LYNCH & CO., INC.",exchange_delisting,25-NSE,2006-06-27,edgar
MER,65100.0,"MERRILL LYNCH & CO., INC.",exchange_delisting,25-NSE,2006-05-31,edgar
MER,65100.0,"MERRILL LYNCH & CO., INC.",exchange_delisting,25-NSE,2006-05-30,edgar
MER,65100.0,"MERRILL LYNCH & CO., INC.",exchange_delisting,25-NSE,2006-05-30,edgar
MER,65100.0,"MERRILL LYNCH & CO., INC.",exchange_delisting,25-NSE,2006-05-11,edgar
MER,65100.0,"MERRILL LYNCH & CO., INC.",exchange_delisting,25-NSE,2006-05-01,edgar
MER,65100.0,"MERRILL LYNCH & CO., INC.",exchange_delisting,25-NSE,2006-05-01,edgar
MER,65100.0,"MERRILL LYNCH & CO., INC.",issuer_delisting,25,2006-03-30,edgar
MER,65100.0,"MERRILL LYNCH & CO., INC.",issuer_delisting,25,2006-03-06,edgar
MER,65100.0,"MERRILL LYNCH & CO., INC.",issuer_delisting,25,2006-02-27,edgar
MER,65100.0,"MERRILL LYNCH & CO., INC.",issuer_delisting,25,2006-02-13,edgar
MER,65100.0,"MERRILL LYNCH & CO., INC.",issuer_delisting,25,2006-02-06,edgar
MER,65100.0,"MERRILL LYNCH & CO., INC.",issuer_delisting,25,2005-12-22,edgar
MER,65100.0,"MERRILL LYNCH & CO., INC.",issuer_delisting,25,2005-10-28,edgar
MER,65100.0,"MERRILL LYNCH & CO., INC.",issuer_delisting,25,2005-10-18,edgar
MER,65100.0,"MERRILL LYNCH & CO., INC.",issuer_delisting,25,2005-10-03,edgar
MER,65100.0,"MERRILL LYNCH & CO., INC.",issuer_delisting,25,2005-09-29,edgar
MER,65100.0,"MERRILL LYNCH & CO., INC.",issuer_delisting,25,2005-08-01,edgar
MER,65100.0,"MERRILL LYNCH & CO., INC.",issuer_delisting,25,2005-07-06,edgar
MER,65100.0,"MERRILL LYNCH & CO., INC.",issuer_delisting,25,2005-07-06,edgar
MER,65100.0,"MERRILL LYNCH & CO., INC.",issuer_delisting,25,2005-06-02,edgar
MER,65100.0,"MERRILL LYNCH & CO., INC.",issuer_delisting,25,2005-05-25,edgar
MER,65100.0,"MERRILL LYNCH & CO., INC.",issuer_delisting,25,2005-05-10,edgar
MER,65100.0,"MERRILL LYNCH & CO., INC.",issuer_delisting,25,2005-04-11,edgar
MER,65100.0,"MERRILL LYNCH & CO., INC.",issuer_delisting,25,2005-02-28,edgar
MER,65100.0,"MERRILL LYNCH & CO., INC.",issuer_delisting,25,2005-02-24,edgar
MER,65100.0,"MERRILL LYNCH & CO., INC.",issuer_delisting,25,2005-02-07,edgar
MER,65100.0,"MERRILL LYNCH & CO., INC.",issuer_delisting,25,2005-02-07,edgar
MER,65100.0,"MERRILL LYNCH & CO., INC.",issuer_delisting,25,2005-01-31,edgar
MER,65100.0,"MERRILL LYNCH & CO., INC.",issuer_delisting,25,2005-01-07,edgar
MER,65100.0,"MERRILL LYNCH & CO., INC.",issuer_delisting,25,2005-01-07,edgar
MER,65100.0,"MERRILL LYNCH & CO., INC.",issuer_delisting,25,2004-12-28,edgar
MER,65100.0,"MERRILL LYNCH & CO., INC.",issuer_delisting,25,2004-12-03,edgar
MER,65100.0,"MERRILL LYNCH & CO., INC.",issuer_delisting,25,2004-11-30,edgar
MER,65100.0,"MERRILL LYNCH & CO., INC.",issuer_delisting,25,2004-11-16,edgar
MER,65100.0,"MERRILL LYNCH & CO., INC.",issuer_delisting,25,2004-11-02,edgar
MER,65100.0,"MERRILL LYNCH & CO., INC.",issuer_delisting,25,2004-10-12,edgar
MER,65100.0,"MERRILL LYNCH & CO., INC.",issuer_delisting,25,2004-10-04,edgar
MER,65100.0,"MERRILL LYNCH & CO., INC.",issuer_delisting,25,2004-05-19,edgar
MER,65100.0,"MERRILL LYNCH & CO., INC.",issuer_delisting,25,2004-05-11,edgar
MER,65100.0,"MERRILL LYNCH & CO., INC.",issuer_delisting,25,2004-03-26,edgar
MER,65100.0,"MERRILL LYNCH & CO., INC.",issuer_delisting,25,2004-02-25,edgar
MER,65100.0,"MERRILL LYNCH & CO., INC.",issuer_delisting,25,2004-02-02,edgar
MER,65100.0,"MERRILL LYNCH & CO., INC.",issuer_delisting,25,2004-01-14,edgar
MER,65100.0,"MERRILL LYNCH & CO., INC.",issuer_delisting,25,2003-12-01,edgar
MER,65100.0,"MERRILL LYNCH & CO., INC.",issuer_delisting,25,2003-11-26,edgar
MER,65100.0,"MERRILL LYNCH & CO., INC.",issuer_delisting,25,2003-11-26,edgar
MER,65100.0,"MERRILL LYNCH & CO., INC.",issuer_delisting,25,2003-11-20,edgar
MER,65100.0,"MERRILL LYNCH & CO., INC.",issuer_delisting,25,2003-11-10,edgar
MER,65100.0,"MERRILL LYNCH & CO., INC.",issuer_delisting,25,2003-10-28,edgar
MER,65100.0,"MERRILL LYNCH & CO., INC.",issuer_delisting,25,2003-10-20,edgar
MER,65100.0,"MERRILL LYNCH & CO., INC.",issuer_delisting,25,2003-10-20,edgar
MER,65100.0,"MERRILL LYNCH & CO., INC.",issuer_delisting,25,2003-10-16,edgar
MER,65100.0,"MERRILL LYNCH & CO., INC.",issuer_delisting,25,2003-01-21,edgar
MER,65100.0,"MERRILL LYNCH & CO., INC.",issuer_delisting,25,2002-12-26,edgar
MER,65100.0,"MERRILL LYNCH & CO., INC.",issuer_delisting,25,2002-12-17,edgar
MER,65100.0,"MERRILL LYNCH & CO., INC.",issuer_delisting,25,2002-10-02,edgar
MER,65100.0,"MERRILL LYNCH & CO., INC.",issuer_delisting,25,2002-09-26,edgar
MER,65100.0,"MERRILL LYNCH & CO., INC.",issuer_delisting,25,2002-09-26,edgar
MER,65100.0,"MERRILL LYNCH & CO., INC.",issuer_delisting,25,2002-09-25,edgar
MER,65100.0,"MERRILL LYNCH & CO., INC.",issuer_delisting,25,2002-08-29,edgar
MER,65100.0,"MERRILL LYNCH & CO., INC.",issuer_delisting,25,2002-08-07,edgar
MER,65100.0,"MERRILL LYNCH & CO., INC.",issuer_delisting,25,2002-07-15,edgar
MER,65100.0,"MERRILL LYNCH & CO., INC.",issuer_delisting,25,2002-06-19,edgar
MER,65100.0,"MERRILL LYNCH & CO., INC.",issuer_delisting,25,2002-03-13,edgar
MER,65100.0,"MERRILL LYNCH & CO., INC.",issuer_delisting,25,2002-02-05,edgar
MER,65100.0,"MERRILL LYNCH & CO., INC.",issuer_delisting,25,2002-01-28,edgar
MER,65100.0,"MERRILL LYNCH & CO., INC.",issuer_delisting,25,2002-01-09,edgar
MER,65100.0,"MERRILL LYNCH & CO., INC.",issuer_delisting,25,2002-01-09,edgar
MER,65100.0,"MERRILL LYNCH & CO., INC.",issuer_delisting,25,2001-12-03,edgar
MERQ,,,no_cik,,,unresolved
MET,1099219.0,METLIFE INC,exchange_delisting,25-NSE,2015-07-01,edgar
MET,1099219.0,METLIFE INC,exchange_delisting,25-NSE,2014-10-08,edgar
MET,1099219.0,METLIFE INC,exchange_delisting,25-NSE,2014-05-07,edgar
MET,1099219.0,METLIFE INC,exchange_delisting,25-NSE,2009-02-17,edgar
MET,1099219.0,METLIFE INC,issuer_delisting,25,2003-05-19,edgar
META,1326801.0,"Meta Platforms, Inc.",still_listed_or_no_event,,,edgar
MGM,789570.0,MGM Resorts International,still_listed_or_no_event,,,edgar
MHK,851968.0,MOHAWK INDUSTRIES INC,exchange_delisting,25-NSE,2021-10-20,edgar
MHK,851968.0,MOHAWK INDUSTRIES INC,exchange_delisting,25-NSE,2021-09-07,edgar
MHK,851968.0,MOHAWK INDUSTRIES INC,exchange_delisting,25-NSE,2020-05-18,edgar
MHK,851968.0,MOHAWK INDUSTRIES INC,exchange_delisting,25-NSE,2019-09-13,edgar
MHS,,,no_cik,,,unresolved
MII,,,no_cik,,,unresolved
MIR,1809987.0,"Mirion Technologies, Inc.",exchange_delisting,25-NSE,2024-05-20,edgar
MIR,1809987.0,"Mirion Technologies, Inc.",exchange_delisting,25-NSE,2021-10-21,edgar
MJN,,,no_cik,,,unresolved
MKC,63754.0,MCCORMICK & CO INC,deregistration_unlisted,15-12G,2011-11-30,edgar
MKG,,,no_cik,,,unresolved
MKTX,1278021.0,MARKETAXESS HOLDINGS INC,still_listed_or_no_event,,,edgar
MLM,916076.0,MARTIN MARIETTA MATERIALS INC,still_listed_or_no_event,,,edgar
MMC,1312206.0,"MMC ENERGY, INC.",deregistration_listed,15-12B,2009-10-27,edgar
MMC,1312206.0,"MMC ENERGY, INC.",issuer_delisting,25,2009-10-06,edgar
MMI,1578732.0,"Marcus & Millichap, Inc.",still_listed_or_no_event,,,edgar
MMM,66740.0,3M CO,exchange_delisting,25-NSE,2023-05-15,edgar
MMM,66740.0,3M CO,exchange_delisting,25-NSE,2022-02-15,edgar
MMM,66740.0,3M CO,exchange_delisting,25-NSE,2020-05-15,edgar
MMM,66740.0,3M CO,exchange_delisting,25-NSE,2018-11-09,edgar
MMM,66740.0,3M CO,issuer_delisting,25,2007-03-21,edgar
MNR,1980088.0,MACH NATURAL RESOURCES LP,still_listed_or_no_event,,,edgar
MNST,865752.0,Monster Beverage Corp,deregistration_unlisted,15-12G,2015-06-22,edgar
MNST,865752.0,Monster Beverage Corp,exchange_delisting,25-NSE,2015-06-12,edgar
MO,764180.0,"ALTRIA GROUP, INC.",exchange_delisting,25-NSE,2025-06-16,edgar
MO,764180.0,"ALTRIA GROUP, INC.",exchange_delisting,25-NSE,2023-02-15,edgar
MO,764180.0,"ALTRIA GROUP, INC.",deregistration_listed,15-12B,2009-11-16,edgar
MOB,1898643.0,Mobilicom Ltd,still_listed_or_no_event,,,edgar
MOH,1179929.0,"MOLINA HEALTHCARE, INC.",still_listed_or_no_event,,,edgar
MOLX,67472.0,MOLEX INC,deregistration_unlisted,15-12G,2013-12-19,edgar
MOLX,67472.0,MOLEX INC,deregistration_unlisted,15-12G,2013-12-19,edgar
MOLX,67472.0,MOLEX INC,exchange_delisting,25-NSE,2013-12-09,edgar
MOLX,67472.0,MOLEX INC,exchange_delisting,25-NSE,2013-12-09,edgar
MOS,1285785.0,MOSAIC CO,exchange_delisting,25-NSE,2006-07-19,edgar
MPC,1510295.0,Marathon Petroleum Corp,still_listed_or_no_event,,,edgar
MPWR,1280452.0,"MONOLITHIC POWER SYSTEMS, INC.",still_listed_or_no_event,,,edgar
MRK,310158.0,"Merck & Co., Inc.",exchange_delisting,25-NSE,2024-11-04,edgar
MRK,310158.0,"Merck & Co., Inc.",exchange_delisting,25-NSE,2021-10-15,edgar
MRK,310158.0,"Merck & Co., Inc.",exchange_delisting,25-NSE,2010-08-13,edgar
MRK,310158.0,"Merck & Co., Inc.",exchange_delisting,25-NSE,2007-09-19,edgar
MRNA,1682852.0,"Moderna, Inc.",still_listed_or_no_event,,,edgar
MRO,920354.0,MRO SOFTWARE INC,deregistration_unlisted,15-12G,2006-10-05,edgar
MRO,920354.0,MRO SOFTWARE INC,exchange_delisting,25-NSE,2006-10-05,edgar
MS,895421.0,MORGAN STANLEY,exchange_delisting,25-NSE,2026-02-23,edgar
MS,895421.0,MORGAN STANLEY,exchange_delisting,25-NSE,2021-06-09,edgar
MS,895421.0,MORGAN STANLEY,exchange_delisting,25-NSE,2020-04-30,edgar
MS,895421.0,MORGAN STANLEY,exchange_delisting,25-NSE,2020-04-30,edgar
MS,895421.0,MORGAN STANLEY,exchange_delisting,25-NSE,2020-03-31,edgar
MS,895421.0,MORGAN STANLEY,exchange_delisting,25-NSE,2020-03-31,edgar
MS,895421.0,MORGAN STANLEY,exchange_delisting,25-NSE,2020-01-15,edgar
MS,895421.0,MORGAN STANLEY,exchange_delisting,25-NSE/A,2019-08-20,edgar
MS,895421.0,MORGAN STANLEY,exchange_delisting,25-NSE,2019-08-06,edgar
MS,895421.0,MORGAN STANLEY,exchange_delisting,25-NSE,2016-08-18,edgar
MS,895421.0,MORGAN STANLEY,exchange_delisting,25-NSE,2016-08-18,edgar
MS,895421.0,MORGAN STANLEY,exchange_delisting,25-NSE,2016-08-18,edgar
MS,895421.0,MORGAN STANLEY,exchange_delisting,25-NSE/A,2015-02-03,edgar
MS,895421.0,MORGAN STANLEY,exchange_delisting,25-NSE,2015-02-03,edgar
MS,895421.0,MORGAN STANLEY,exchange_delisting,25-NSE,2013-08-01,edgar
MS,895421.0,MORGAN STANLEY,exchange_delisting,25-NSE,2012-11-30,edgar
MS,895421.0,MORGAN STANLEY,issuer_delisting,25,2012-01-20,edgar
MS,895421.0,MORGAN STANLEY,exchange_delisting,25-NSE,2011-08-25,edgar
MS,895421.0,MORGAN STANLEY,exchange_delisting,25-NSE,2011-02-14,edgar
MS,895421.0,MORGAN STANLEY,exchange_delisting,25-NSE,2011-02-14,edgar
MS,895421.0,MORGAN STANLEY,exchange_delisting,25-NSE,2011-02-14,edgar
MS,895421.0,MORGAN STANLEY,exchange_delisting,25-NSE,2010-10-18,edgar
MS,895421.0,MORGAN STANLEY,exchange_delisting,25-NSE,2010-09-01,edgar
MS,895421.0,MORGAN STANLEY,exchange_delisting,25-NSE,2010-03-17,edgar
MS,895421.0,MORGAN STANLEY,exchange_delisting,25-NSE,2009-07-09,edgar
MS,895421.0,MORGAN STANLEY,exchange_delisting,25-NSE,2009-03-30,edgar
MS,895421.0,MORGAN STANLEY,exchange_delisting,25-NSE,2009-01-05,edgar
MS,895421.0,MORGAN STANLEY,exchange_delisting,25-NSE,2008-12-30,edgar
MS,895421.0,MORGAN STANLEY,exchange_delisting,25-NSE,2008-12-30,edgar
MS,895421.0,MORGAN STANLEY,exchange_delisting,25-NSE,2008-12-30,edgar
MS,895421.0,MORGAN STANLEY,issuer_delisting,25,2008-11-14,edgar
MS,895421.0,MORGAN STANLEY,issuer_delisting,25,2008-11-03,edgar
MS,895421.0,MORGAN STANLEY,issuer_delisting,25,2008-11-03,edgar
MS,895421.0,MORGAN STANLEY,exchange_delisting,25-NSE,2008-10-20,edgar
MS,895421.0,MORGAN STANLEY,exchange_delisting,25-NSE,2008-10-20,edgar
MS,895421.0,MORGAN STANLEY,exchange_delisting,25-NSE,2008-09-30,edgar
MS,895421.0,MORGAN STANLEY,exchange_delisting,25-NSE,2008-09-23,edgar
MS,895421.0,MORGAN STANLEY,exchange_delisting,25-NSE,2008-09-02,edgar
MS,895421.0,MORGAN STANLEY,exchange_delisting,25-NSE,2008-08-20,edgar
MS,895421.0,MORGAN STANLEY,exchange_delisting,25-NSE,2008-08-20,edgar
MS,895421.0,MORGAN STANLEY,exchange_delisting,25-NSE,2008-07-21,edgar
MS,895421.0,MORGAN STANLEY,exchange_delisting,25-NSE,2008-07-21,edgar
MS,895421.0,MORGAN STANLEY,exchange_delisting,25-NSE,2008-07-09,edgar
MS,895421.0,MORGAN STANLEY,exchange_delisting,25-NSE,2008-06-23,edgar
MS,895421.0,MORGAN STANLEY,exchange_delisting,25-NSE,2008-06-23,edgar
MS,895421.0,MORGAN STANLEY,exchange_delisting,25-NSE,2008-06-23,edgar
MS,895421.0,MORGAN STANLEY,exchange_delisting,25-NSE,2008-06-16,edgar
MS,895421.0,MORGAN STANLEY,exchange_delisting,25-NSE,2008-05-21,edgar
MS,895421.0,MORGAN STANLEY,exchange_delisting,25-NSE,2008-05-12,edgar
MS,895421.0,MORGAN STANLEY,exchange_delisting,25-NSE,2008-05-01,edgar
MS,895421.0,MORGAN STANLEY,exchange_delisting,25-NSE,2008-04-22,edgar
MS,895421.0,MORGAN STANLEY,exchange_delisting,25-NSE,2008-04-22,edgar
MS,895421.0,MORGAN STANLEY,exchange_delisting,25-NSE,2008-04-22,edgar
MS,895421.0,MORGAN STANLEY,exchange_delisting,25-NSE,2008-04-21,edgar
MS,895421.0,MORGAN STANLEY,exchange_delisting,25-NSE,2008-04-21,edgar
MS,895421.0,MORGAN STANLEY,exchange_delisting,25-NSE,2008-03-24,edgar
MS,895421.0,MORGAN STANLEY,exchange_delisting,25-NSE,2008-03-24,edgar
MS,895421.0,MORGAN STANLEY,exchange_delisting,25-NSE,2008-03-24,edgar
MS,895421.0,MORGAN STANLEY,exchange_delisting,25-NSE,2008-03-24,edgar
MS,895421.0,MORGAN STANLEY,exchange_delisting,25-NSE,2008-03-24,edgar
MS,895421.0,MORGAN STANLEY,exchange_delisting,25-NSE,2008-02-21,edgar
MS,895421.0,MORGAN STANLEY,exchange_delisting,25-NSE,2008-02-21,edgar
MS,895421.0,MORGAN STANLEY,exchange_delisting,25-NSE,2008-01-23,edgar
MS,895421.0,MORGAN STANLEY,exchange_delisting,25-NSE,2008-01-22,edgar
MS,895421.0,MORGAN STANLEY,exchange_delisting,25-NSE,2008-01-22,edgar
MS,895421.0,MORGAN STANLEY,exchange_delisting,25-NSE,2008-01-22,edgar
MS,895421.0,MORGAN STANLEY,exchange_delisting,25-NSE,2008-01-22,edgar
MS,895421.0,MORGAN STANLEY,exchange_delisting,25-NSE,2007-12-26,edgar
MS,895421.0,MORGAN STANLEY,exchange_delisting,25-NSE,2007-12-26,edgar
MS,895421.0,MORGAN STANLEY,exchange_delisting,25-NSE,2007-12-26,edgar
MS,895421.0,MORGAN STANLEY,exchange_delisting,25-NSE,2007-12-14,edgar
MS,895421.0,MORGAN STANLEY,exchange_delisting,25-NSE,2007-11-20,edgar
MS,895421.0,MORGAN STANLEY,exchange_delisting,25-NSE,2007-11-20,edgar
MS,895421.0,MORGAN STANLEY,exchange_delisting,25-NSE,2007-11-14,edgar
MS,895421.0,MORGAN STANLEY,exchange_delisting,25-NSE,2007-11-05,edgar
MS,895421.0,MORGAN STANLEY,exchange_delisting,25-NSE,2007-10-22,edgar
MS,895421.0,MORGAN STANLEY,exchange_delisting,25-NSE,2007-10-22,edgar
MS,895421.0,MORGAN STANLEY,exchange_delisting,25-NSE,2007-10-22,edgar
MS,895421.0,MORGAN STANLEY,exchange_delisting,25-NSE,2007-10-09,edgar
MS,895421.0,MORGAN STANLEY,exchange_delisting,25-NSE,2007-09-21,edgar
MS,895421.0,MORGAN STANLEY,exchange_delisting,25-NSE,2007-09-21,edgar
MS,895421.0,MORGAN STANLEY,exchange_delisting,25-NSE,2007-08-21,edgar
MS,895421.0,MORGAN STANLEY,exchange_delisting,25-NSE,2007-08-20,edgar
MS,895421.0,MORGAN STANLEY,exchange_delisting,25-NSE,2007-07-26,edgar
MS,895421.0,MORGAN STANLEY,exchange_delisting,25-NSE,2007-07-20,edgar
MS,895421.0,MORGAN STANLEY,exchange_delisting,25-NSE,2007-06-25,edgar
MS,895421.0,MORGAN STANLEY,exchange_delisting,25-NSE,2007-06-21,edgar
MS,895421.0,MORGAN STANLEY,exchange_delisting,25-NSE,2007-06-21,edgar
MS,895421.0,MORGAN STANLEY,exchange_delisting,25-NSE,2007-05-22,edgar
MS,895421.0,MORGAN STANLEY,exchange_delisting,25-NSE/A,2007-05-21,edgar
MS,895421.0,MORGAN STANLEY,exchange_delisting,25-NSE,2007-05-21,edgar
MS,895421.0,MORGAN STANLEY,exchange_delisting,25-NSE,2007-05-15,edgar
MS,895421.0,MORGAN STANLEY,exchange_delisting,25-NSE,2007-05-15,edgar
MS,895421.0,MORGAN STANLEY,exchange_delisting,25-NSE,2007-05-02,edgar
MS,895421.0,MORGAN STANLEY,exchange_delisting,25-NSE,2007-04-26,edgar
MS,895421.0,MORGAN STANLEY,exchange_delisting,25-NSE,2007-04-25,edgar
MS,895421.0,MORGAN STANLEY,exchange_delisting,25-NSE,2007-04-23,edgar
MS,895421.0,MORGAN STANLEY,exchange_delisting,25-NSE,2007-04-23,edgar
MS,895421.0,MORGAN STANLEY,exchange_delisting,25-NSE,2007-03-22,edgar
MS,895421.0,MORGAN STANLEY,exchange_delisting,25-NSE,2007-03-22,edgar
MS,895421.0,MORGAN STANLEY,exchange_delisting,25-NSE,2007-03-22,edgar
MS,895421.0,MORGAN STANLEY,exchange_delisting,25-NSE,2007-02-21,edgar
MS,895421.0,MORGAN STANLEY,exchange_delisting,25-NSE,2007-02-21,edgar
MS,895421.0,MORGAN STANLEY,exchange_delisting,25-NSE,2007-02-21,edgar
MS,895421.0,MORGAN STANLEY,exchange_delisting,25-NSE,2006-12-04,edgar
MS,895421.0,MORGAN STANLEY,exchange_delisting,25-NSE,2006-12-01,edgar
MS,895421.0,MORGAN STANLEY,exchange_delisting,25-NSE,2006-11-28,edgar
MS,895421.0,MORGAN STANLEY,exchange_delisting,25-NSE,2006-11-17,edgar
MS,895421.0,MORGAN STANLEY,exchange_delisting,25-NSE,2006-11-13,edgar
MS,895421.0,MORGAN STANLEY,exchange_delisting,25-NSE,2006-11-02,edgar
MS,895421.0,MORGAN STANLEY,exchange_delisting,25-NSE,2006-10-31,edgar
MS,895421.0,MORGAN STANLEY,exchange_delisting,25-NSE,2006-10-23,edgar
MS,895421.0,MORGAN STANLEY,exchange_delisting,25-NSE,2006-10-10,edgar
MS,895421.0,MORGAN STANLEY,exchange_delisting,25-NSE,2006-10-10,edgar
MS,895421.0,MORGAN STANLEY,issuer_delisting,25,2006-10-03,edgar
MS,895421.0,MORGAN STANLEY,exchange_delisting,25-NSE,2006-09-08,edgar
MS,895421.0,MORGAN STANLEY,exchange_delisting,25-NSE,2006-09-08,edgar
MS,895421.0,MORGAN STANLEY,exchange_delisting,25-NSE,2006-08-16,edgar
MS,895421.0,MORGAN STANLEY,exchange_delisting,25-NSE,2006-08-10,edgar
MS,895421.0,MORGAN STANLEY,exchange_delisting,25-NSE,2006-08-02,edgar
MS,895421.0,MORGAN STANLEY,exchange_delisting,25-NSE,2006-08-02,edgar
MS,895421.0,MORGAN STANLEY,exchange_delisting,25-NSE,2006-07-31,edgar
MS,895421.0,MORGAN STANLEY,exchange_delisting,25-NSE,2006-07-17,edgar
MS,895421.0,MORGAN STANLEY,exchange_delisting,25-NSE,2006-07-13,edgar
MS,895421.0,MORGAN STANLEY,exchange_delisting,25-NSE,2006-07-03,edgar
MS,895421.0,MORGAN STANLEY,exchange_delisting,25-NSE,2006-07-03,edgar
MS,895421.0,MORGAN STANLEY,exchange_delisting,25-NSE,2006-06-27,edgar
MS,895421.0,MORGAN STANLEY,exchange_delisting,25-NSE,2006-06-06,edgar
MS,895421.0,MORGAN STANLEY,exchange_delisting,25-NSE,2006-06-02,edgar
MS,895421.0,MORGAN STANLEY,exchange_delisting,25-NSE/A,2006-05-08,edgar
MS,895421.0,MORGAN STANLEY,exchange_delisting,25-NSE,2006-05-08,edgar
MS,895421.0,MORGAN STANLEY,exchange_delisting,25-NSE,2006-05-02,edgar
MS,895421.0,MORGAN STANLEY,issuer_delisting,25,2006-03-07,edgar
MS,895421.0,MORGAN STANLEY,issuer_delisting,25,2006-02-28,edgar
MS,895421.0,MORGAN STANLEY,issuer_delisting,25,2006-02-06,edgar
MS,895421.0,MORGAN STANLEY,issuer_delisting,25,2006-02-06,edgar
MS,895421.0,MORGAN STANLEY,issuer_delisting,25,2006-02-06,edgar
MS,895421.0,MORGAN STANLEY,issuer_delisting,25,2006-01-19,edgar
MS,895421.0,MORGAN STANLEY,issuer_delisting,25,2006-01-18,edgar
MS,895421.0,MORGAN STANLEY,issuer_delisting,25,2006-01-18,edgar
MS,895421.0,MORGAN STANLEY,issuer_delisting,25,2006-01-06,edgar
MS,895421.0,MORGAN STANLEY,issuer_delisting,25,2005-12-05,edgar
MS,895421.0,MORGAN STANLEY,issuer_delisting,25,2005-12-05,edgar
MS,895421.0,MORGAN STANLEY,issuer_delisting,25,2005-11-08,edgar
MS,895421.0,MORGAN STANLEY,issuer_delisting,25,2005-11-08,edgar
MS,895421.0,MORGAN STANLEY,issuer_delisting,25,2005-11-01,edgar
MS,895421.0,MORGAN STANLEY,issuer_delisting,25,2005-10-03,edgar
MS,895421.0,MORGAN STANLEY,issuer_delisting,25,2005-09-06,edgar
MS,895421.0,MORGAN STANLEY,issuer_delisting,25,2005-09-06,edgar
MS,895421.0,MORGAN STANLEY,issuer_delisting,25,2005-08-03,edgar
MS,895421.0,MORGAN STANLEY,issuer_delisting,25,2005-07-22,edgar
MS,895421.0,MORGAN STANLEY,issuer_delisting,25,2005-07-22,edgar
MS,895421.0,MORGAN STANLEY,issuer_delisting,25,2005-07-22,edgar
MS,895421.0,MORGAN STANLEY,issuer_delisting,25,2005-07-05,edgar
MS,895421.0,MORGAN STANLEY,issuer_delisting,25,2005-06-20,edgar
MS,895421.0,MORGAN STANLEY,issuer_delisting,25,2005-06-09,edgar
MS,895421.0,MORGAN STANLEY,issuer_delisting,25,2005-06-06,edgar
MS,895421.0,MORGAN STANLEY,issuer_delisting,25,2005-05-25,edgar
MS,895421.0,MORGAN STANLEY,issuer_delisting,25,2005-05-18,edgar
MS,895421.0,MORGAN STANLEY,issuer_delisting,25,2005-05-18,edgar
MS,895421.0,MORGAN STANLEY,issuer_delisting,25,2005-05-18,edgar
MS,895421.0,MORGAN STANLEY,issuer_delisting,25,2005-05-03,edgar
MS,895421.0,MORGAN STANLEY,issuer_delisting,25,2005-04-04,edgar
MS,895421.0,MORGAN STANLEY,issuer_delisting,25,2005-03-07,edgar
MS,895421.0,MORGAN STANLEY,issuer_delisting,25,2005-03-07,edgar
MS,895421.0,MORGAN STANLEY,issuer_delisting,25,2005-02-01,edgar
MS,895421.0,MORGAN STANLEY,issuer_delisting,25,2005-01-31,edgar
MS,895421.0,MORGAN STANLEY,issuer_delisting,25,2005-01-31,edgar
MS,895421.0,MORGAN STANLEY,issuer_delisting,25,2005-01-24,edgar
MS,895421.0,MORGAN STANLEY,issuer_delisting,25,2005-01-03,edgar
MS,895421.0,MORGAN STANLEY,issuer_delisting,25,2004-12-03,edgar
MS,895421.0,MORGAN STANLEY,issuer_delisting,25,2004-12-03,edgar
MS,895421.0,MORGAN STANLEY,issuer_delisting,25,2004-11-09,edgar
MS,895421.0,MORGAN STANLEY,issuer_delisting,25,2004-11-08,edgar
MS,895421.0,MORGAN STANLEY,issuer_delisting,25,2004-10-04,edgar
MS,895421.0,MORGAN STANLEY,issuer_delisting,25,2004-09-27,edgar
MS,895421.0,MORGAN STANLEY,issuer_delisting,25,2004-08-13,edgar
MS,895421.0,MORGAN STANLEY,issuer_delisting,25,2004-08-05,edgar
MS,895421.0,MORGAN STANLEY,issuer_delisting,25,2004-07-23,edgar
MS,895421.0,MORGAN STANLEY,issuer_delisting,25,2004-06-21,edgar
MS,895421.0,MORGAN STANLEY,issuer_delisting,25,2004-05-10,edgar
MS,895421.0,MORGAN STANLEY,issuer_delisting,25,2004-03-08,edgar
MS,895421.0,MORGAN STANLEY,issuer_delisting,25,2004-01-30,edgar
MS,895421.0,MORGAN STANLEY,issuer_delisting,25,2004-01-26,edgar
MS,895421.0,MORGAN STANLEY,issuer_delisting,25,2004-01-07,edgar
MS,895421.0,MORGAN STANLEY,issuer_delisting,25,2003-11-26,edgar
MS,895421.0,MORGAN STANLEY,issuer_delisting,25,2003-11-10,edgar
MS,895421.0,MORGAN STANLEY,issuer_delisting,25,2003-11-03,edgar
MS,895421.0,MORGAN STANLEY,issuer_delisting,25,2003-10-06,edgar
MS,895421.0,MORGAN STANLEY,issuer_delisting,25,2003-09-05,edgar
MS,895421.0,MORGAN STANLEY,issuer_delisting,25,2003-09-05,edgar
MS,895421.0,MORGAN STANLEY,issuer_delisting,25,2003-09-03,edgar
MS,895421.0,MORGAN STANLEY,issuer_delisting,25,2003-09-03,edgar
MS,895421.0,MORGAN STANLEY,issuer_delisting,25,2003-08-19,edgar
MS,895421.0,MORGAN STANLEY,issuer_delisting,25,2003-04-21,edgar
MS,895421.0,MORGAN STANLEY,issuer_delisting,25,2003-03-04,edgar
MS,895421.0,MORGAN STANLEY,issuer_delisting,25,2002-12-16,edgar
MS,895421.0,MORGAN STANLEY,issuer_delisting,25,2002-12-16,edgar
MS,895421.0,MORGAN STANLEY,issuer_delisting,25,2002-12-16,edgar
MS,895421.0,MORGAN STANLEY,issuer_delisting,25,2002-11-04,edgar
MS,895421.0,MORGAN STANLEY,issuer_delisting,25,2002-08-07,edgar
MS,895421.0,MORGAN STANLEY,issuer_delisting,25,2002-08-02,edgar
MS,895421.0,MORGAN STANLEY,issuer_delisting,25,2002-07-11,edgar
MS,895421.0,MORGAN STANLEY,issuer_delisting,25,2002-06-10,edgar
MS,895421.0,MORGAN STANLEY,issuer_delisting,25,2002-06-10,edgar
MS,895421.0,MORGAN STANLEY,issuer_delisting,25,2002-06-10,edgar
MS,895421.0,MORGAN STANLEY,issuer_delisting,25,2002-06-06,edgar
MS,895421.0,MORGAN STANLEY,issuer_delisting,25,2002-06-05,edgar
MS,895421.0,MORGAN STANLEY,issuer_delisting,25,2002-05-14,edgar
MS,895421.0,MORGAN STANLEY,issuer_delisting,25,2002-05-07,edgar
MS,895421.0,MORGAN STANLEY,issuer_delisting,25,2002-05-07,edgar
MS,895421.0,MORGAN STANLEY,issuer_delisting,25,2002-03-26,edgar
MS,895421.0,MORGAN STANLEY,issuer_delisting,25,2002-03-26,edgar
MS,895421.0,MORGAN STANLEY,issuer_delisting,25,2002-01-18,edgar
MS,895421.0,MORGAN STANLEY,deregistration_listed,15-12B,1997-06-03,edgar
MS,895421.0,MORGAN STANLEY,deregistration_listed,15-12B,1997-06-03,edgar
MSCI,1408198.0,MSCI Inc.,still_listed_or_no_event,,,edgar
MSFT,789019.0,MICROSOFT CORP,exchange_delisting,25-NSE,2021-09-03,edgar
MSFT,789019.0,MICROSOFT CORP,issuer_delisting,25,2019-11-08,edgar
MSI,68505.0,"Motorola Solutions, Inc.",issuer_delisting,25,2015-11-30,edgar
MSI,68505.0,"Motorola Solutions, Inc.",exchange_delisting,25-NSE/A,2006-08-02,edgar
MSI,68505.0,"Motorola Solutions, Inc.",exchange_delisting,25-NSE,2006-08-02,edgar
MSI,68505.0,"Motorola Solutions, Inc.",exchange_delisting,25-NSE,2006-08-02,edgar
MSI,68505.0,"Motorola Solutions, Inc.",deregistration_listed,15-12B,2004-11-26,edgar
MSI,68505.0,"Motorola Solutions, Inc.",deregistration_listed,15-12B,2004-11-19,edgar
MSI,68505.0,"Motorola Solutions, Inc.",issuer_delisting,25,2004-11-18,edgar
MSI,68505.0,"Motorola Solutions, Inc.",issuer_delisting,25,2004-04-07,edgar
MST,895421.0,MORGAN STANLEY,exchange_delisting,25-NSE,2026-02-23,edgar
MST,895421.0,MORGAN STANLEY,exchange_delisting,25-NSE,2021-06-09,edgar
MST,895421.0,MORGAN STANLEY,exchange_delisting,25-NSE,2020-04-30,edgar
MST,895421.0,MORGAN STANLEY,exchange_delisting,25-NSE,2020-04-30,edgar
MST,895421.0,MORGAN STANLEY,exchange_delisting,25-NSE,2020-03-31,edgar
MST,895421.0,MORGAN STANLEY,exchange_delisting,25-NSE,2020-03-31,edgar
MST,895421.0,MORGAN STANLEY,exchange_delisting,25-NSE,2020-01-15,edgar
MST,895421.0,MORGAN STANLEY,exchange_delisting,25-NSE/A,2019-08-20,edgar
MST,895421.0,MORGAN STANLEY,exchange_delisting,25-NSE,2019-08-06,edgar
MST,895421.0,MORGAN STANLEY,exchange_delisting,25-NSE,2016-08-18,edgar
MST,895421.0,MORGAN STANLEY,exchange_delisting,25-NSE,2016-08-18,edgar
MST,895421.0,MORGAN STANLEY,exchange_delisting,25-NSE,2016-08-18,edgar
MST,895421.0,MORGAN STANLEY,exchange_delisting,25-NSE/A,2015-02-03,edgar
MST,895421.0,MORGAN STANLEY,exchange_delisting,25-NSE,2015-02-03,edgar
MST,895421.0,MORGAN STANLEY,exchange_delisting,25-NSE,2013-08-01,edgar
MST,895421.0,MORGAN STANLEY,exchange_delisting,25-NSE,2012-11-30,edgar
MST,895421.0,MORGAN STANLEY,issuer_delisting,25,2012-01-20,edgar
MST,895421.0,MORGAN STANLEY,exchange_delisting,25-NSE,2011-08-25,edgar
MST,895421.0,MORGAN STANLEY,exchange_delisting,25-NSE,2011-02-14,edgar
MST,895421.0,MORGAN STANLEY,exchange_delisting,25-NSE,2011-02-14,edgar
MST,895421.0,MORGAN STANLEY,exchange_delisting,25-NSE,2011-02-14,edgar
MST,895421.0,MORGAN STANLEY,exchange_delisting,25-NSE,2010-10-18,edgar
MST,895421.0,MORGAN STANLEY,exchange_delisting,25-NSE,2010-09-01,edgar
MST,895421.0,MORGAN STANLEY,exchange_delisting,25-NSE,2010-03-17,edgar
MST,895421.0,MORGAN STANLEY,exchange_delisting,25-NSE,2009-07-09,edgar
MST,895421.0,MORGAN STANLEY,exchange_delisting,25-NSE,2009-03-30,edgar
MST,895421.0,MORGAN STANLEY,exchange_delisting,25-NSE,2009-01-05,edgar
MST,895421.0,MORGAN STANLEY,exchange_delisting,25-NSE,2008-12-30,edgar
MST,895421.0,MORGAN STANLEY,exchange_delisting,25-NSE,2008-12-30,edgar
MST,895421.0,MORGAN STANLEY,exchange_delisting,25-NSE,2008-12-30,edgar
MST,895421.0,MORGAN STANLEY,issuer_delisting,25,2008-11-14,edgar
MST,895421.0,MORGAN STANLEY,issuer_delisting,25,2008-11-03,edgar
MST,895421.0,MORGAN STANLEY,issuer_delisting,25,2008-11-03,edgar
MST,895421.0,MORGAN STANLEY,exchange_delisting,25-NSE,2008-10-20,edgar
MST,895421.0,MORGAN STANLEY,exchange_delisting,25-NSE,2008-10-20,edgar
MST,895421.0,MORGAN STANLEY,exchange_delisting,25-NSE,2008-09-30,edgar
MST,895421.0,MORGAN STANLEY,exchange_delisting,25-NSE,2008-09-23,edgar
MST,895421.0,MORGAN STANLEY,exchange_delisting,25-NSE,2008-09-02,edgar
MST,895421.0,MORGAN STANLEY,exchange_delisting,25-NSE,2008-08-20,edgar
MST,895421.0,MORGAN STANLEY,exchange_delisting,25-NSE,2008-08-20,edgar
MST,895421.0,MORGAN STANLEY,exchange_delisting,25-NSE,2008-07-21,edgar
MST,895421.0,MORGAN STANLEY,exchange_delisting,25-NSE,2008-07-21,edgar
MST,895421.0,MORGAN STANLEY,exchange_delisting,25-NSE,2008-07-09,edgar
MST,895421.0,MORGAN STANLEY,exchange_delisting,25-NSE,2008-06-23,edgar
MST,895421.0,MORGAN STANLEY,exchange_delisting,25-NSE,2008-06-23,edgar
MST,895421.0,MORGAN STANLEY,exchange_delisting,25-NSE,2008-06-23,edgar
MST,895421.0,MORGAN STANLEY,exchange_delisting,25-NSE,2008-06-16,edgar
MST,895421.0,MORGAN STANLEY,exchange_delisting,25-NSE,2008-05-21,edgar
MST,895421.0,MORGAN STANLEY,exchange_delisting,25-NSE,2008-05-12,edgar
MST,895421.0,MORGAN STANLEY,exchange_delisting,25-NSE,2008-05-01,edgar
MST,895421.0,MORGAN STANLEY,exchange_delisting,25-NSE,2008-04-22,edgar
MST,895421.0,MORGAN STANLEY,exchange_delisting,25-NSE,2008-04-22,edgar
MST,895421.0,MORGAN STANLEY,exchange_delisting,25-NSE,2008-04-22,edgar
MST,895421.0,MORGAN STANLEY,exchange_delisting,25-NSE,2008-04-21,edgar
MST,895421.0,MORGAN STANLEY,exchange_delisting,25-NSE,2008-04-21,edgar
MST,895421.0,MORGAN STANLEY,exchange_delisting,25-NSE,2008-03-24,edgar
MST,895421.0,MORGAN STANLEY,exchange_delisting,25-NSE,2008-03-24,edgar
MST,895421.0,MORGAN STANLEY,exchange_delisting,25-NSE,2008-03-24,edgar
MST,895421.0,MORGAN STANLEY,exchange_delisting,25-NSE,2008-03-24,edgar
MST,895421.0,MORGAN STANLEY,exchange_delisting,25-NSE,2008-03-24,edgar
MST,895421.0,MORGAN STANLEY,exchange_delisting,25-NSE,2008-02-21,edgar
MST,895421.0,MORGAN STANLEY,exchange_delisting,25-NSE,2008-02-21,edgar
MST,895421.0,MORGAN STANLEY,exchange_delisting,25-NSE,2008-01-23,edgar
MST,895421.0,MORGAN STANLEY,exchange_delisting,25-NSE,2008-01-22,edgar
MST,895421.0,MORGAN STANLEY,exchange_delisting,25-NSE,2008-01-22,edgar
MST,895421.0,MORGAN STANLEY,exchange_delisting,25-NSE,2008-01-22,edgar
MST,895421.0,MORGAN STANLEY,exchange_delisting,25-NSE,2008-01-22,edgar
MST,895421.0,MORGAN STANLEY,exchange_delisting,25-NSE,2007-12-26,edgar
MST,895421.0,MORGAN STANLEY,exchange_delisting,25-NSE,2007-12-26,edgar
MST,895421.0,MORGAN STANLEY,exchange_delisting,25-NSE,2007-12-26,edgar
MST,895421.0,MORGAN STANLEY,exchange_delisting,25-NSE,2007-12-14,edgar
MST,895421.0,MORGAN STANLEY,exchange_delisting,25-NSE,2007-11-20,edgar
MST,895421.0,MORGAN STANLEY,exchange_delisting,25-NSE,2007-11-20,edgar
MST,895421.0,MORGAN STANLEY,exchange_delisting,25-NSE,2007-11-14,edgar
MST,895421.0,MORGAN STANLEY,exchange_delisting,25-NSE,2007-11-05,edgar
MST,895421.0,MORGAN STANLEY,exchange_delisting,25-NSE,2007-10-22,edgar
MST,895421.0,MORGAN STANLEY,exchange_delisting,25-NSE,2007-10-22,edgar
MST,895421.0,MORGAN STANLEY,exchange_delisting,25-NSE,2007-10-22,edgar
MST,895421.0,MORGAN STANLEY,exchange_delisting,25-NSE,2007-10-09,edgar
MST,895421.0,MORGAN STANLEY,exchange_delisting,25-NSE,2007-09-21,edgar
MST,895421.0,MORGAN STANLEY,exchange_delisting,25-NSE,2007-09-21,edgar
MST,895421.0,MORGAN STANLEY,exchange_delisting,25-NSE,2007-08-21,edgar
MST,895421.0,MORGAN STANLEY,exchange_delisting,25-NSE,2007-08-20,edgar
MST,895421.0,MORGAN STANLEY,exchange_delisting,25-NSE,2007-07-26,edgar
MST,895421.0,MORGAN STANLEY,exchange_delisting,25-NSE,2007-07-20,edgar
MST,895421.0,MORGAN STANLEY,exchange_delisting,25-NSE,2007-06-25,edgar
MST,895421.0,MORGAN STANLEY,exchange_delisting,25-NSE,2007-06-21,edgar
MST,895421.0,MORGAN STANLEY,exchange_delisting,25-NSE,2007-06-21,edgar
MST,895421.0,MORGAN STANLEY,exchange_delisting,25-NSE,2007-05-22,edgar
MST,895421.0,MORGAN STANLEY,exchange_delisting,25-NSE/A,2007-05-21,edgar
MST,895421.0,MORGAN STANLEY,exchange_delisting,25-NSE,2007-05-21,edgar
MST,895421.0,MORGAN STANLEY,exchange_delisting,25-NSE,2007-05-15,edgar
MST,895421.0,MORGAN STANLEY,exchange_delisting,25-NSE,2007-05-15,edgar
MST,895421.0,MORGAN STANLEY,exchange_delisting,25-NSE,2007-05-02,edgar
MST,895421.0,MORGAN STANLEY,exchange_delisting,25-NSE,2007-04-26,edgar
MST,895421.0,MORGAN STANLEY,exchange_delisting,25-NSE,2007-04-25,edgar
MST,895421.0,MORGAN STANLEY,exchange_delisting,25-NSE,2007-04-23,edgar
MST,895421.0,MORGAN STANLEY,exchange_delisting,25-NSE,2007-04-23,edgar
MST,895421.0,MORGAN STANLEY,exchange_delisting,25-NSE,2007-03-22,edgar
MST,895421.0,MORGAN STANLEY,exchange_delisting,25-NSE,2007-03-22,edgar
MST,895421.0,MORGAN STANLEY,exchange_delisting,25-NSE,2007-03-22,edgar
MST,895421.0,MORGAN STANLEY,exchange_delisting,25-NSE,2007-02-21,edgar
MST,895421.0,MORGAN STANLEY,exchange_delisting,25-NSE,2007-02-21,edgar
MST,895421.0,MORGAN STANLEY,exchange_delisting,25-NSE,2007-02-21,edgar
MST,895421.0,MORGAN STANLEY,exchange_delisting,25-NSE,2006-12-04,edgar
MST,895421.0,MORGAN STANLEY,exchange_delisting,25-NSE,2006-12-01,edgar
MST,895421.0,MORGAN STANLEY,exchange_delisting,25-NSE,2006-11-28,edgar
MST,895421.0,MORGAN STANLEY,exchange_delisting,25-NSE,2006-11-17,edgar
MST,895421.0,MORGAN STANLEY,exchange_delisting,25-NSE,2006-11-13,edgar
MST,895421.0,MORGAN STANLEY,exchange_delisting,25-NSE,2006-11-02,edgar
MST,895421.0,MORGAN STANLEY,exchange_delisting,25-NSE,2006-10-31,edgar
MST,895421.0,MORGAN STANLEY,exchange_delisting,25-NSE,2006-10-23,edgar
MST,895421.0,MORGAN STANLEY,exchange_delisting,25-NSE,2006-10-10,edgar
MST,895421.0,MORGAN STANLEY,exchange_delisting,25-NSE,2006-10-10,edgar
MST,895421.0,MORGAN STANLEY,issuer_delisting,25,2006-10-03,edgar
MST,895421.0,MORGAN STANLEY,exchange_delisting,25-NSE,2006-09-08,edgar
MST,895421.0,MORGAN STANLEY,exchange_delisting,25-NSE,2006-09-08,edgar
MST,895421.0,MORGAN STANLEY,exchange_delisting,25-NSE,2006-08-16,edgar
MST,895421.0,MORGAN STANLEY,exchange_delisting,25-NSE,2006-08-10,edgar
MST,895421.0,MORGAN STANLEY,exchange_delisting,25-NSE,2006-08-02,edgar
MST,895421.0,MORGAN STANLEY,exchange_delisting,25-NSE,2006-08-02,edgar
MST,895421.0,MORGAN STANLEY,exchange_delisting,25-NSE,2006-07-31,edgar
MST,895421.0,MORGAN STANLEY,exchange_delisting,25-NSE,2006-07-17,edgar
MST,895421.0,MORGAN STANLEY,exchange_delisting,25-NSE,2006-07-13,edgar
MST,895421.0,MORGAN STANLEY,exchange_delisting,25-NSE,2006-07-03,edgar
MST,895421.0,MORGAN STANLEY,exchange_delisting,25-NSE,2006-07-03,edgar
MST,895421.0,MORGAN STANLEY,exchange_delisting,25-NSE,2006-06-27,edgar
MST,895421.0,MORGAN STANLEY,exchange_delisting,25-NSE,2006-06-06,edgar
MST,895421.0,MORGAN STANLEY,exchange_delisting,25-NSE,2006-06-02,edgar
MST,895421.0,MORGAN STANLEY,exchange_delisting,25-NSE/A,2006-05-08,edgar
MST,895421.0,MORGAN STANLEY,exchange_delisting,25-NSE,2006-05-08,edgar
MST,895421.0,MORGAN STANLEY,exchange_delisting,25-NSE,2006-05-02,edgar
MST,895421.0,MORGAN STANLEY,issuer_delisting,25,2006-03-07,edgar
MST,895421.0,MORGAN STANLEY,issuer_delisting,25,2006-02-28,edgar
MST,895421.0,MORGAN STANLEY,issuer_delisting,25,2006-02-06,edgar
MST,895421.0,MORGAN STANLEY,issuer_delisting,25,2006-02-06,edgar
MST,895421.0,MORGAN STANLEY,issuer_delisting,25,2006-02-06,edgar
MST,895421.0,MORGAN STANLEY,issuer_delisting,25,2006-01-19,edgar
MST,895421.0,MORGAN STANLEY,issuer_delisting,25,2006-01-18,edgar
MST,895421.0,MORGAN STANLEY,issuer_delisting,25,2006-01-18,edgar
MST,895421.0,MORGAN STANLEY,issuer_delisting,25,2006-01-06,edgar
MST,895421.0,MORGAN STANLEY,issuer_delisting,25,2005-12-05,edgar
MST,895421.0,MORGAN STANLEY,issuer_delisting,25,2005-12-05,edgar
MST,895421.0,MORGAN STANLEY,issuer_delisting,25,2005-11-08,edgar
MST,895421.0,MORGAN STANLEY,issuer_delisting,25,2005-11-08,edgar
MST,895421.0,MORGAN STANLEY,issuer_delisting,25,2005-11-01,edgar
MST,895421.0,MORGAN STANLEY,issuer_delisting,25,2005-10-03,edgar
MST,895421.0,MORGAN STANLEY,issuer_delisting,25,2005-09-06,edgar
MST,895421.0,MORGAN STANLEY,issuer_delisting,25,2005-09-06,edgar
MST,895421.0,MORGAN STANLEY,issuer_delisting,25,2005-08-03,edgar
MST,895421.0,MORGAN STANLEY,issuer_delisting,25,2005-07-22,edgar
MST,895421.0,MORGAN STANLEY,issuer_delisting,25,2005-07-22,edgar
MST,895421.0,MORGAN STANLEY,issuer_delisting,25,2005-07-22,edgar
MST,895421.0,MORGAN STANLEY,issuer_delisting,25,2005-07-05,edgar
MST,895421.0,MORGAN STANLEY,issuer_delisting,25,2005-06-20,edgar
MST,895421.0,MORGAN STANLEY,issuer_delisting,25,2005-06-09,edgar
MST,895421.0,MORGAN STANLEY,issuer_delisting,25,2005-06-06,edgar
MST,895421.0,MORGAN STANLEY,issuer_delisting,25,2005-05-25,edgar
MST,895421.0,MORGAN STANLEY,issuer_delisting,25,2005-05-18,edgar
MST,895421.0,MORGAN STANLEY,issuer_delisting,25,2005-05-18,edgar
MST,895421.0,MORGAN STANLEY,issuer_delisting,25,2005-05-18,edgar
MST,895421.0,MORGAN STANLEY,issuer_delisting,25,2005-05-03,edgar
MST,895421.0,MORGAN STANLEY,issuer_delisting,25,2005-04-04,edgar
MST,895421.0,MORGAN STANLEY,issuer_delisting,25,2005-03-07,edgar
MST,895421.0,MORGAN STANLEY,issuer_delisting,25,2005-03-07,edgar
MST,895421.0,MORGAN STANLEY,issuer_delisting,25,2005-02-01,edgar
MST,895421.0,MORGAN STANLEY,issuer_delisting,25,2005-01-31,edgar
MST,895421.0,MORGAN STANLEY,issuer_delisting,25,2005-01-31,edgar
MST,895421.0,MORGAN STANLEY,issuer_delisting,25,2005-01-24,edgar
MST,895421.0,MORGAN STANLEY,issuer_delisting,25,2005-01-03,edgar
MST,895421.0,MORGAN STANLEY,issuer_delisting,25,2004-12-03,edgar
MST,895421.0,MORGAN STANLEY,issuer_delisting,25,2004-12-03,edgar
MST,895421.0,MORGAN STANLEY,issuer_delisting,25,2004-11-09,edgar
MST,895421.0,MORGAN STANLEY,issuer_delisting,25,2004-11-08,edgar
MST,895421.0,MORGAN STANLEY,issuer_delisting,25,2004-10-04,edgar
MST,895421.0,MORGAN STANLEY,issuer_delisting,25,2004-09-27,edgar
MST,895421.0,MORGAN STANLEY,issuer_delisting,25,2004-08-13,edgar
MST,895421.0,MORGAN STANLEY,issuer_delisting,25,2004-08-05,edgar
MST,895421.0,MORGAN STANLEY,issuer_delisting,25,2004-07-23,edgar
MST,895421.0,MORGAN STANLEY,issuer_delisting,25,2004-06-21,edgar
MST,895421.0,MORGAN STANLEY,issuer_delisting,25,2004-05-10,edgar
MST,895421.0,MORGAN STANLEY,issuer_delisting,25,2004-03-08,edgar
MST,895421.0,MORGAN STANLEY,issuer_delisting,25,2004-01-30,edgar
MST,895421.0,MORGAN STANLEY,issuer_delisting,25,2004-01-26,edgar
MST,895421.0,MORGAN STANLEY,issuer_delisting,25,2004-01-07,edgar
MST,895421.0,MORGAN STANLEY,issuer_delisting,25,2003-11-26,edgar
MST,895421.0,MORGAN STANLEY,issuer_delisting,25,2003-11-10,edgar
MST,895421.0,MORGAN STANLEY,issuer_delisting,25,2003-11-03,edgar
MST,895421.0,MORGAN STANLEY,issuer_delisting,25,2003-10-06,edgar
MST,895421.0,MORGAN STANLEY,issuer_delisting,25,2003-09-05,edgar
MST,895421.0,MORGAN STANLEY,issuer_delisting,25,2003-09-05,edgar
MST,895421.0,MORGAN STANLEY,issuer_delisting,25,2003-09-03,edgar
MST,895421.0,MORGAN STANLEY,issuer_delisting,25,2003-09-03,edgar
MST,895421.0,MORGAN STANLEY,issuer_delisting,25,2003-08-19,edgar
MST,895421.0,MORGAN STANLEY,issuer_delisting,25,2003-04-21,edgar
MST,895421.0,MORGAN STANLEY,issuer_delisting,25,2003-03-04,edgar
MST,895421.0,MORGAN STANLEY,issuer_delisting,25,2002-12-16,edgar
MST,895421.0,MORGAN STANLEY,issuer_delisting,25,2002-12-16,edgar
MST,895421.0,MORGAN STANLEY,issuer_delisting,25,2002-12-16,edgar
MST,895421.0,MORGAN STANLEY,issuer_delisting,25,2002-11-04,edgar
MST,895421.0,MORGAN STANLEY,issuer_delisting,25,2002-08-07,edgar
MST,895421.0,MORGAN STANLEY,issuer_delisting,25,2002-08-02,edgar
MST,895421.0,MORGAN STANLEY,issuer_delisting,25,2002-07-11,edgar
MST,895421.0,MORGAN STANLEY,issuer_delisting,25,2002-06-10,edgar
MST,895421.0,MORGAN STANLEY,issuer_delisting,25,2002-06-10,edgar
MST,895421.0,MORGAN STANLEY,issuer_delisting,25,2002-06-10,edgar
MST,895421.0,MORGAN STANLEY,issuer_delisting,25,2002-06-06,edgar
MST,895421.0,MORGAN STANLEY,issuer_delisting,25,2002-06-05,edgar
MST,895421.0,MORGAN STANLEY,issuer_delisting,25,2002-05-14,edgar
MST,895421.0,MORGAN STANLEY,issuer_delisting,25,2002-05-07,edgar
MST,895421.0,MORGAN STANLEY,issuer_delisting,25,2002-05-07,edgar
MST,895421.0,MORGAN STANLEY,issuer_delisting,25,2002-03-26,edgar
MST,895421.0,MORGAN STANLEY,issuer_delisting,25,2002-03-26,edgar
MST,895421.0,MORGAN STANLEY,issuer_delisting,25,2002-01-18,edgar
MST,895421.0,MORGAN STANLEY,deregistration_listed,15-12B,1997-06-03,edgar
MST,895421.0,MORGAN STANLEY,deregistration_listed,15-12B,1997-06-03,edgar
MTB,36270.0,M&T BANK CORP,exchange_delisting,25-NSE,2019-08-30,edgar
MTB,36270.0,M&T BANK CORP,exchange_delisting,25-NSE,2019-08-30,edgar
MTB,36270.0,M&T BANK CORP,exchange_delisting,25-NSE,2018-12-20,edgar
MTCH,891103.0,"Match Group, Inc.",deregistration_listed,15-12B,2020-07-10,edgar
MTCH,891103.0,"Match Group, Inc.",exchange_delisting,25-NSE,2020-06-30,edgar
MTCH,891103.0,"Match Group, Inc.",exchange_delisting,25-NSE,2009-02-04,edgar
MTD,1037646.0,METTLER TOLEDO INTERNATIONAL INC/,still_listed_or_no_event,,,edgar
MTG,876437.0,MGIC INVESTMENT CORP,exchange_delisting,25-NSE,2020-12-07,edgar
MTG,876437.0,MGIC INVESTMENT CORP,deregistration_listed,15-12B,2011-11-14,edgar
MTL,,,no_cik,,,unresolved
MTLQQ,,,no_cik,,,unresolved
MTW,61986.0,MANITOWOC CO INC,exchange_delisting,25-NSE,2017-02-27,edgar
MTW,61986.0,MANITOWOC CO INC,exchange_delisting,25-NSE,2007-03-16,edgar
MU,723125.0,MICRON TECHNOLOGY INC,deregistration_unlisted,15-12G,2019-08-15,edgar
MU,723125.0,MICRON TECHNOLOGY INC,issuer_delisting,25,2019-08-05,edgar
MU,723125.0,MICRON TECHNOLOGY INC,issuer_delisting,25,2009-12-29,edgar
MUR,717423.0,MURPHY OIL CORP,still_listed_or_no_event,,,edgar
MWI,1323974.0,"MWI Veterinary Supply, Inc.",deregistration_unlisted,15-12G,2015-03-06,edgar
MWI,1323974.0,"MWI Veterinary Supply, Inc.",exchange_delisting,25-NSE,2015-02-24,edgar
MWV,,,no_cik,,,unresolved
MWW,,,no_cik,,,unresolved
MXIM,,,no_cik,,,unresolved
MYG,,,no_cik,,,unresolved
MYL,1623613.0,Mylan II B.V.,exchange_delisting,25-NSE,2020-11-16,edgar
MZIAQ,,,no_cik,,,unresolved
NAE,,,no_cik,,,unresolved
NAV,1683471.0,Listed Funds Trust,issuer_delisting,25,2025-09-26,edgar
NAV,1683471.0,Listed Funds Trust,exchange_delisting,25-NSE,2025-09-16,edgar
NAV,1683471.0,Listed Funds Trust,exchange_delisting,25-NSE,2025-09-04,edgar
NAV,1683471.0,Listed Funds Trust,exchange_delisting,25-NSE,2025-08-13,edgar
NAV,1683471.0,Listed Funds Trust,exchange_delisting,25-NSE,2025-07-01,edgar
NAV,1683471.0,Listed Funds Trust,exchange_delisting,25-NSE,2025-06-16,edgar
NAV,1683471.0,Listed Funds Trust,issuer_delisting,25,2025-01-28,edgar
NAV,1683471.0,Listed Funds Trust,exchange_delisting,25-NSE,2025-01-21,edgar
NAV,1683471.0,Listed Funds Trust,issuer_delisting,25,2024-12-13,edgar
NAV,1683471.0,Listed Funds Trust,exchange_delisting,25-NSE,2024-11-29,edgar
NAV,1683471.0,Listed Funds Trust,exchange_delisting,25-NSE,2024-11-27,edgar
NAV,1683471.0,Listed Funds Trust,issuer_delisting,25,2024-11-19,edgar
NAV,1683471.0,Listed Funds Trust,exchange_delisting,25-NSE,2024-09-13,edgar
NAV,1683471.0,Listed Funds Trust,exchange_delisting,25-NSE,2024-06-06,edgar
NAV,1683471.0,Listed Funds Trust,exchange_delisting,25-NSE,2024-05-09,edgar
NAV,1683471.0,Listed Funds Trust,exchange_delisting,25-NSE,2023-12-27,edgar
NAV,1683471.0,Listed Funds Trust,exchange_delisting,25-NSE,2023-12-14,edgar
NAV,1683471.0,Listed Funds Trust,exchange_delisting,25-NSE,2023-12-13,edgar
NAV,1683471.0,Listed Funds Trust,exchange_delisting,25-NSE,2023-11-28,edgar
NAV,1683471.0,Listed Funds Trust,issuer_delisting,25,2023-11-24,edgar
NAV,1683471.0,Listed Funds Trust,exchange_delisting,25-NSE,2023-08-28,edgar
NAV,1683471.0,Listed Funds Trust,exchange_delisting,25-NSE,2023-07-31,edgar
NAV,1683471.0,Listed Funds Trust,exchange_delisting,25-NSE,2023-05-24,edgar
NAV,1683471.0,Listed Funds Trust,exchange_delisting,25-NSE,2023-05-24,edgar
NAV,1683471.0,Listed Funds Trust,exchange_delisting,25-NSE,2023-04-12,edgar
NAV,1683471.0,Listed Funds Trust,issuer_delisting,25,2023-03-23,edgar
NAV,1683471.0,Listed Funds Trust,issuer_delisting,25,2022-12-27,edgar
NAV,1683471.0,Listed Funds Trust,issuer_delisting,25,2022-12-27,edgar
NAV,1683471.0,Listed Funds Trust,exchange_delisting,25-NSE,2022-10-17,edgar
NAV,1683471.0,Listed Funds Trust,exchange_delisting,25-NSE,2022-08-18,edgar
NAV,1683471.0,Listed Funds Trust,exchange_delisting,25-NSE,2022-04-08,edgar
NAV,1683471.0,Listed Funds Trust,exchange_delisting,25-NSE,2022-04-08,edgar
NAV,1683471.0,Listed Funds Trust,exchange_delisting,25-NSE,2022-02-08,edgar
NAV,1683471.0,Listed Funds Trust,exchange_delisting,25-NSE,2020-09-08,edgar
NAV,1683471.0,Listed Funds Trust,exchange_delisting,25-NSE,2020-05-13,edgar
NAV,1683471.0,Listed Funds Trust,exchange_delisting,25-NSE,2019-12-17,edgar
NAV,1683471.0,Listed Funds Trust,exchange_delisting,25-NSE,2019-12-17,edgar
NAV,1683471.0,Listed Funds Trust,exchange_delisting,25-NSE,2019-12-17,edgar
NAV,1683471.0,Listed Funds Trust,exchange_delisting,25-NSE,2018-05-01,edgar
NAVI,1593538.0,NAVIENT CORP,exchange_delisting,25-NSE,2018-01-12,edgar
NAVI,1593538.0,NAVIENT CORP,exchange_delisting,25-NSE,2017-03-14,edgar
NBL,72207.0,NOBLE ENERGY INC,deregistration_listed,15-12B,2020-10-15,edgar
NBL,72207.0,NOBLE ENERGY INC,exchange_delisting,25-NSE,2020-10-05,edgar
NBL,72207.0,NOBLE ENERGY INC,issuer_delisting,25,2019-12-27,edgar
NBR,1163739.0,NABORS INDUSTRIES LTD,exchange_delisting,25-NSE,2021-05-03,edgar
NC,789933.0,NACCO INDUSTRIES INC,still_listed_or_no_event,,,edgar
NCC,,,no_cik,,,unresolved
NCE,,,no_cik,,,unresolved
NCLH,1513761.0,Norwegian Cruise Line Holdings Ltd.,issuer_delisting,25,2017-12-18,edgar
NCR,,,no_cik,,,unresolved
NDAQ,1120193.0,"NASDAQ, INC.",exchange_delisting,25-NSE,2021-09-01,edgar
NDAQ,1120193.0,"NASDAQ, INC.",exchange_delisting,25-NSE,2020-04-21,edgar
NDSN,72331.0,NORDSON CORP,still_listed_or_no_event,,,edgar
NEE,753308.0,NEXTERA ENERGY INC,exchange_delisting,25-NSE,2025-09-02,edgar
NEE,753308.0,NEXTERA ENERGY INC,exchange_delisting,25-NSE,2023-09-01,edgar
NEE,753308.0,NEXTERA ENERGY INC,exchange_delisting,25-NSE,2023-03-01,edgar
NEE,753308.0,NEXTERA ENERGY INC,exchange_delisting,25-NSE,2022-09-01,edgar
NEE,753308.0,NEXTERA ENERGY INC,exchange_delisting,25-NSE,2019-09-03,edgar
NEE,753308.0,NEXTERA ENERGY INC,exchange_delisting,25-NSE,2018-09-04,edgar
NEE,753308.0,NEXTERA ENERGY INC,exchange_delisting,25-NSE,2016-09-01,edgar
NEE,753308.0,NEXTERA ENERGY INC,exchange_delisting,25-NSE,2015-09-01,edgar
NEE,753308.0,NEXTERA ENERGY INC,exchange_delisting,25-NSE,2006-07-12,edgar
NEE,753308.0,NEXTERA ENERGY INC,issuer_delisting,25,2006-02-23,edgar
NEE,753308.0,NEXTERA ENERGY INC,issuer_delisting,25,2005-02-23,edgar
NEM,1164727.0,NEWMONT Corp /DE/,deregistration_listed,15-12B,2018-09-21,edgar
NEM,1164727.0,NEWMONT Corp /DE/,deregistration_listed,15-12B,2018-09-21,edgar
NEM,1164727.0,NEWMONT Corp /DE/,issuer_delisting,25,2002-05-17,edgar
NEM,1164727.0,NEWMONT Corp /DE/,issuer_delisting,25,2002-02-26,edgar
NFB,,,no_cik,,,unresolved
NFLX,1065280.0,NETFLIX INC,deregistration_listed,15-12B,2014-01-27,edgar
NFLX,1065280.0,NETFLIX INC,exchange_delisting,25-NSE,2013-12-30,edgar
NFX,,,no_cik,,,unresolved
NGH,,,no_cik,,,unresolved
NI,1111711.0,NISOURCE INC.,exchange_delisting,25-NSE,2024-03-15,edgar
NI,1111711.0,NISOURCE INC.,exchange_delisting,25-NSE,2023-12-01,edgar
NI,1111711.0,NISOURCE INC.,deregistration_listed,15-12B,2020-03-27,edgar
NI,1111711.0,NISOURCE INC.,exchange_delisting,25-NSE,2006-12-21,edgar
NI,1111711.0,NISOURCE INC.,issuer_delisting,25,2004-11-04,edgar
NI,1111711.0,NISOURCE INC.,issuer_delisting,25,2003-02-24,edgar
NI,1111711.0,NISOURCE INC.,deregistration_listed,15-12B,2003-02-24,edgar
NKE,320187.0,"NIKE, Inc.",still_listed_or_no_event,,,edgar
NKTR,906709.0,NEKTAR THERAPEUTICS,still_listed_or_no_event,,,edgar
NLC,,,no_cik,,,unresolved
NLOK,,,no_cik,,,unresolved
NLSN,,,no_cik,,,unresolved
NLV,,,no_cik,,,unresolved
NMK,71932.0,NIAGARA MOHAWK POWER CORP /NY/,deregistration_unlisted,15-12G,2024-01-03,edgar
NMK,71932.0,NIAGARA MOHAWK POWER CORP /NY/,issuer_delisting,25,2023-12-21,edgar
NMK,71932.0,NIAGARA MOHAWK POWER CORP /NY/,issuer_delisting,25,2002-03-08,edgar
NMK,71932.0,NIAGARA MOHAWK POWER CORP /NY/,issuer_delisting,25,2002-03-06,edgar
NMK,71932.0,NIAGARA MOHAWK POWER CORP /NY/,deregistration_listed,15-12B,1999-03-23,edgar
NOC,1133421.0,NORTHROP GRUMMAN CORP /DE/,exchange_delisting,25-NSE,2008-04-07,edgar
NOC,1133421.0,NORTHROP GRUMMAN CORP /DE/,issuer_delisting,25,2004-11-18,edgar
NOV,1021860.0,NOV Inc.,still_listed_or_no_event,,,edgar
NOVL,758004.0,NOVELL INC,deregistration_unlisted,15-12G,2011-05-09,edgar
NOVL,758004.0,NOVELL INC,exchange_delisting,25-NSE,2011-04-27,edgar
NOVL,758004.0,NOVELL INC,deregistration_unlisted,15-12G,2007-05-10,edgar
NOW,1373715.0,"ServiceNow, Inc.",still_listed_or_no_event,,,edgar
NRG,1013871.0,"NRG ENERGY, INC.",bankruptcy,8-K,2017-12-18,edgar
NRG,1013871.0,"NRG ENERGY, INC.",bankruptcy,8-K,2017-06-14,edgar
NRG,1013871.0,"NRG ENERGY, INC.",exchange_delisting,25-NSE,2009-04-08,edgar
NRG,1013871.0,"NRG ENERGY, INC.",deregistration_listed,15-12B,2004-01-21,edgar
NRG,1013871.0,"NRG ENERGY, INC.",deregistration_unlisted,15-12G,2002-07-11,edgar
NRG,1013871.0,"NRG ENERGY, INC.",issuer_delisting,25,2002-06-07,edgar
NRTLQ,,,no_cik,,,unresolved
NSC,702165.0,NORFOLK SOUTHERN CORP,issuer_delisting,25,2017-12-18,edgar
NSC,702165.0,NORFOLK SOUTHERN CORP,issuer_delisting,25,2002-12-05,edgar
NSC,702165.0,NORFOLK SOUTHERN CORP,deregistration_listed,15-12B,2002-11-26,edgar
NSI,,,no_cik,,,unresolved
NTAP,1002047.0,"NetApp, Inc.",still_listed_or_no_event,,,edgar
NTRS,73124.0,NORTHERN TRUST CORP,exchange_delisting,25-NSE,2019-12-31,edgar
NTRS,73124.0,NORTHERN TRUST CORP,deregistration_unlisted,15-12G,1996-02-29,edgar
NUE,73309.0,NUCOR CORP,still_listed_or_no_event,,,edgar
NVDA,1045810.0,NVIDIA CORP,still_listed_or_no_event,,,edgar
NVR,906163.0,NVR INC,exchange_delisting,25-NSE,2010-06-15,edgar
NVR,906163.0,NVR INC,issuer_delisting,25,2007-12-31,edgar
NVR,906163.0,NVR INC,issuer_delisting,25,2003-07-21,edgar
NWL,814453.0,NEWELL BRANDS INC.,issuer_delisting,25,2018-12-10,edgar
NWL,814453.0,NEWELL BRANDS INC.,issuer_delisting,25,2013-08-19,edgar
NWL,814453.0,NEWELL BRANDS INC.,deregistration_listed,15-12B,2011-01-25,edgar
NWL,814453.0,NEWELL BRANDS INC.,exchange_delisting,25-NSE,2006-12-06,edgar
NWS,1564708.0,NEWS CORP,still_listed_or_no_event,,,edgar
NWSA,1564708.0,NEWS CORP,still_listed_or_no_event,,,edgar
NXPI,1413447.0,NXP Semiconductors N.V.,still_listed_or_no_event,,,edgar
